CODIGO	ALUNO	TITULO	
SB0374	VITORIA STEFANY DE MOURA	MANEJO DE IRRIGAÇÃO SALINA COM ADIÇÃO DE ÁCIDOS HÚMICOS NO CULTIVO DA Brassica oleracea
SB0635	VANESSA DE AZEVEDO SOARES	Avaliações fisiológicas em plantas de rabanete (Raphanus sativus L.) submetidas ao déficit hídrico e a aplicação de ácido salicílico
SB0922	JOSINALDO FLORÊNCIO DA SILVA FILHO	ESTABELECIMENTO DO PROTOCOLO DE CRIAÇÃO MASSAL BLATTODEA EM CATIVEIRO
SB0491	MARIA DAS GRAÇAS DOS SANTOS	FENOLOGIA DE DUAS ESPÉCIES ARBÓREAS NO SEMIÁRIDO PARAÍBANO
SB0789	ANA CLARA ALMEIDA FELIX	ATMOSFERA MODIFICADA NO CONTROLE ALTERNATIVO DE Callosobruchus maculatus (FABR.) (COLEOPTERA: BRUCHIDAE) E NA VIABILIDADE DE SEMENTES DE FEIJÃO CAUPI Vigna unguiculata (L.) WALP.
SB0496	JANISIA RAYANE BATISTA DA SILVA	CINÉTCA DE DECOMPOSIÇÃO DA MATÉRIA ORGÂNICA VEGETAL EM SISTEMAS DE USO E MANEJO DO SOLO
SB0639	ESTEPHANNI FERNANDA OLIVEIRA DANTAS	Avaliações morfológicas e de crescimento em plantas de rabanete (Raphanus sativus L.) submetidas ao déficit hídrico e a aplicação de ácido salicílico
SB0500	ANDERSON MATIAS FRAGOSO	CINÉTICA DE LIBERAÇÃO DE CO2 EDÁFICO EM SISTEMAS DE USO E MANEJO DO SOLO
SB0510	CLAUDIA MARQUES DE ARAUJO	FITOSSOCIOLOGIA DA VEGETAÇÃO EM SISTEMAS DE USO E MANEJO DO SOLO
SB0398	FRANCISCO EXPEDITO DA SILVA	DIVERSIDADE ENTOMOLÓGICA EM DIFERENTES SISTEMAS DE PRODUÇÃO AGRÍCOLAS
SB0706	ZENAIDE GOMES DA SILVA	FAUNA EDÁFICA COMO BIOINDICADORA DA QUALIDADE DO SOLO NOS SISTEMAS DE CULTIVOS ADOTADOS PELO SETOR DE AGRICULTURA
SB0506	WELESON BARBOSA DA FONSECA	Melaço de cana-de-açúcar usado como atrativo alimentar para captura de coleobrocas em bananeiras da cultivar BRS Vitória em duas épocas do ano: das chuvas e da seca
SB0636	THAÍS ESTÉFANY SINÉSIO DA SILVA	Qualidade de frutos de noni consorciados com a bananeira em sistema de base agroecológica.
SB0707	LARISSA NICÁCIO PESSOA	Produção e estado nutricional de frutos de noni consorciados com a bananeira em sistema de base agroecológica.
OU1076	JOSÉ NARCISO FRANCISCO DA SILVA FILHO	SEMENTES ORGÂNICAS DE ABÓBORA RECOBERTAS POR QUITOSANA ANIMAL: PARÂMETROS DE GERMINAÇÃO E MICROBIOTA ASSOCIADA
SB0778	NADIANE FRANCA DA SILVA	MICRORGANISMOS EFICIENTES COMO BIOESTIMULANTES NA CULTURA DA ALFACE ROXA (Lactuca sativa L.)
OU0503	ANA PAULA SOARES ROMÃO	Caracterização físico-química e indicadores participativos dos solos de agroecossistemas em transição agroecológica
SB0486	AGNNE MAYARA OLIVEIRA SILVA	AVALIAÇÃO MORFOLÓGICA DE PLANTAS DE RABANETE SUBMETIDAS AO ESTRESS SALINO E APLIAÇÃO FOLIAR DE METIL JASMONATO
SB0848	LILLIAN DINIZ MARIANO	CRESCIMENTO E PRODUÇÃO DE FEIJÃO-CAUPI EM FUNÇÃO DE BIOESTIMULANTES
SB1136	ANTONIO VENICIO DE SOUSA	Desenvolvimento da mucosa intestinal de codornas europeias (Coturnix coturnix) submetidas a diferentes tempos de jejum na fase pós-eclosão.
SB0186	MEKICIENE DE BRITO SILVA	Digestibilidade de dietas suplementadas com diferentes enzimas exógenas para leitões na fase inicial
SB0953	KELLY VITÓRIA LIMA SILVA FERREIRA	COEFCIENTES DE DIGESTIBILIDADE DAS SEMENTES DE MUNGUBA  (Pachira aquatica Aubl.) e JACA (Artocarpus heterophyllus Lam.) PARA COELHOS EM CRESCIMENTO
SB0729	MIRIAN LIMA DA SILVA	Nutrientes e energia digestiveis de sementes de Munguba (Pachira aquatica Aubl.) e Jaca (Artocarpus heterophyllus Lam.) para coelhos
SB1067	SHARA CRISTINA DA SILVA LIMA	Avaliação do uso da gema de ovo de galinha e codorna em diferentes proporções na criopreservação de espermatozoides caprino
SB0502	LUCAS BEZERRA BATISTA	Impacto do tempo de jejum pós-eclosão sobre o desempenho produtivo de codornas europeias (Coturnix coturnix)
SB0545	VINÍCIUS ALVES MARTINS	CACTÁCEAS: PROTOCOLO PARA CARACTERIZAÇÃO DE POPULAÇÕES DE ESPÉCIES NATIVAS OCORRENTES EM COMUNIDADES NO MUNICÍPIO DE SOLÂNEA PB
HS0709	RONIELISON MATTEUS DA SILVA	A importância das docentes e dos docentes do campus III no cotidiano das cidades de Bananeiras e Solânea
ET0612	JOSÉ VINICIUS VIANA BEZERRA	Síntese do CuO via hidrotermal de microondas
ET0050	ADRIANO RIBEIRO DA SILVA	Síntese de óxido de cobre e óxido de zinco  nanoestruturados dopados com Ce via método Hidrotérmico assistido por microondas (HMO) para aplicação como catalisador na obtenção do biodiesel
SB0584	ELYAN FIGUEIREDO DA SILVA CABRAL	Cactáceas nativa: Viabilidade polínica e de sementes
HS0975	JOSE HIGOR SIQUEIRA RODRIGUES	Perfil socioeconômico dos municípios que conformam o ASPIL da Agricultura Orgânica de base Familiar do Brejo Paraibano
HS0921	LUCAS SOUZA SANTOS	O uso do instrumental de Arranjo e Sistemas Produtivos e Inovativos locais e estudo da Agricultura Orgânica de base Familiar
HS0666	ELSON SOUZA CRUZ RAMOS	CLUSTERS AGROPECUÁRIOS E AS EMISSÕES DE GASES DE EFEITO ESTUFA NOS MUNICÍPIOS PARAIBANOS: UMA PESPECTIVA ESPACIAL
HS0158	PALOMA MONTEIRO DE OLIVEIRA	ESTRATÉGIAS NO CONTEXTO DA PANDEMIA DA COVID-19: UMA ANÁLISE A PARTIR DAS CAPACIDADES DINÂMICAS
HS0770	GIRLIANY SANTOS DA SILVA	Mapeamento dos fatores do ambiente socioemocional e das concepções do feedback.
HS0794	BRUNO MARCOS MARINHO DA SILVA	Estratégias de interações voltadas à Inovação em Serviços Centrada no Usuário no contexto de serviços públicos de saúde
HS0179	IRIS BARBOSA MONTEIRO	ENSINO TÉCNICO-PROFISSIONAL BRASIL/PORTUGAL COMO ESPAÇO DE CIRCULAÇÃO DE IDEIAS: um estudo em duas escolas profissionalizantes - JoãoPessoa - Paraíba - Brasil e Coimbra-Portugal 1922-1996
HS0675	MARIA ALICIA COSTA PEREIRA	Se cuida! Análise dos aspectos que influenciam a adesão aos hábitos saudáveis de prevenção ao COVID-19 Coronavírus
HS0517	JANDEILMA SANTOS DA SILVA	Se cuida! Análise das campanhas de marketing social desenvolvidas para adesão aos hábitos saudáveis de prevenção ao COVID-19 pelas organizações de saúde pública.
HS0883	EMANUELLE ALVES DE LIMA	Acessando dados sobre o comportamento de identificação de oportunidades de empresas exportadoras paraibanas
HS0772	EDUARDO JOSE ADELINO DA SILVA	Analisando dados sobre o comportamento de identificação de oportunidades de empresas exportadoras paraibanas
HS1132	ANA CAROLINA LIMA DO REGO	Caracterização do Arranjos e Sistema Produtivo e Inovativo Local da Agricultura Orgânica de base Familiar: conhecimentos processos produtivos tecnologias inovações interações e aprendizados
HS0474	HEMESON EMANUEL DA SILVA SANTOS	PLANEJAMENTO COMO PRÁTICA SOCIAL: UMA ANÁLISE DO PLANO DE NEGÓCIOS ELABORADO PELA SUPERINTENDÊNCIA DO PATRIMÔNIO DA UNIÃO/ PB (SPU/PB)
HS0738	VINICIUS COUTO ALMEIDA	PLANEJAMENTO COMO PRÁTICA SOCIAL: UMA ANÁLISE DAS PRÁTICAS DE PRODUÇÃO DO PLANO DE NEGÓCIOS ELABORADO PELA SUPERINTENDÊNCIA DO PATRIMÔNIO DA UNIÃO/ PB (SPU/PB)
HS0661	DOUGLAS PEREIRA BORGES DE OLIVEIRA	ANÁLISE DOS CRITÉRIOS DE RESPONSABILIDADE SOCIAL NA GESTÃO DO TURISMO NO MUNÍCIPIO DE BANANEIRAS
HS0244	RAQUEL DOS SANTOS NUNES	EDUCAÇÃO CONTÁBIL EM JOÃO PESSOA/PB: ACADEMIA DE COMÉRCIO EPITÁCIO PESSOA (ACEP) 1922-1996
HS0383	ANGELA BEATRIZ VENANCIO DA SILVA	Base Nacional Comum Curricular para o Ensino Fundamental - Anos Iniciais:  temáticas da Educação Jurídica e contributos à formação das crianças
HS0973	GILMANA LÍVIA CLEMENTINO PEREIRA DE AZEVEDO	Patrimônio funerário: os cemitérios como lugar de memória e saudade
HS0507	VANESSA CANUTO NUNES	Base Nacional Comum Curricular para o Ensino Fundamental  Anos Iniciais: competências e habilidades para formação da cidadania e o exercício de direitos
HS0726	BEATRIZ GONCALVES DE MELO	PEDAGOGIA CATÓLICA NA FORMAÇÃO PROFESSORAS: O CURSO NORMAL NO COLÉGIO NOSSA SENHORA DA LUZ EM GUARABIRA - PB (1939 - 1979)
HS0619	PAULO RICARDO DA SILVA RODRIGUES	EDUCAÇÃO CONFESSIONAL CATÓLICA PARA MENINAS - O ENSINO PRIMÁRIO NO COLÉGIO NOSSA SENHORA DA LUZ EM GUARABIRA - PB (1936 - 1979)
HS0977	ERICA LOPES BARBOSA	O lugar das alunas e professoras na UFPB: um olhar para os campi do interior
SB0773	JÚLIA BEATRIZ DE OLIVEIRA SOUZA	Estudo cinético da secagem de  tenebrio gigante e caracterização físico-química e microbiológica para uso como matéria-prima para produção de cerveja
SB1001	MICHELA DE LIMA BEZERRA	Estudo da estabilidade microbiológica e oxidativa de almôndegas suínas adicionadas de farinha de casca de alho natural e negro
SB1313	RAQUEL DA SILVA FERREIRA	ALIMENTOS QUE DEIXARAM DE SER CONSUMIDOS POR COMUNIDADES CARENTES E SUA ASSOCIAÇÃO À INSEGURANÇA ALIMENTAR E DESNUTRIÇÃO NAS CIDADES DE BANANEIRAS E SOLÂNEA-PB DURANTE A PANDEMIA.
SB0070	GEIZA MICHELLE ANGELO PACHECO	Desenvolvimento de método de produção de cerveja a partir de inseto em substituição ao malte e/ou adjunto
SB0968	FELIPE MOREIRA DA SILVA	DESENVOLVIMENTO E ESTUDO DE BEBIDA FERMENTADA ALCOÓLICA DE CAFÉ
SB0917	PEDRO LUCAS DE LIMA SILVA	QUALIDADE FÍSICO-QUÍMICA NO ARMAZENAMENTO DE SURIMI SABOR CAMARÃO A PARTIR DA CARNE MECANICAMENTE SEPARADA DE RÃ-TOURO (Lithobates catesbeianus)
SB0166	JOSÉ ROBENILSON SOUSA DOS SANTOS	ESTUDO DAS PROPRIEDADES DA EMULSÃO CÁRNEA ELABORADA A PARTIR DO SURIMI DA CARNE MECANICAMENTE SEPARADA DE RÃ-TOURO (Lithobates catesbeianus) COM UTILIZAÇÃO DE COLÁGENO
SB0768	RAIÇA DE LIMA FONTES	Desenvolvimento e caracterização físico-química e microbiológica de cerveja produzida usando inseto comestível
SB0084	FIDELIS FRANCO FELIZARDO DA SILVA	Caracterização físico-química e microbiológica de cerveja produzida usando inseto comestível
SB0091	JULIANA GONÇALVES GOMES	Estudo de inseto comestível como matéria-prima para produção de cerveja
SB0404	DANILO SALUSTIANO DOS SANTOS	ELABORAÇÃO DE BISCOITO A BASE DE INSETO COMESTÍVEL
ET0367	LINDALVA DANTAS PEIXOTO	COMPOSIÇÃO CENTESIMAL COMPOSTOS BIOATIVOS E ATIVIDADE ANTIOXIDANTE DA FARINHA DE INSETOS COMESTÍVEIS
SB0373	GLEYCE SWELLEN DE AZEVEDO MOURA	Efeito da aplicação do extrato do resíduo de umbu-cajá (Spondias spp.) assistido por ultrassom na estabilidade oxidativa de almôndegas de frango durante armazenamento
SB0842	LAURA SUÊNIA FELIPE DOS SANTOS	Caracterização físico-química e atividade antioxidante de kefir caprino adicionado de geleia de oiti (Licania tomentosa Benth.)
SB0894	ISABELLY DA SILVA RAMALHO	QUEIJO BOURSIN PROBIÓTICO DE LEITE CAPRINO COM INCORPORAÇÃO DE FARINHA DE MARACUJÁ
SB0798	MARIA APARECIDA SOARES RIBEIRO	Qualidade nutricional e atividade antioxidante do leite asinino produzido no semiárido nordestino em diferentes épocas do ano
