ALUNO	ORIENTADOR	GRANDE_AREA	AREA	SUB_AREA
VITORIA STEFANY DE MOURA	THIAGO JARDELINO DIAS	Ciências Agrárias	Agronomia	Fitotecnia
VANESSA DE AZEVEDO SOARES	DIEGO SILVA BATISTA	Ciências Agrárias	Agronomia	Fitotecnia
JOSINALDO FLORÊNCIO DA SILVA FILHO	MARCOS BARROS DE MEDEIROS	Ciências Agrárias	Agronomia	Fitossanidade
MARIA DAS GRAÇAS DOS SANTOS	IZABELA SOUZA LOPES RANGEL	Ciências Agrárias	Recursos Florestais e Engenharia Florestal	Silvicultura
ANA CLARA ALMEIDA FELIX	MARIA JOSE ARAUJO WANDERLEY	Ciências Agrárias	Agronomia	Fitossanidade
JANISIA RAYANE BATISTA DA SILVA	ALEX DA SILVA BARBOSA	Ciências Agrárias	Agronomia	Fitotecnia
ESTEPHANNI FERNANDA OLIVEIRA DANTAS	DIEGO SILVA BATISTA	Ciências Agrárias	Agronomia	Fitotecnia
ANDERSON MATIAS FRAGOSO	ALEX DA SILVA BARBOSA	Ciências Agrárias	Agronomia	Fitotecnia
CLAUDIA MARQUES DE ARAUJO	ALEX DA SILVA BARBOSA	Ciências Agrárias	Agronomia	Fitotecnia
FRANCISCO EXPEDITO DA SILVA	ALEX DA SILVA BARBOSA	Ciências Agrárias	Agronomia	Fitotecnia
ZENAIDE GOMES DA SILVA	RAUNIRA DA COSTA ARAUJO	Ciências Agrárias	Agronomia	Ciência do Solo
WELESON BARBOSA DA FONSECA	NIVANIA PEREIRA DA COSTA MENEZES	Ciências Agrárias	Agronomia	Fitotecnia
THAÍS ESTÉFANY SINÉSIO DA SILVA	BELISIA LUCIA MOREIRA TOSCANO DINIZ	Ciências Agrárias	Agronomia	Fitotecnia
LARISSA NICÁCIO PESSOA	BELISIA LUCIA MOREIRA TOSCANO DINIZ	Ciências Agrárias	Agronomia	Fitotecnia
JOSÉ NARCISO FRANCISCO DA SILVA FILHO	ANABELLE CAMAROTTI DE LIMA BATISTA	Multidisciplinar	Interdisciplinar	Meio Ambiente e Agrárias
NADIANE FRANCA DA SILVA	MARCOS BARROS DE MEDEIROS	Ciências Agrárias	Agronomia	Fitotecnia
ANA PAULA SOARES ROMÃO	ALEXANDRE EDUARDO DE ARAUJO	Multidisciplinar	Interdisciplinar	Meio Ambiente e Agrárias
AGNNE MAYARA OLIVEIRA SILVA	THIAGO JARDELINO DIAS	Ciências Agrárias	Agronomia	Fitossanidade
LILLIAN DINIZ MARIANO	RAUNIRA DA COSTA ARAUJO	Ciências Agrárias	Agronomia	Fitotecnia
ANTONIO VENICIO DE SOUSA	ALEXANDRE LEMOS DE BARROS MOREIRA FILHO	Ciências Agrárias	Zootecnia	Nutrição e Alimentação Animal
MEKICIENE DE BRITO SILVA	LEONARDO AUGUSTO FONSECA PASCOAL	Ciências Agrárias	Zootecnia	Nutrição e Alimentação Animal
KELLY VITÓRIA LIMA SILVA FERREIRA	LEONARDO AUGUSTO FONSECA PASCOAL	Ciências Agrárias	Zootecnia	Nutrição e Alimentação Animal
MIRIAN LIMA DA SILVA	LEONARDO AUGUSTO FONSECA PASCOAL	Ciências Agrárias	Zootecnia	Nutrição e Alimentação Animal
SHARA CRISTINA DA SILVA LIMA	CARLOS AUGUSTO ALANIS CLEMENTE	Ciências Agrárias	Medicina Veterinária	Reprodução Animal
LUCAS BEZERRA BATISTA	ALEXANDRE LEMOS DE BARROS MOREIRA FILHO	Ciências Agrárias	Zootecnia	Nutrição e Alimentação Animal
VINÍCIUS ALVES MARTINS	VENIA CAMELO DE SOUZA	Ciências Biológicas	Ecologia	Ecologia de Ecossistemas
RONIELISON MATTEUS DA SILVA	JOSINEIDE DA SILVA BEZERRA	Ciências Humanas	História	História do Brasil
JOSÉ VINICIUS VIANA BEZERRA	MAX ROCHA QUIRINO	Engenharias	Engenharia de Materiais e Metalúrgica	Materiais Não-Metálicos
ADRIANO RIBEIRO DA SILVA	MAX ROCHA QUIRINO	Engenharias	Engenharia de Materiais e Metalúrgica	Materiais Não-Metálicos
ELYAN FIGUEIREDO DA SILVA CABRAL	VENIA CAMELO DE SOUZA	Ciências Biológicas	Ecologia	Ecologia de Ecossistemas
JOSE HIGOR SIQUEIRA RODRIGUES	DANILO RAIMUNDO DE ARRUDA	Ciências Sociais Aplicadas	Economia	Economia Industrial
LUCAS SOUZA SANTOS	DANILO RAIMUNDO DE ARRUDA	Ciências Sociais Aplicadas	Economia	Economia Industrial
ELSON SOUZA CRUZ RAMOS	PATRICIA ARAUJO AMARANTE	Ciências Sociais Aplicadas	Economia	Economia Regional e Urbana
PALOMA MONTEIRO DE OLIVEIRA	CAMILA CRISTINA RODRIGUES SALGADO	Ciências Sociais Aplicadas	Administração	Administração de Empresas
GIRLIANY SANTOS DA SILVA	GABRIELA TAVARES DOS SANTOS	Ciências Sociais Aplicadas	Administração	Administração de Empresas
BRUNO MARCOS MARINHO DA SILVA	MILENE FELIX DE ALMEIDA	Ciências Sociais Aplicadas	Administração	Administração de Setores Específicos
IRIS BARBOSA MONTEIRO	JOSE JASSUIPE DA SILVA MORAIS	Ciências Humanas	Educação	Fundamentos da Educação
MARIA ALICIA COSTA PEREIRA	STEPHANIE INGRID SOUZA BARBOZA	Ciências Sociais Aplicadas	Administração	Administração Pública
JANDEILMA SANTOS DA SILVA	STEPHANIE INGRID SOUZA BARBOZA	Ciências Sociais Aplicadas	Administração	Administração Pública
EMANUELLE ALVES DE LIMA	RENNALY ALVES DA SILVA	Ciências Sociais Aplicadas	Administração	Administração de Empresas
EDUARDO JOSE ADELINO DA SILVA	RENNALY ALVES DA SILVA	Ciências Sociais Aplicadas	Administração	Administração de Empresas
ANA CAROLINA LIMA DO REGO	DANILO RAIMUNDO DE ARRUDA	Ciências Sociais Aplicadas	Economia	Economia Industrial
HEMESON EMANUEL DA SILVA SANTOS	GERMANA TAVARES DE MELO	Ciências Sociais Aplicadas	Administração	Administração de Empresas
VINICIUS COUTO ALMEIDA	GERMANA TAVARES DE MELO	Ciências Sociais Aplicadas	Administração	Administração de Empresas
DOUGLAS PEREIRA BORGES DE OLIVEIRA	JOSE MANCINELLI LEDO DO NASCIMENTO	Ciências Sociais Aplicadas	Administração	Administração Pública
RAQUEL DOS SANTOS NUNES	JOSE JASSUIPE DA SILVA MORAIS	Ciências Humanas	Educação	Fundamentos da Educação
ANGELA BEATRIZ VENANCIO DA SILVA	MARIA DA CONCEIÇÃO FARIAS DA SILVA GURGEL DUTRA	Ciências Humanas	Educação	Currículo
GILMANA LÍVIA CLEMENTINO PEREIRA DE AZEVEDO	VIVIAN GALDINO DE ANDRADE	Ciências Humanas	Educação	Fundamentos da Educação
VANESSA CANUTO NUNES	MARIA DA CONCEIÇÃO FARIAS DA SILVA GURGEL DUTRA	Ciências Humanas	Educação	Currículo
BEATRIZ GONCALVES DE MELO	LUCIENE CHAVES DE AQUINO	Ciências Humanas	Educação	Fundamentos da Educação
PAULO RICARDO DA SILVA RODRIGUES	LUCIENE CHAVES DE AQUINO	Ciências Humanas	Educação	Fundamentos da Educação
ERICA LOPES BARBOSA	FABRICIA SOUSA MONTENEGRO	Ciências Humanas	Educação	Planejamento e Avaliação Educacional
JÚLIA BEATRIZ DE OLIVEIRA SOUZA	ANDERSON FERREIRA VILELA	Ciências Agrárias	Ciência e Tecnologia de Alimentos	Tecnologia de Alimentos
MICHELA DE LIMA BEZERRA	CAMILA SAMPAIO MANGOLIM	Ciências Agrárias	Ciência e Tecnologia de Alimentos	Ciência de Alimentos
RAQUEL DA SILVA FERREIRA	SOLANGE DE SOUSA	Ciências Agrárias	Ciência e Tecnologia de Alimentos	Ciência de Alimentos
GEIZA MICHELLE ANGELO PACHECO	ANDERSON FERREIRA VILELA	Ciências Agrárias	Ciência e Tecnologia de Alimentos	Tecnologia de Alimentos
FELIPE MOREIRA DA SILVA	ELISANDRA COSTA ALMEIDA	Ciências Agrárias	Ciência e Tecnologia de Alimentos	Ciência de Alimentos
PEDRO LUCAS DE LIMA SILVA	IRIS BRAZ DA SILVA ARAUJO	Ciências Agrárias	Ciência e Tecnologia de Alimentos	Tecnologia de Alimentos
JOSÉ ROBENILSON SOUSA DOS SANTOS	IRIS BRAZ DA SILVA ARAUJO	Ciências Agrárias	Ciência e Tecnologia de Alimentos	Tecnologia de Alimentos
RAIÇA DE LIMA FONTES	ANDERSON FERREIRA VILELA	Ciências Agrárias	Ciência e Tecnologia de Alimentos	Tecnologia de Alimentos
FIDELIS FRANCO FELIZARDO DA SILVA	ANDERSON FERREIRA VILELA	Ciências Agrárias	Ciência e Tecnologia de Alimentos	Tecnologia de Alimentos
JULIANA GONÇALVES GOMES	ANDERSON FERREIRA VILELA	Ciências Agrárias	Ciência e Tecnologia de Alimentos	Tecnologia de Alimentos
DANILO SALUSTIANO DOS SANTOS	ARIANNE DANTAS VIANA	Ciências Agrárias	Ciência e Tecnologia de Alimentos	Tecnologia de Alimentos
LINDALVA DANTAS PEIXOTO	MARIA JOSE DE FIGUEIREDO	Engenharias	Engenharia de Produção	Engenharia do Produto
GLEYCE SWELLEN DE AZEVEDO MOURA	FABIO ANDERSON PEREIRA DA SILVA	Ciências Agrárias	Ciência e Tecnologia de Alimentos	Tecnologia de Alimentos
LAURA SUÊNIA FELIPE DOS SANTOS	AMANDA MARILIA DA SILVA SANTANA	Ciências Agrárias	Ciência e Tecnologia de Alimentos	Ciência de Alimentos
ISABELLY DA SILVA RAMALHO	FABIANA AUGUSTA SANTIAGO BELTRAO	Ciências Agrárias	Ciência e Tecnologia de Alimentos	Tecnologia de Alimentos
MARIA APARECIDA SOARES RIBEIRO	AMANDA MARILIA DA SILVA SANTANA	Ciências Agrárias	Ciência e Tecnologia de Alimentos	Ciência de Alimentos
