PROFESSOR	GRANDE_AREA	AREA	SUB_AREA
THIAGO JARDELINO DIAS	Ciências Agrárias	Agronomia	Fitotecnia
DIEGO SILVA BATISTA	Ciências Agrárias	Agronomia	Fitotecnia
MARCOS BARROS DE MEDEIROS	Ciências Agrárias	Agronomia	Fitossanidade
IZABELA SOUZA LOPES RANGEL	Ciências Agrárias	Recursos Florestais e Engenharia Florestal	Silvicultura
MARIA JOSE ARAUJO WANDERLEY	Ciências Agrárias	Agronomia	Fitossanidade
ALEX DA SILVA BARBOSA	Ciências Agrárias	Agronomia	Fitotecnia
DIEGO SILVA BATISTA	Ciências Agrárias	Agronomia	Fitotecnia
ALEX DA SILVA BARBOSA	Ciências Agrárias	Agronomia	Fitotecnia
ALEX DA SILVA BARBOSA	Ciências Agrárias	Agronomia	Fitotecnia
ALEX DA SILVA BARBOSA	Ciências Agrárias	Agronomia	Fitotecnia
RAUNIRA DA COSTA ARAUJO	Ciências Agrárias	Agronomia	Ciência do Solo
NIVANIA PEREIRA DA COSTA MENEZES	Ciências Agrárias	Agronomia	Fitotecnia
BELISIA LUCIA MOREIRA TOSCANO DINIZ	Ciências Agrárias	Agronomia	Fitotecnia
BELISIA LUCIA MOREIRA TOSCANO DINIZ	Ciências Agrárias	Agronomia	Fitotecnia
ANABELLE CAMAROTTI DE LIMA BATISTA	Multidisciplinar	Interdisciplinar	Meio Ambiente e Agrárias
MARCOS BARROS DE MEDEIROS	Ciências Agrárias	Agronomia	Fitotecnia
ALEXANDRE EDUARDO DE ARAUJO	Multidisciplinar	Interdisciplinar	Meio Ambiente e Agrárias
THIAGO JARDELINO DIAS	Ciências Agrárias	Agronomia	Fitossanidade
RAUNIRA DA COSTA ARAUJO	Ciências Agrárias	Agronomia	Fitotecnia
ALEXANDRE LEMOS DE BARROS MOREIRA FILHO	Ciências Agrárias	Zootecnia	Nutrição e Alimentação Animal
LEONARDO AUGUSTO FONSECA PASCOAL	Ciências Agrárias	Zootecnia	Nutrição e Alimentação Animal
LEONARDO AUGUSTO FONSECA PASCOAL	Ciências Agrárias	Zootecnia	Nutrição e Alimentação Animal
LEONARDO AUGUSTO FONSECA PASCOAL	Ciências Agrárias	Zootecnia	Nutrição e Alimentação Animal
CARLOS AUGUSTO ALANIS CLEMENTE	Ciências Agrárias	Medicina Veterinária	Reprodução Animal
ALEXANDRE LEMOS DE BARROS MOREIRA FILHO	Ciências Agrárias	Zootecnia	Nutrição e Alimentação Animal
VENIA CAMELO DE SOUZA	Ciências Biológicas	Ecologia	Ecologia de Ecossistemas
JOSINEIDE DA SILVA BEZERRA	Ciências Humanas	História	História do Brasil
MAX ROCHA QUIRINO	Engenharias	Engenharia de Materiais e Metalúrgica	Materiais Não-Metálicos
MAX ROCHA QUIRINO	Engenharias	Engenharia de Materiais e Metalúrgica	Materiais Não-Metálicos
VENIA CAMELO DE SOUZA	Ciências Biológicas	Ecologia	Ecologia de Ecossistemas
DANILO RAIMUNDO DE ARRUDA	Ciências Sociais Aplicadas	Economia	Economia Industrial
DANILO RAIMUNDO DE ARRUDA	Ciências Sociais Aplicadas	Economia	Economia Industrial
PATRICIA ARAUJO AMARANTE	Ciências Sociais Aplicadas	Economia	Economia Regional e Urbana
CAMILA CRISTINA RODRIGUES SALGADO	Ciências Sociais Aplicadas	Administração	Administração de Empresas
GABRIELA TAVARES DOS SANTOS	Ciências Sociais Aplicadas	Administração	Administração de Empresas
MILENE FELIX DE ALMEIDA	Ciências Sociais Aplicadas	Administração	Administração de Setores Específicos
JOSE JASSUIPE DA SILVA MORAIS	Ciências Humanas	Educação	Fundamentos da Educação
STEPHANIE INGRID SOUZA BARBOZA	Ciências Sociais Aplicadas	Administração	Administração Pública
STEPHANIE INGRID SOUZA BARBOZA	Ciências Sociais Aplicadas	Administração	Administração Pública
RENNALY ALVES DA SILVA	Ciências Sociais Aplicadas	Administração	Administração de Empresas
RENNALY ALVES DA SILVA	Ciências Sociais Aplicadas	Administração	Administração de Empresas
DANILO RAIMUNDO DE ARRUDA	Ciências Sociais Aplicadas	Economia	Economia Industrial
GERMANA TAVARES DE MELO	Ciências Sociais Aplicadas	Administração	Administração de Empresas
GERMANA TAVARES DE MELO	Ciências Sociais Aplicadas	Administração	Administração de Empresas
JOSE MANCINELLI LEDO DO NASCIMENTO	Ciências Sociais Aplicadas	Administração	Administração Pública
JOSE JASSUIPE DA SILVA MORAIS	Ciências Humanas	Educação	Fundamentos da Educação
MARIA DA CONCEIÇÃO FARIAS DA SILVA GURGEL DUTRA	Ciências Humanas	Educação	Currículo
VIVIAN GALDINO DE ANDRADE	Ciências Humanas	Educação	Fundamentos da Educação
MARIA DA CONCEIÇÃO FARIAS DA SILVA GURGEL DUTRA	Ciências Humanas	Educação	Currículo
LUCIENE CHAVES DE AQUINO	Ciências Humanas	Educação	Fundamentos da Educação
LUCIENE CHAVES DE AQUINO	Ciências Humanas	Educação	Fundamentos da Educação
FABRICIA SOUSA MONTENEGRO	Ciências Humanas	Educação	Planejamento e Avaliação Educacional
ANDERSON FERREIRA VILELA	Ciências Agrárias	Ciência e Tecnologia de Alimentos	Tecnologia de Alimentos
CAMILA SAMPAIO MANGOLIM	Ciências Agrárias	Ciência e Tecnologia de Alimentos	Ciência de Alimentos
SOLANGE DE SOUSA	Ciências Agrárias	Ciência e Tecnologia de Alimentos	Ciência de Alimentos
ANDERSON FERREIRA VILELA	Ciências Agrárias	Ciência e Tecnologia de Alimentos	Tecnologia de Alimentos
ELISANDRA COSTA ALMEIDA	Ciências Agrárias	Ciência e Tecnologia de Alimentos	Ciência de Alimentos
IRIS BRAZ DA SILVA ARAUJO	Ciências Agrárias	Ciência e Tecnologia de Alimentos	Tecnologia de Alimentos
IRIS BRAZ DA SILVA ARAUJO	Ciências Agrárias	Ciência e Tecnologia de Alimentos	Tecnologia de Alimentos
ANDERSON FERREIRA VILELA	Ciências Agrárias	Ciência e Tecnologia de Alimentos	Tecnologia de Alimentos
ANDERSON FERREIRA VILELA	Ciências Agrárias	Ciência e Tecnologia de Alimentos	Tecnologia de Alimentos
ANDERSON FERREIRA VILELA	Ciências Agrárias	Ciência e Tecnologia de Alimentos	Tecnologia de Alimentos
ARIANNE DANTAS VIANA	Ciências Agrárias	Ciência e Tecnologia de Alimentos	Tecnologia de Alimentos
MARIA JOSE DE FIGUEIREDO	Engenharias	Engenharia de Produção	Engenharia do Produto
FABIO ANDERSON PEREIRA DA SILVA	Ciências Agrárias	Ciência e Tecnologia de Alimentos	Tecnologia de Alimentos
AMANDA MARILIA DA SILVA SANTANA	Ciências Agrárias	Ciência e Tecnologia de Alimentos	Ciência de Alimentos
FABIANA AUGUSTA SANTIAGO BELTRAO	Ciências Agrárias	Ciência e Tecnologia de Alimentos	Tecnologia de Alimentos
AMANDA MARILIA DA SILVA SANTANA	Ciências Agrárias	Ciência e Tecnologia de Alimentos	Ciência de Alimentos
