CODIGO	ALUNO	TITULO	
OU0691	EDUARDO RODRIGUES DE MENEZES DIB	Otimização da produção do análogo Lispro da insulina recombinante humana
SB0389	ANNA BEATRIZ ARAUJO MEDEIROS	Estudo do efeito da marinobufagina sobre os níveis de fosforilação da proteína quinase Src
SB0784	MATEUS MENDES VIEIRA	AVALIAÇÃO DO EFEITO INDUZIDO POR FLAVONOIDES SOBRE TECIDO VASCULAR PRÉ-CONTRAÍDO COM FENILEFRINA
SB0403	FERNANDO CEZAR COMBERLANG QUEIROZ DAVIS DOS SANTOS	ANÁLISE IN SÍLICO DA IMUNODOMINÂNCIA DAS VARIANTES B.1.1.7 E P.1 DO SARS-COV-2
SB0388	LEONARDO LIMA CARDOSO	AVALIAÇÃO DA ATIVIDADE ANTI-LEISHMANIA DAS SELENOGLICOLICAMIDAS EM LEISHMANIA INFANTUM
SB0387	MARIANA MENDONCA SOARES	Estudo do efeito da marinobufagina sobre os níveis do fator de transcrição  NF- &&954;B
SB0017	JOSE VICTOR FERREIRA FERNANDES	Utilização de diferentes substratos para a produção de inóculo de Pleurotus ostreatus (Jacq. Fr.) Kumm
SB0002	MARLIA CAMPOS E BARROS	Influência da luz na produção do inóculo e frutificação do cogumelo comestível Pleurotus djamor (Rumph. ex Fr.) Boedijn (1959) em resíduos agroindustriais
OU0647	EDUARDO SANTOS DA SILVA	Avanços no conhecimento de pseudomonadas hidrocarbonoclásticas na última década
SB0274	ANA QUEZIA BEZERRA DE HOLANDA SOUSA	Monitoramento do perfil epidemiológico dos neonatos com cardiopatias congênitas na Paraíba
OU0432	NATTANAEL COSTA DE MELO	Análise da infectividade de dois isolados do baculovirus Spodoptera em células Sf21
OU0390	LUCAS SILVA DA CRUZ	Análise da produção dos baculovírus Anticarsia e Chrysodeixis em células Sf21
SB0208	LUCAS EMMANUEL FREITAS MENDES	Cardiopatias congênitas neonatais: tipos mais prevalentes e atuação da Rede Cuidar Paraíba no cuidado dos cardiopatas.
OU1217	JOAO PEDRO GONCALVES RIBEIRO	Triagem virtual dos análogos do fármacos EIDD-2801 reportado com potencial de inibir proteínas de SARS-COV-2
OU0339	BEATRIZ FREDERICO OLIVEIRA SILVEIRA	O som do cuidado: vozes silenciadas riscos e narrativas femininas da COVID-19
OU0282	ISABELLY CRISTINE CABRAL SOUTO	Androcentrismo e produção acadêmica em tempos de pandemia
OU0935	ANNE BEATRIZ CUNHA BARROS	Estudo de pré-formulação de nanopartículas de quitosana
OU0340	GABRIEL SILVA DA ROCHA	Preparação de hidrogéis de quitosana contendo cúrcuma para aplicação tópica
OU0515	LUIZ GUSTAVO DA SILVA PRAGANA NEREU	Relação entre piocianina e degradação dos 16 HPA prioritários
OU0323	CARLOS EDUARDO TAVARES NORAT	Biofilmes e atividade hidrocarbonoclástica: uma revisão sistemática
SB0553	RAQUEL BARBOSA DE MENEZES	Diagnóstico precoce e desfecho clínico favorável: o impacto de uma rede de cuidado na assistência à cardiopatia congênita neonatal
OU1107	GABRIEL TEODOZIO DOS SANTOS	Triagem virtual dos análogos do fármaco MDL 28170 reportado com potencial de inibir proteínas de SARS-COV-2
SB0864	BRUNA KAROLINE DE SOUZA PAIVA	Predição in chemico e in silico de efeitos tóxicos do herbicida ácido 24 diclorofenoxiacético (24-D) em peixes: toxicidade aguda e hepatotoxicidade
SB0169	DOUGLAS MANOEL SILVA COSTA	Perfil de resistência aos antibióticos de bactérias isoladas de tecido de Palythoa caribaeorum dos recifes de Carapibus Paraíba.
SB0048	ANDRÉ LUIZ LEOCADIO DE SOUZA MATOS	Avaliação do efeito do derivado 2-aminotiofênico 6CN07 em camundongos submetidos ao campo aberto.
SB0335	ANNE CAROLINE RIBEIRO PORTELA	Avaliação do efeito do derivado 2-aminotiofênico 6CN07 em camundongos submetidos ao labirinto em cruz elevado.
OU0299	MARIA LUIZA DE SOUSA SILVA	L-Glutaminase excretada por Monascus ruber:  purificação parcial e seu potencial biológico.
SB0827	GEOVANNA LEITE RIBEIRO DE ANDRADE	Estudo in vitro dos mecanismos de ação sobre o efeito neuroprotetor do óleo medicinal rico em canabidiol (CBD) em linhagem celular neuronal de humano a partir da indução da excitoxicidade pelo L-glutamato
SB0481	BIANCA LIRA CORDEIRO TAVARES	Investigação in vitro da atividade neuroprotetora do óleo medicinal rico em tetrahidrocanabinol (&&8710;9-THC) em linhagem celular neuronal de humano a partir da indução da excitoxicidade pelo L-glutamato
SB0721	EDUARDO BATISTA DE SOUZA ROCHA	Triagem da atividade antimicrobiana de extratos vegetais de Combretum spp. frente à Yersinia enterocolitica
SB0652	LISANDRA AMORIM DE SOUSA MELO	Análise proteica e antimicrobian in vitro do soro de leite caprino da raça Torgenburg e prospecção das possíveis atividades in silico de peptídeos sintéticos
SB0522	SAMUEL FREIRE DA CUNHA	Efeito do diuron no desenvolvimento embrionário e larval de microcrustáceos e equinodermos
SB1085	LEO GUSTAVO COUTINHO BELTRAO FILHO	Efeito do glifosato no desenvolvimento embrionário e larval de microcrustáceos e equinodermos
SB0088	BIANCA MATARIBU MACIEL LIMA	Efeito do 24-D no desenvolvimento embrionário e larval de microcrustáceos e equinodermos
SB0029	LILIAN BRITO MILANES GARCIA DOS SANTOS	Levantamento do conhecimento sobre epigenética entre estudantes e profissionais da saúde e educação na Paraíba
SB0265	GABRYEL CEZAR DA SILVA MARINHO	Ação antimicrobiana dos extratos de folhas e caules de Mimosa pudica sobre bactérias fitopatogênicas
SB0014	FERNANDA PEREIRA SANTOS	Ação antimicrobiana dos extratos de folhas e caules de Mimosa pudica sobre microrganismos patogênicos.
SB0168	ARTHUR LINS DIAS	Avaliação do efeito do derivado 2-aminotiofênico 6CN07 em camundongos submetidos à transição claro-escuro.
SB1198	SILVANA VITORIA ALENCAR GOMES	Estudos de ancoragem molecular de PLA2s isoladas do veneno de Bothrops jararacussu e fator de coagulação Xa
SB1165	ERICA DE SOUZA FALCAO	Avaliações estruturais de complexos formados por três anticoagulantes PLA2s isolados do veneno da serpente Bothrops pirajai e o fator de coagulação Xa
OU0318	ICARO ROMERO DE MELO MORAIS	L-Asparaginase excretada por Bacillus subtillis:  purificação parcial e seu potencial biológico.
SB1311	POLIANA CORREIA LIMA	Hidrólise com Tripsina da Lectina da Variedade Brasileira de Feijão  lima (Phaseolus lunatus var. cascavel) e Predição da Atividade Biológica com base na Comparação da Sequência N-terminal de Lectinas de duas variedades de Phaseolus vulgaris
SB0049	JOSE NUNES DE QUEIROZ NETO	Perfil de metilação do gene da superóxido dismutase (SOD) em pacientes oncopediátricos com mucosite oral
SB0640	NAYSA ZAYNE DOS SANTOS VITORINO	Análise da atividade antimicrobiana de extratos de Parkia platycephala frente à Yersinia enterocolitica
SB0948	CLEYTON DE SOUSA GOMES	Predição in chemico e in silico de efeitos tóxicos do antiparasitário de uso veterinário moxidectina em peixes: toxicidade aguda e neurotoxicidade
SB0264	BARBARA VICTORIA VIEIRA RIBEIRO XAVIER	Perfil de resistência aos antibióticos de bactérias isoladas de tecido do zoantídeo Palythoa caribaeorum dos recifes de Carapibus Paraíba
SB0637	PAULO GUSTAVO COSTA E SILVA CRUZ	Avaliação das proteínas do soro de leite caprino da raça Sannen e análise in sílico de peptídeos sintéticos
SB0664	BEETHOVEN BARBOSA DE ALBUQUERQUE	Caracterizar e testar a atividade antimicrobiana da fração das caseínas presentes no leite caprino da fase madura da raça Parda alpina e de seus hidrolisados e bioprospectar as atividades in silico de peptídeos sintéticos
SB0053	HUGO FERNANDES OLIVEIRA PIRES	Avaliação do efeito do derivado 2-aminotiofênico 6CN07 em camundongos submetidos ao rota rod.
ET0222	CLARYCE REBECA DE SOUSA FEITOSA	Perfil Espacial e Espaço-Temporal da morbidade mortalidade e da letalidade causado pelo novo Coronavírus Sars-CoV-2 no Brasil entre 2020 e 2021.
HS0698	AMANDA MARTINS CAVALCANTI FERREIRA	A FECUNDIDADE NO SEMIÁRIDO BRASILEIRO NO CENÁRIO PRÉ E PANDÊMICO (COVID-19)
ET0362	JOAO FRANCISCO GONDIM DE ALBUQUERQUE OLIVEIRA	Instrumentação científica para aplicação controlada de campo magnético durante deposição de filmes finos
ET0604	RENNAN GOMES DE ALBUQUERQUE	Quebra espontânea de simetria e geração de massa para bosons vetoriais
ET0448	LETHICYA DOS SANTOS LEAL	Síntese de nanopartículas magnéticas via o método de co-precipitação
ET0684	KAIO FELIPE RAMOS NASCIMENTO	Redistribuição de frequência na fluorescência de um vapor atômico excitado por um laser
ET0110	LAMEQUE MACIEL SANTOS FILHO	Uma introdução ao efeito Casimir para o campo fermiônico
ET0817	ARTHUR SANTOS GOMES	Propriedades Quirais de Nanoestruturas
ET0760	JOAO MARCOS LUCENA DA COSTA	Ondas gravitacionais na teoria de Weyl
ET0482	LEILANE KEILLA LUIZ DOS SANTOS	Reestruturação da técnica de magnetometria por magnetorresistência
ET1287	DEYNISSON BRENO BEZERRA DE SANTANA	Construção do Sistema de deposição de amostras pela técnica de sputtering
ET0112	ELIZA MICHELLY DE BRITO GUEDES	Um estudo introdutório sobre o movimento Browniano induzido em teoria de campos escalar
ET0960	FERNANDO ANTONIO SOARES DE ALMEIDA	Modificações da gravitação e a precessão do spin de uma partícula relativística
ET0549	ELLEN VICTORYA SOARES DA SILVA	Física de neutrinos e o Universo Primordial
ET0950	JOAO ARTUR CORDEIRO DUARTE	Energia de ondas gravitacionais planas
ET0708	GESSIANE CIPRIANO GALDINO DA SILVA	Mistura de quatro ondas em vapor atômico
ET0126	IVANILSON DA SILVA LIMA	O decaimento alfa num cenário de dimensões extras
HS1049	CAMILA BARBOSA ANDRADE	A luta pelo espaço urbano: a ação dos movimentos sociais em João Pessoa
ET0998	PAULA CAROLINA VIANA SANTOS	Conectividade da Paisagem em sub-bacia representativa do alto curso do Rio Paraíba - bacia do Riacho do Tigre-PB.
ET0688	EDITHE RODRIGUES NETA	Impacto Econômico da Rede das Feiras Agroecológicas na Região Metropolitana de João Pessoa em momento de pandemia do COVID 19
OU0008	JERFERSON DE LIMA FREIRES	ÁREAS VERDES URBANAS E A IMPORTÂNCIA DO SERVIÇO ECOSSISTÊMICO DE REGULAÇÃO CLIMÁTICA NA CIDADE DE JOÃO PESSOA/PB
ET0580	RIVAILDO RIBEIRO DE SOUZA FILHO	USO DA TERRA MICROCLIMAS E CONSEQUÊNCIAS AMBIENTAIS NO ALTO CURSO DO RIO PARAÍBA/PB
ET0532	LUCAS NASCIMENTO DA SILVA	Uso da terra e microclimas no semiárido brasileiro
HS0296	MATHEUS CASSIANO CARLOS LACERDA	Circuitos espaciais de produção e círculos de cooperação no Cariri paraibano
ET0240	BHREENDA MAYHARA DA SILVA SANTOS	ANÁLISE RÍTMICA EM CLIMATOLOGIA APLICADO AO ESTUDO DO CONFORTO TÉRMICO NA CIDADE DE JOÃO PESSOA
HS1140	MAILTON OLINTO DE OLIVEIRA LEMOS	Análise espacial e não espacial de epidemias no estado da Paraíba
ET0229	HELAYNE LUIZA DE SOUZA FLORENCIO	VARIABILIDADE ESPAÇO-TEMPORAL DOS DIAS CONSECUTIVOS SECOS NO ESTADO DA PARAÍBA
ET1052	NADJA CECILIA DE FREITAS SILVA	TAXAS DE VARIAÇÃO DA LINHA DE COSTA DAS PRAIAS DO LITORAL NORTE DO ESTADO DA PARAÍBA
HS0990	RAFAELA MAYARA DA SILVA OLIVEIRA	Território e Segurança Jurídica ao Capital: Acompanhamento e Análise dos Projetos de Lei Nocivos aos Povos do Campo
ET0030	ELEN MAYARA DE SOUSA BATISTA	Análise da correlação entre a sazonalidade da vegetação com o padrão de precipitação
HS0537	SERIGNE ABDOU AHAD MBACKÉ DIOP	Levantamento e obtenção de dados para o estudo de epidemias no estado da Paraíba
ET0319	NATALIA DUARTE DE SOUSA	VARIABILIDADE ESPAÇO-TEMPORAL DOS EVENTOS DE CHUVA INTENSA NO ESTADO DA PARAÍBA
HS0295	JOSE VITURINO DOS SANTOS NETO	NÚCLEOS DE EXTENSÃO EM DESENVOLVIMENTO TERRITORIAL: um estudo da atuação dos NEDETs na promoção da política de desenvolvimento no Território Rural do Piemont da Borborema e da Cidadania da Zona da Mata Sul do Estado da Paraíba
ET1177	JOSE KAIO DA SILVA FREITAS	ANÁLISE DAS QUEIMADAS E MUDANÇAS NO USO E COBERTURA DA TERRA NOS BIOMAS CAATINGA E CERRADO ENTRE 2000 E 2020
ET0501	FELIPE DE LIMA BRITO	DINÂMICA HIDRO-BIOGEOMORFOLÓGICA EM CANAL INTERMITENTE BACIA DO ALTO CURSO DO RIO PARAÍBA  RIO SUCURU
ET0874	ELLEN LUANA BRASILINO LEMOS MADEIRO	Dinâmica fluvial no alto curso do rio Paraíba e sua variação após a implementação do PISF
ET1072	JENNIFER MARINHO DO NASCIMENTO FERNANDES	INFLUÊNCIA DA VARIABILIDADE CLIMÁTICA NOS PROCESSOS HIDROLÓGICOS EM BIOMAS DE CAATINGA E CERRADO
OU0092	LUCAS GABRIEL FEITOSA DANTAS	ÁREAS VERDES URBANAS E A IMPORTÂNCIA DOS SERVIÇOS ECOSSISTÊMICOS DE PROVISÃO E CULTURAL NA CIDADE DE JOÃO PESSOA/PB
ET0391	DENNIS PATRICIO DE ARAUJO ALEXANDRE	Vulnerabilidade socioambiental dos municípios com elevado Índice de Riscos de Desastres de Inundações no Litoral Brejo e Agreste do estado da Paraíba
ET1207	KENIA KAROLINE SOUSA DA CRUZ	Analisar os efeitos das mudanças hidrológicas causadas pelo projeto de transferência de água sobre os padrões biogeomorfológicos das margens.
ET0327	DANIEL AUGUSTO PROCOPIO COSTA BASTOS	Vulnerabilidade socioambiental dos municípios com elevado Índice de Riscos de Desastres de Inundações no Cariri/Curimataú Sertão e Alto Sertão do estado da Paraíba
ET1044	RENATO CANDIDO DUTRA DE ANDRADE	Análise matemática em espaços n-dimensionais
ET0982	JOAO GABRIEL LEITE NOGUEIRA MONTENEGRO BENTO	Cálculo das Variações em Variedades com Isometrias.
ET0470	NAYANNE PRISCILA SILVESTRE DE MELO	Introdução à Geometria Diferencial
ET0417	JAQUELINE NASCIMENTO DE LIMA	Teorema de Huisken
ET0767	MATEUS DE PAIVA PAES BARRETO	Um estudo de equações diferenciais parabólicas e hiperbólicas
ET1093	JOAO VICTOR BARROS COELHO	Superfícies no Espaço de Lorentz-Minkowski: um estudo das propriedades e elementos básicos neste modelo do Espaço-Tempo.
ET1182	IVANILDO SEVERINO FERREIRA JUNIOR	Uma Iniciação ao Estudo de Espaços Normados e algumas Aplicações
ET1211	GEYSIELLEN DOS SANTOS SALVINO	Introdução às Equações Diferencias Ordinárias
ET1268	MARIA EDUARDA LIRA FERREIRA	Superfícies em R3: um estudo das propriedades e elementos básicos
ET0457	ASSUERIO ANDRE CAVALCANTE	Análise em Variedades via o Laplaciano.
ET0196	AURILIO RODRIGUES MACHADO FILHO	Teoria do Grau Topológico e Aplicações
ET1180	GISLAINE GONCALVES DE OLIVEIRA	Séries e Transformada de Fourier com Aplicações em Equações Diferenciais
ET0410	LUIS EDUARDO DE SOUZA LIMA	Introdução às Equações Diferenciais Ordinárias e Aplicações
ET1126	RENAN SILVA SANTOS	Análise funcional aplicável à equações diferenciais parciais
ET0111	EDSON DE SOUZA SILVA	Introdução à Análise Funcional
ET1098	FLAVIO MEDEIROS DE FREITAS	Conceitos básicos da topologia geral
ET1118	MARIA LAURIANE RODRIGUES BARBOSA	Uma Introdução a Teoria de Homologia
ET1057	SALINE VASCONCELOS DE SOUZA	PURIFICAÇÃO CARACTERIZAÇÃO E CORRELAÇÃO LIPOFILICIDADE-BIOATIVIDADE DE N-(7-CLOROQUINOLIN-4-ILAMINO)ALQUILACETAMIDAS
ET1058	UILAMES DE ASSIS FERREIRA	ESTUDO DE CONDIÇÕES REACIONAIS PARA O DESENVOLVIMENTO DE N-(7-CLOROQUINOLIN-4-ILAMINO)ALQUILACETAMIDAS
ET0653	ANTONIO MARCOS FORMIGA JUNIOR	Avaliação no tratamento de águas subterrâneas com Moringa oleífera Lam através da otimização de experimentos por planejamentos fatoriais
ET0557	RYAN FREITAS DA SILVA	Híbridos moleculares de 124-oxadiazóis e naftoquinonas com potencialmente bioativos
ET0861	MICHELLE VALERIANO DE LIMA	Síntese e Caracterização de Novos Compostos Bis-Seleneto-N-Arilacetamidas
ET0702	DANIELE PEREIRA DA COSTA	Bentonita trocada com vanadila como adsorvente para fármacos
ET1195	KELLY TEOTONIO DE SOUSA	Aplicação de células íntegras de Geotrichum candidum na síntese de fenóis
ET1081	LUCAS DO NASCIMENTO DUARTE	Avaliação da durabilidade de goiabas revestidas por filmes poliméricos contendo aditivos
ET0125	ISAQUE AUGUSTO ARAGAO FEITOSA	Oxidações biomiméticas catalisadas por Mn-porfirinas imobilizadas em matriz inorgânica
ET0114	ANESSA JUDITE ALVES DA SILVA	DESENVOLVIMENTO RACIONAL DE COMPLEXOS LUMINESCENTES DE ÍONS LANTANÍDEOS COMO CATALISADORES: COMPLEXOS DE Eu(III) CONTENDO O ÍON ISOTIOCIANATO
ET0097	MARILIA CECILIA DA SILVA	Simulações de dinâmica molecular no equilíbrio da porção transmembrânica do receptor mGlu5 complexada com moduladores alostéricos
ET1273	JANAILDA DA SILVA VIEIRA	ELABORAÇÃO DE FILMES BIODEGRADÁVEIS  DE FÉCULA DE BATATA DOCE ADITIVADOS COM ANTIOXIDANTES NATURAIS PARA USO COMO EMBALAGENS ECO-AMIGÁVEIS
ET0006	RAFAEL ALEXANDRE DE OLIVEIRA	Síntese caracterização e propriedades de materiais luminescentes derivados do ácido 23-arilquinoxalinas-6-carboxílico
ET0858	JHONATAS DO NASCIMENTO CAMBOIM	ELABORAÇÃO DE FILMES BIODEGRADÁVEIS  DE FÉCULA DE INHAME ADITIVADOS COM ANTIOXIDANTES NATURAIS PARA USO COMO EMBALAGENS ECO-AMIGÁVEIS
ET0602	SAMUEL DA SILVA LIMA	Fotocatalisadores a base de MoO3 aplicados na degradação de corantes têxteis  2ª parte
ET0231	WILLIAM BELO DE LIMA	Compostos de coordenação dos íons Sm3+ Tb3+ e Dy3+ com ligantes dicetonatos e bis(fosfinóxidos)
ET0083	ASHLEY ANDERSSON SANTOS SANTANA DE JESUS	Novos complexos de íons lantanídeos contendo ligantes dicetonatos e bis(fosfinóxidos)
ET0099	LUCAS LUIS DE ALMEIDA SANTOS	DESENVOLVIMENTO RACIONAL DE COMPLEXOS LUMINESCENTES DE ÍONS LANTANÍDEOS COMO CATALISADORES: COMPLEXOS DE Eu(III) CONTENDO O ÍONS DITIOCARBAMATOS
ET0149	BIANCA RAFAELA AMARAL RAMOS	Simulação molecular da interação de CO2 com o líquido iônico Benzilimidazólio/Alquilsulfonato
ET0270	DAVI ALERHANDRO ALCANTARA OLIVEIRA	Síntese de complexos de paládio do tipo melofen e avaliação de suas atividades catalíticas frente a reação de Heck-Matsuda
ET1284	EMELLY FERNANDA LEMKUHLL	Desenvolvimento de métodos analíticos para extração e determinação fluorimétrica de HPAs em águas empregando pontos de carbono magnéticos em um sistema flow-batch
ET0385	RAISSA GOMES BRAGA	Otimização da separação dos microplásticos da areia da praia por flotação em soluções salinas saturadas
ET0324	JESSICA APARECIDA DOS SANTOS	Tratamento de amostras de microplástico para remoção de matéria orgânica
ET0463	SUSIELY SILVA TOMAZ	Híbridos de filossilicatos lamelares naturais com quitosana aplicados para interação com fármacos
ET1172	LAIS FERREIRA PESSOA	Utilização de Métodos Híbridos para a Determinação de pKa de Aminas Primárias Secundárias e Terciárias em Água e DMSO
ET0304	REBECA CARNEIRO GOMES	Desenvolvimento de um protocolo espectrofotométrico assistido por termogravimetria para determinação da absortividade molar de metaloporfirinas de relevância biomimética e medicinal
ET0325	ALAN FERREIRA ALVES	Atualização do Banco de Dados de Metabólitos Secundários e Reconhecimento de Padrão Químico da Família Asteraceae
ET0328	ITALO NICACIO DOS SANTOS GOMES DE FIGUEIREDO	Implementação paralela do algoritmo MOZYME no programa Quantum Scenery
ET1258	LILYAN CUNHA ALVES PONTES	Desenvolvimento de ferramentas de automação no lançamento de cálculos e  leitura de outputs nos pacotes CRYSTAL 17 e Quantum Espresso
ET1200	RODRIGO SOUZA COSTA	Avaliação Teórica dos Aspectos Estruturais Vibracionais e Energéticos do  K6Nb108O30 e do K3Li2Nb5O15 dopados ou não com cobre por DFT
ET0241	SUWELANE GOMES VIEIRA	Investigação do uso de solventes eutéticos profundos para a síntese de quinolinas com potencial atividade farmacológica
ET0695	NATHALIA FLORES LIMA	Diagnóstico ambiental de macroplásticos em biomas costeiros.
ET0962	MARIO JUNIOR GUEDES DE ASSIS ROCHA	Criação de Módulos de Extratos e Integração com o SistematX
ET0788	YOHANNA MARIA RODRIGUES MONTENEGRO	SÍNTESE E CARACTERIZAÇÃO DE NOVOS BIO-DES BASEADOS EM SAIS DE AMÔNIO QUATERNÁRIO PARA FORMULAÇÃO DE FILMES DE AMIDO
ET0334	CARLOS ERICKSON MELO DE FARIAS FILHO	Síntese caracterização e avaliação de Solventes Eutéticos Profundos para o preparo de amostras
OU1186	GABRIEL CORREIA SILVA	MONITORAMENTO DE POPULAÇÕES DE GRACILARIA CAUDATA J. AGARDH (RHODOPHYTA GRACILARIALES) SUBSÍDIOS AO USO SUSTENTÁVEL
ET0905	MARIA CLARA DO NASCIMENTO SANTOS	Composição e abundância de taliáceos ao largo do Arquipélago São Pedro e São Paulo
SB0717	JOSE WELTON GONCALO DE SOUSA	Parasitos de Peixes em Reservatórios do Plateau da Borborema
SB0031	KATARINA LUISA ARAUJO ROCHA DA SILVA	PERCEPÇÃO QUÍMICA E RESPOSTA COMPORTAMENTAL ENTRE INDIVÍDUOS INTRAESPECÍFICOS DO ESCORPIÃO Jaguajir rochae (BORELLI 1910) (ARACHNIDA: SCORPIONES)
SB0167	MARIA BEATRIZ FAGUNDES GOVEA PIZZO	Análise do efeito das mudanças climáticas na absorção atmosférica do canto de anúncio de anuros da Caatinga
SB0499	ELFIE FERNANDES DE SOUSA	Estudos sobre o gênero Cortinarius
SB1261	WYLMA REGINA DA SILVA	Identificação de táxons das categorias superiores de Membracinae (Hemiptera Auchenorrhyncha Membracidae) e obtenção de dados moleculares para uma filogenia.
OU1192	MARIA IZA DE ARAUJO BARBOSA	DESENVOLVIMENTO DE TÉCNICAS DE RECUPERAÇÃO DE BANCOS NATURAIS DE MACROALGAS MARINHAS SOBREEXPLOTADOS
SB0880	YASMIM DE SANTANA SANTOS	Diversidade e distribuição dos Gymnotiformes e Percomorpha não-Cichliformes de água doce do Estado da Paraíba
SB1009	EDUARDA DE JESUS SANTOS	Estimativa do serviço ecossistêmico de controle de pragas do feijão pela vegetação nativa da Caatinga
SB1113	ALYCE PAIVA ALEXANDRE	Estimativa do serviço ecossistêmico de controle de pragas do milho pela vegetação nativa da Caatinga
SB0360	DAVID LUCAS AMORIM LOPES	Fenologia de espécies usadas na composição de telhados verdes em diferentes matrizes urbanas de vegetação
SB0077	MARIA EDUARDA LOPES DA SILVA	Diversidade de polinizadores de Passiflora edulis e percepção dos produtores de cultivos orgânico e convencional no Nordeste do Brasil
SB0718	GABRIEL DAVID MOURA DE FIGUEIREDO	Como o microclima afeta o canto de anúncio de anuros da Caatinga?
SB0796	JOÃO PAULO NUNES DE ANDRADE PEREIRA	Taxonomia e diversidade de Syrphidae (Diptera) do Assentamento Queimadas (Remígio/PB)
SB0986	HILLARY BATISTA DO NASCIMENTO	Mapeamento das áreas adequadas para o cultivo de Crassiphycus birdiae em cenários de mudanças climáticas
SB0164	WILLIAN BRITO SOARES DA ANUNCIACAO	Organização e informatização da Coleção de Aracnídeos e Miriápodes da UFPB
SB0746	IGOR ESPINOLA WINKELER	Parasitos de Peixes em Reservatórios da Bacia do Rio Paraíba
SB0625	KHALIL GRISI VELOSO MENDES	Presença de fragmentos naturais de mata e sua relação com polinizadores em cultivos orgânico e convencional no Nordeste do Brasil
SB0831	MATEUS DA SILVA MARTINS	Caracterização taxonômica de Hemigrammus rodwayi Durbin do Nordeste do Brasil
SB0459	GABRIEL BRAYNER FERRARIO	Revisão e descrição das larvas de Pycnogonida presentes na Coleção de Invertebrados Marinhos Paulo Young UFPB
ET1183	ALANA GANDALA DA SILVA	Composição de espécies e abundância de cnidários planctônicos ao largo do Atol das Rocas e Fernando de Noronha
ET0147	HERBERT MELO VIEIRA	Caracterização de reatores adsortivos aplicados a refrigeração
ET0411	ANA EDUARDA RODRIGUES DE OLIVEIRA	Biofertilizante: Viabilidade Técnica no Cultivo de Hortaliças
ET0614	MARIA EDUARDA TAVARES DOS SANTOS	Uso de catalisadores para produção de hidrogênio a partir do biogás
ET0720	ANTONIO ELIAS TEIXEIRA NETO	Produção do Biogás Utilizando Lixo Orgânico
ET0483	ESTEVAO NOGUEIRA DE BULHOES	Estudo da gaseificação com CO2 de resíduos sólidos
ET0493	PATRICIA RAFAELA ALVES SANTOS	DESENVOLVIMENTO DE UM MODELO DE CAMADA LIMITE ATMOSFÉRICA CAPAZ DE PREVER ALTERAÇÕES NA RUGOSIDADE DO SOLO
ET0801	ROSIMAR GRACO TIBURCIO BARRETO	Adaptação do método MPFA para solução de problemas de transferência de calor transiente em materiais compósitos não lineares
ET0484	RUAN CARLOS VIRGINIO DOS SANTOS	Estudo das topologias com conversor trifásico em cascata com pontes H com barramentos CC flutuantes empregando FCS-MPC operando como retificador
ET0925	IARYSSA PACHECO TELES	Estudo da topologia com terminais abertos com barramento CC flutuante empregando FCS-MPC operando como retificador
ET0541	FABIO VICTOR ALVES DE QUEIROZ	Catalisadores de Ferritas para a Degradação de Azul de Metileno usando fotocatálise Solar
HS0142	BEATRIZ RIBEIRO PETRUCCI PADILHA	LOCALIZAÇÃO E ESPECIALIZAÇÃO DA PRODUÇÃO DOS PRODUTOS MADEIREIROS NO RIO GRANDE DO NORTE
ET0551	JOAO VICTOR BEZERRA DE ARAUJO PRIMO	Desenvolvimento de Protótipo para Coleta Automática de Índices de Lumínicos e Térmicos
ET0546	KALIEL PEREIRA DANTAS	Simulação da Iluminação Natural em Salas de Aula e seus Impactos nas decisões Projetuais
ET0692	MAYCON FAGNER DE OLIVEIRA MENESES	Avaliação da eficiência absorvedora das Superfícies Solares Envelhecidas
ET0712	JULIA ALVES SANTOS	Métodos de Interpolação Espacial Aplicados às Variáveis Climáticas e Solarimétricas no Estado da Paraíba
ET0473	BEATRIZ FERREIRA DE OLIVEIRA	Obtenção das Superfícies Solares Absorvedoras
ET0847	FELIPE ARTHUR GAMA PEREIRA DINIZ	Avaliação da eficiência energética de sistemas de geração híbridos fotovoltaicos e térmicos com uso de divisores ópticos de radiação
ET0023	MATHEUS BARBOSA MONTEIRO	Realização de um Modelo Transiente para Simulação de Painéis Fotovoltaicos.
ET1216	ITALO SIBALDO SANTOS DE OLIVEIRA	Estudo e controle de sistemas híbridos de armazenamento de energia conectados à rede elétrica
ET0716	CAMILA REGO DE ANDRADE	PRODUÇÃO DE HIDROGÊNIO VERDE NO SEMIÁRIDO BRASILEIRO VIA ELETRÓLISE DA ÁGUA ASSISTIDA POR ENERGIA SOLAR FOTOVOLTAICA
ET0854	JULIANA ROSA LEITE ARAUJO PEREIRA	MODELAGEM SIMULAÇÃO E OTIMIZAÇÃO DE CÉLULAS DE COMBUSTÍVEL DE ÓXIDO SÓLIDO
ET0771	JOAO PEDRO GONCALVES DE SOUZA SOARES	UM TUTORIAL VISUAL DA MODELAGEM DE UMA CÉLULA A COMBUSTÍVEL DE ÓXIDO SÓLIDO PLANAR
ET1065	MARIA CLARA CAVALCANTE NUNES	Modelagem Numérica de um Coletor Solar de Placa Plana
ET0751	LUCAS MEDEIROS DE FRANCA	Superfícies seletivas para coletores térmicos em sistemas de geração híbridos fotovoltaicos e térmicos
ET0843	JULIANA FERNANDES FERREIRA PADUA	Influência do clima na produção fotovoltaica no estado da Paraíba
ET0320	VITORIA ALVES MARQUES	Modelagem da Ventilação Natural e seus impactos na qualidade do ar e no conforto térmico de salas de aula
ET0248	LIMARA ISADORA COSTA SOARES	Estudo Da Ventilação Natural Para Melhoria Da Eficiência Energética de Edifício Universitário
ET0291	PAULA BARROS DE SOUSA	Desenvolvimento de Transdutor Físico Químico que Utiliza Modo de Interrogação Ângular e Espectral
ET0808	ANTONIO FELIX DA SILVA JÚNIOR	Desenvolvimento do acoplamento direto do motor CA de indução com a roda do veículo
ET0157	MARIA PAULA MEDEIROS GOMES MIGUEL	Estudo e Avaliação de absorvedores solares com diferentes revestimentos quasicristalinos para colheita de energia térmica
ET1178	MARCELO HENRIQUE FERRO MENDES DE SOUZA	Controle e modos de operação de um inversor de nove chaves integrado a sistema fotovoltaico
ET0851	GABRIEL LUCENA DE OLIVEIRA	Controle Direto pela Potência usando Controle Preditivo
ET0884	ADNA KALLERY SANTOS DA SILVA	Estudo e implementação de um circuito de um Conversor Analógicos-para-Informação para Nó Sensor sem Fio baseado em LoRa
ET0440	MATEUS NAVARRO RIBEIRO DE LIMA	Revisão e Estudo de Controladores para Conversores Multiportas
ET0724	LUCAS CARLOS DA SILVA	Previsão do Preço do Credito de Carbono usando Redes Neurais Recorrentes
ET0382	RUBEN DA CRUZ FERREIRA	Filtro Ativo de Potência Paralelo usando Controle Preditivo.
ET1015	MAURICIO LARROYD LANDO	Desenvolvimento de data-logger para monitoramento de incêndios controlados
ET0907	JULIA DO NASCIMENTO MARTINS CABRAL	Desenvolvimento de IA para reconhecimento de componentes eletrônicos
ET0211	LUCAS ALBERTO DE MENDONCA FERREIRA	Implementação de uma Rede de Sensores Sem Fio e Análise do Desempenho para Aplicações de IoT em um Campus Inteligente
ET0923	JEFFERSON LEANDRO DO NASCIMENTO	Sistema de Acionamento com máquina de indução eneafásica
ET0699	PAULO GABRIEL MARTINS LEANDRO	Conversão de energia em um sistema PV residencial conectado à rede
ET0682	WESLEY HENRIQUE DANTAS FURTADO	Integração da plataforma Multi-Mapa com o programa OpenDSS® utilizando Python
ET0897	WENDELL DANIEL FERNANDES DE SOUSA	Ressonador baseado em linhas acopladas aplicado à concepção de VCO 80 GHz
ET0811	RENATO FONSÊCA NETO	Concepção do diferencial elétrico com motores CA de indução
ET0906	PEDRO HENRIQUE PINTO CAVALCANTE	Dispositivo eletrônico para geração de campo magnético controlado com núcleo aberto para medição do comportamento da LMFM
ET0735	LUCAS BARBOSA DA SILVA	Escolha e dimensionamento de motores elétricos de indução de noves fases para um veículo elétrico de teste
ET0929	LUCAS YURI HENRIQUE DE ARAUJO	Impacto do uso de transistores NMOS ou PMOS no ruído de fase de um VCO 80 GHz
ET1017	TIAGO DOS SANTOS PAIVA	Sistema Fotovoltaico com Suprimento de Carga e Conectado à Rede Elétrica
ET0715	LUCAS DANTAS DE OLIVEIRA	ESTIMAÇÃO DO TEMPO DE TRÂNSITO ULTRASSÔNICO UTILIZANDO INTELIGÊNCIA ARTIFICIAL
ET0896	JOSE HELIO BENTO DA SILVA	MODELAGEM DE UM SISTEMA DE MEDIÇÃO DA VELOCIDADE DO VENTO UTILIZANDO TRANSDUTORES ULTRASSÔNICOS
ET0038	MARIA VICTORIA GRISI PINHEIRO FABIAO DE ARAUJO	Uma Aplicação para Criação Colaborativa de Histórias Auxiliadas por um Modelo de Linguagem
ET0446	VICTOR EMMANUEL MOREIRA LEITE MORORO	Algoritmo heurístico para o problema do caixeiro viajante com tempos de liberação
ET0424	JULIANA DANTAS ARANHA DA COSTA	Algoritmos eficientes para problemas de roteamento de veículos em círculos
ET0313	RENATA MENDES PEREIRA CAMPOS	Algoritmo exato para o problema do caixeiro viajante com tempos de liberação
ET0820	LARISSA GOMES MARINHO	Algoritmos eficientes para problemas robustos de sistemas de compartilhamento de bicicletas
OU0613	MARIA BARBARA BORGES DE SANTANA	Desenvolvimento de banco de dados de peptídeos antimicrobianos de Cannabis sativa
ET0392	RENATO DOS SANTOS MONTEIRO	Estratégias de aprendizado adversário para o desenvolvimento de modelos de aprendizado de máquina justos
ET1014	RYAN MATHEUS DA SILVA LEAL	Implementação de técnicas de criptografia em dispositivos e-health (dispositivos vestíveis) que usam a tecnologia BLE como forma de mitigação de ataques cibernéticos
ET1051	RAPHAEL LEITE DA COSTA NASCIMENTO	Entendendo e experimentando falhas de segurança em aplicações BLE
ET0627	FELIPE MELO FELICIANO DE SA	Testes de usuário e comparação com sistemas de recomendação
ET0629	ISAAC NOBREGA MARINHO	História e evolução das interfaces de interação
ET0697	THIAGO HENRIQUE COELHO TAVARES DA SILVA	Implementação do sistema
ET0769	MATEUS FREITAS CORREIA	Implementação de um Ambiente de Validação de Modelos de Aprendizagem de Máquina para Gerenciamento de Redes LoRaWAN
ET0533	LEANDRO LUCAS DE OLIVEIRA BANDEIRA	O problema de programação de sessões técnicas de conferências com avaliadores
ET0700	CARLOS VINICIUS COSTA NEVES	Algoritmos eficientes para problemas de roteamento de veículos
ET0561	LARA DI CAVALCANTI PONTES	Algoritmos eficientes para problemas de escalonamento de tarefas
HS0813	RONALDO SOARES DOS SANTOS	MAPEAMENTO DO RUÍDO DE TRÁFEGO COMO FERRAMENTA DE APOIO AO PLANEJAMENTO URBANO: UM ESTUDO DE CASO DO BAIRRO JARDIM OCEANIA EM JOÃO PESSOA/PB
HS0045	MARIA LAURA VASCONCELOS ARAUJO	Caminhabilidade tecnologia e contexto pandêmico: definindo critérios de avaliação
HS0914	TAMIRES EMANUELE AMORIM DE OLIVEIRA	A influência do ambiente construído sobre o conforto térmico urbano nos Bairros Jardim Oceania e Bessa na cidade de João Pessoa/PB
HS0901	ALINE GABRIELA DA SILVA	A influência do ambiente construído sobre o conforto térmico urbano nos Bairros Expedicionários e Aeroclube na cidade de João Pessoa/PB
HS0075	ANDERSON GUEDES DANTAS	Projetar com empatia espacial: explorando ferramentas e experiências para práticas colaborativas
HS0478	HENRIQUE CLAUDINO PALITOT MOREIRA NOBREGA	A diversidade de ladrilhos hidráulicos em pisos de edificações do Centro Histórico da cidade de João Pessoa na 1ª metade do século XX
HS0766	ANA BEATRIZ DE MEDEIROS MOURA	Estudo de uso dos materiais compósitos como componentes arquitetônicos: simulação computacional
HS0254	VICTOR MOREIRA DE FREITAS	A diversidade de texturas e relevos como ornamento de fachadas na arquitetura do Centro Histórico da cidade de João Pessoa na 1ª metade do século XX
HS0889	SARA DA GRAÇA FERNANDES DA SILVA	Confecção e caracterização de materiais compósitos de fibra vegetal
HS0450	CAMILA MARCELINO DE ALMEIDA	A influência do ambiente construído sobre o conforto térmico urbano nos Bairros Manaíra e Cabo Branco na cidade de João Pessoa/PB.
ET1141	VICTHOR BRENNO FARIAS TEIXEIRA	Uma análise crítica da aplicabilidade dos Domínios Tráfego e Circulação Urbana Sistemas de Transporte Urbano Modos não Motorizados e Acessibilidade referentes ao Índice de Mobilidade Urbana Sustentável (IMUS)
ET1114	FLAVIA MARIA ALENCAR SARMENTO	O papel da agroecologia para o desenvolvimento de uma bioeconomia sustentável e inclusiva no Brasil: um estudo de caso
ET0659	PEDRO DE SOUSA FORMIGA	CONCRETO SUSTENTÁVEL PRODUZIDO COM RCD E RESÍDUOS CERÂMICOS
ET0260	LUCCAS MATHEUS TORRES FREITAS	Detecção e remoção automática de nuvens e sombras de nuvens em imagens obtidas de dados de sensoriamento remoto
ET0497	ANA JULIA CONSERVA LOSADA MOREIRA	Identificação de Soluções Ótimas em Desenvolvimentos de Baixo Impacto (Low Impact Development) Considerando a Combinação de Telhado Verde Pavimento Permeável e Biorretenção
ET1054	ABNER LINS SILVA	Análise de qualidade de dados de chuva na escala subhorária
ET0273	GLEYCIELLE RODRIGUES DO NASCIMENTO	Modelagem baseado em imagens orbitais com detecção e remoção automática de nuvens e sombras de nuvens
ET0945	DAVI LOPES VIANA SILVA	Avaliação do Ciclo de Vida social (ACVS) em Sistema de Gestão de Resíduos Sólidos Urbanos
OU0956	MARCIO MATTOS CARVALHO CABRAL E SILVA	Aplicação do modelo Height Above the Nearest Drainage (HAND) para avaliação de áreas inundadas: uma revisão global.
OU0656	LUIZ GUSTAVO PEREIRA SANTOS	Avaliação da eficiência da Lagoa do Paó em Alagoa Grande PB para contenção de cheias utilizando o modelo HAND.
ET0576	NATALIA MARIA MENDES SILVA	Mudança de escala na rede de drenagem derivada de modelo digital de terreno de alta resolução espacial
ET1145	MIRELA PEREIRA DE ANDRADE	Uma análise crítica da aplicabilidade prática dos Domínios Aspectos Ambientais Aspectos Sociais Aspectos Políticos Infraestrutura de Transportes Planejamento Integrado referentes ao Índice de Mobilidade Urbana Sustentável (IMUS)
ET0173	LUCAS FREITAS DE LUCENA	Seleção e formulação matemática de modelo de qualidade da água como apoio à gestão das águas da bacia do Rio Jaguaribe - PB
SB0542	LEONARDO TRINDADE FERREIRA	Tratamento de águas utilizando sementes de moringa oleífera
ET0809	GABRIEL ANDY DA SILVA LUCENA	Eficiência da Moringa Oleífera Lam. como coagulantes naturais para melhoria da qualidade da água sendo a cor e a turbidez consideradas os parâmetros de controle.
ET0406	DENNER VIANNA SANTOS FERREIRA	Índices de prioridade para gerência da manutenção de pontes rodoviárias
ET1110	WALBERG SOARES DE OLIVEIRA	Análise das soluções de mobilidade urbana adotadas para lidar com os impactos gerados pela pandemia da COVID-19
ET1109	REBECA SOARES BACELAR	Análise dos impactos gerados pela pandemia da COVID-19 na mobilidade urbana
ET0372	DANIEL BEZERRA DE OLIVEIRA	SOLUÇÕES ANALITICAS DE SISTEMAS PLACAS DUPLAS ESPESSAS DE ELASTICAMENTE CONECTADOS POR BASE DE PASTERNAK
ET0993	MARIA CAROLINY NASCIMENTO DA SILVA	Argamassa Sustentável Produzida com RCD e Resíduos Cerâmicos
ET1173	TARCISIO LUIZ MATOS ALMEIDA FILHO	Sistema de Compostagem de Serrapilheira como Estratégia de Transição para os Objetivos de Desenvolvimento Sustentável. Estudo de Caso: Universidade Federal da Paraíba/Campus I
ET1074	ALANNA DINIZ MACEDO	Análise Econômica do Gerenciamento de Resíduos Sólidos do Município de João Pessoa a Partir da Aplicação do Custo de Ciclo de Vida (CCV)
ET0933	LUCIANA RODRIGUES CIRINO	Utilização da Avaliação do Ciclo de Vida Social para analisar a contribuição de programas de gestão de resíduos sólidos em instituições de ensino superior para o alcance dos Objetivos de Desenvolvimento Sustentável
ET0747	JOAO PEDRO PEIXOTO SMITH GUERRA	Caracterização e identificação de usos e fontes de poluição da bacia do Rio Jaguaribe na cidade de João Pessoa (PB)
ET0919	GABRIEL MURILO SANTIAGO DOS ANJOS	Validação de um sistema de sensores de baixo custo composto por placas NodeMCU e Raspberry Pi
ET0285	PEDRO LUCENA BARRETO	Caracterização do lodo produzido no processo de tratamento simplificado da água utilizando a Moringa como coagulante natural
ET0100	GLEICE KELLY RODRIGUES TEIXEIRA DO NASCIMENTO	Otimização de parâmetros interferentes no processo de coagulação/floculação para clarificação da água para pequenas comunidades
SB0829	ITAMINE DA SILVA NASCIMENTO	DESENVOLVIMENTO E ESTUDO DE ESTABILIDADE DE MISTURA PRONTA EM PÓ PARA PREPARO DE PURÊ DE CABOTIÁ (Curcubita moschata X Curcubita máxima)
SB0184	LUKAS PHELLIPE GUEDES BARBOSA	Caracterização do pó e da mistura pronta em pó para preparo de puré Cabotiá (Curcubita moschata X Curcubita máxima)
SB0539	RITA DE CASSIA BRILHANTE TAVARES PEREIRA	PRODUÇÃO DE FLAVORIZANTE A PARTIR DE SUBPRODUTOS (VISCERAS) DE CAPRINOS
SB0601	GIVANILDO LUIS FERNANDES	Acompanhamento cinético da fermentação e características físico-químicas da cerveja artesanal com adição de polpa do fruto do mandacaru (Cereus jamacaru)
SB0749	JERFFESON DE LIMA TAVARES	Hidrolisado proteico de ossos de frango caipira: Aplicação aromatizante
ET0512	JOSE VINICIUS MELO BARRETO	Cinética de cura de epóxi natural com isosorbida e ácidos dicarboxílicos
ET1262	VINICIUS DE GOIS LUCENA	Fundição por indução de alumínio com adição de cinzas oriundas da queima da folha da bananeira como fase de reforço
ET0472	PEDRO THIAGO BARROS DE ALMEIDA	Análise da influência do aditivo biopolimérico à base de cacto Cereus jamacaru no desempenho das argamassas de cimento Portland para aplicação de revestimento externo
ET1022	JESSICA EMIDIO PEREIRA	Desenvolvimento de Cerâmicas Porosas utilizando Resíduo do Beneficiamento da Mandioca em Formulações da Cerâmica Branca
ET0479	BRENDA RATHGE AMORIM	Desenvolvimento de Cerâmicas Porosas utilizando Resíduo do Beneficiamento da Mandioca em Formulações da Cerâmica Vermelha
ET0758	LUIZ HENRIQUE DA SILVA FRANCO	AVALIAÇÃO DAS TEMPERATURAS DE TRANSFORMAÇÃO DE FASES DE LIGAS COM EFEITO MEMÓRIA DE FORMA CuAl COM ADIÇÕES DE Sn
ET0527	IGOR BOLOGNANI DE OLIVEIRA	Eletrodos de oxigênio para células a combustível: estudo de compósitos cobaltita de cálcio/céria-gadolínia
ET0938	HENRIQUE ANTONIO DE FIGUEIREDO	Nanocompósitos de Blenda de PEAD/PEUAMM com Óxido de Grafeno Reduzido
ET0238	HERCULES FELIX LUSTOZA	Caracterização Termomagnética de ligas Heusler Ni50Mn37Sn13-xNbx (x = 1 2 3).
ET1280	DANIEL GERMANO PEREIRA FERNANDES	Estudo da sobreposição do passe de revenimento em relação ao último passe de cordão de solda para tratar termicamente a ZTA
ET0756	LUCAS SILVA DO CARMO	Estudo das variáveis do processo INROWASP para obtenção de ligas de alumínio quasicristalinas recicladas
ET0909	AMANDA MENESES ARAUJO	BioPUs: Síntese de PUs baseados em OSE
ET0315	ARIELY VITORIA BEZERRA LIMA	Caracterização Termomagnética de ligas Heusler Ni50Mn37Sn13-xSix (x = 1 2 3).
ET1080	LOURIANE LEMOS LINS	Avaliação de novos nichos de mercado da construção civil para a madeira plástica
ET0713	JACYARA FLORENCIO FERREIRA	Caracterização físico-química de membranas adesivas de PVP/Quitosana
ET0689	PEDRO HENRIQUE ALVES GARCIA	Analise Microestrutural da Microdureza e Resistencia a tração da Liga Al-20Si-05Mg obtida pelo Processo squeeze Casting
ET0835	CLARICE CARDOSO SOARES	Caracterização Termomagnética de ligas Heusler Ni50Mn37Sn13-xCux (x = 1 2 3).
ET1124	JUAN DE PAULA DA SILVA CRUZ	Nanofibras de carbono a base de Poliacrilonitrila (PAN) por Solution Blow Spinning: otimização dos parâmetros de fiação
ET0761	PEDRO FREIRE CHAVES NETO	Otimização da técnica de solution blow spinning (sbs) para produção de fibras
ET0805	ANA BEATRIZ OLIVEIRA REGO BARROS	Avaliação da Estabilidade de Suspenção Coloidal de Nanopartículas de Prata Biogênica
ET0775	ILENA REBECA ALVES DOS SANTOS SOUZA	Influência do Método de incorporação de nanopartículas de prata (AgNPs) na hidrofilidade e na morfologia de revestimento a base de copoli(etileno-alcool vinílico) com nanocristais de celulose (EVOH/NCC)
ET0812	GABRIEL CAVALCANTE GOMES DUARTE	Grafeno dopado com Nióbio
ET0663	IRIS KEMILLY DUARTE VIEIRA	Analisar a influência da dopagem do metal de transição manganês na resposta magnética térmica e elétrica da matriz semicondutora de ZnO
ET0838	ROSELYNE MARILIA DIAS DE SOUZA	Adição de partículas de cobre em matriz polimérica à base de polihidroxibutirato
ET1000	NAYARA MAIZA CORDEIRO DOS SANTOS	Adição de partículas de níquel em matriz polimérica à base de polihidroxibutirato
ET0764	GABRIELA SANTOS DA SILVA	Estudo para obtenção de compósitos com matriz metálica de bronze reforçados com partículas quasicristalinas por imersão em banho fundido
ET0516	ALEX SILVINO BARATA LOPES	Nanoemulsões contendo óleos essenciais para tratamento de queimaduras
ET0514	BRUNA GIOVANNA BARBOSA DOS SANTOS	Preparação das membranas de quitosana contendo as nanoemulsões à base de óleos essenciais
ET0910	MOISES MARQUES PAIVA	Avaliação da propriedade adesivas de Membrana de PVP/Quitosana
ET0965	IASMIN CARLA MARTINS SOARES	Nanocompósitos de Blenda de PEAD/PEUAMM com Óxido de Grafeno
ET1023	SAVIO MOURA LOPES	Eletrodos à base de Ca3Co4O9 (C349) dopada com Fe para a reação de evolução de oxigênio
ET1279	RYAN FERREIRA DOS SANTOS	Processabilidade de blendas de PEAD/PEUAMM  a partir do reometro de torque
ET0837	HUMBERTO RUFFO BISNETO	Influência do Método de incorporação de nanopartículas de prata (AgNPs) na hidrofilidade e resistência mecânica de substrato celulósico revestido com poli(estireno-co-butadieno)/nanocristais de celulose (SB/NCC)
ET0885	ADAILTON FIDELIS RODRIGUES JUNIOR	Influência na Variação Microestrutural Microdureza e Resistencia a tração da Liga Al-45Cu-05Mg obtida pelo Processo squeeze Casting
ET0024	ANDERSON CARLOS LIMA PEREIRA	Deposição de partículas fotocatalíticas em revestimento polimérico híbrido PMMA/PU
ET0804	ANTHONY BESSA DA SILVA	Desenvolvimento de Sistema de Monitoramento da Contaminação das Sementes Crioulas de milho por transgênicos
ET0727	TAYLOR KLAUS CANTALICE NOBREGA	Algoritmos de Programação Inteira Aplicados a Problemas de Dimensionamento de Lotes
ET0294	JOAO LUCAS NASCIMENTO MELO	Barreiras e desafios para a implementação da economia circular: uma revisão sistemática da literatura
ET0279	THAYSE ANDREZA DE MEDEIROS COSTA	Viabilidade econômica de sistemas híbridos de geração distribuída eólico-fotovoltaico com armazenamento de energia em baterias
ET1073	MATHEUS MEDEIROS THE	ESTUDO DA CORRELAÇÃO ENTRE ASPECTOS DA MORFOLOGIA URBANA E OS NÍVEIS DE RADIAÇÃO NÃO IONIZANTE EM AMBIENTES DE TRABALHO REMOTO
ET0860	BEATRIZ QUIRINO DOS SANTOS	Morfologia urbana emergência climática e doenças cardiorrespiratórias: uma análise relacional em áreas do município de João pessoa
ET1134	JULYANA GERVAZIO SILVA PORTO	Mapear as ferramentas empregadas pelas empresas para mitigar riscos e sua forma de operacionalização na cadeia de suprimentos.
ET0594	ENZO VITOR COSTA MAGALHAES	Avaliação de prontidão para a implementação do lean healthcare usando lógica fuzzy.
ET0556	THAINA LETTICIA DOS SANTOS PALA	Uma abordagem teórica de grafos para avaliar a prontidão para a implementação do lean healthcare
ET1196	KETHELLEN FIGUEREDO FIDELES DA SILVA	Rastrear empresas que utilizam a estratégia Omnichannel na formação de sua cadeia de suprimentos e os riscos associados à implementação dessa estratégia
ET0316	RODRIGO DELLA LIBERA	MONITORANDO ESPÉCIES E VARIEDADES DE SEMENTES CRIOULAS NOS BANCOS COMUNITÁRIOS DO TERRITÓRIO DA BORBOREMA-PB
ET0737	FABIANO DE SOUZA CHAVES COLACO	Desenvolvimento de um atuador rotativo aplicado na automação do câmbio de um protótipo de competição
ET0187	FRANCISCO CHARLES MARECO ABRANTES	Estudo das propriedades térmicas de superfícies de cobre revestidas com o pó de ligas metálicas complexas AlCuFeB e AlCuCo para aplicação como absorvedores solares em colheita de energia
ET0234	MATHEUS DE SOUZA FRAZAO	DESENVOLVIMENTO DE UMA INTERFACE PARA IDENTIFICAÇÃO DE PADRÃO PARA O DIAGNÓSTICO DE INSUFICIÊNCIA CARDÍACA UTILIZANDO REDE NEURAL ARTIFICIAL
ET0220	JOAO PEDRO CRUZ DE ALMEIDA	FUSÃO DE LIGAS DE ALTA ENTROPIA
ET0926	AMANDA CAROLINE ALVES GOMES	ANÁLISE NUMÉRICA MODAL EM TERMINAIS DE CILINDROS HIDRÁULICOS DE UM MOINHO DE ROLOS.
ET0616	EDUARDO GUEDES COSTA	Sistema de aquisição e monitoramento de motores de indução trifásicos usando big data em ambiente industrial
ET0310	RAFAEL DE SOUSA ZANNI	LIGAS DE ALTA ENTROPIA: PROPRIEDADES MECÂNICAS
ET0558	BARBARA GALVAO MIRANDA	Caracterização microestrutural de superfícies revestidas de ligas complexas AlCuFeB e AlCuCo para aplicação como absorvedores solares e estudo da influência das microestruturas icosaedrais e decagonais nas propriedades mecânicas dos revestimentos.
SB0763	MATHEUS ITALO FERREIRA NEVES	Produção de fermentado alcoólico de abacaxi e algaroba gaseificado: Estudo cinético da fermentação e caracterização físico-química do produto.
ET0321	JOYCE KELLY DOS SANTOS ALVES	Isotermas de adsorção dos pós das folhas do alecrim
ET0655	JADSON GONÇALVES BATISTA	ESTIMATIVA DE PARÂMETROS DO CULTIVO SUBMERSO DA PRODUÇÃO DE ETANOL
ET0543	SARAH BEATRIZ RODRIGUES DA CRUZ	Síntese do fotocatalisador ZnFe2O4/g-C3N4 em diferentes proporções mássicas e sua aplicação na fotodegradação de fármacos
ET1142	JULIA GOMES MARTINIANO PEREIRA	ISOLAMENTO E SELEÇÃO DE MICRORGANISMOS PROMOTORES DE CRESCIMENTO VEGETAL DA RIZOSFERA DE TAMBORIL (Enterolobium contorsiliquum)
SB0992	FERNANDA AZEVEDO CORDEIRO DE MELO	Avaliação da atividade antimicrobiana de saneantes com ação desinfetante e determinação da concentração inibitória mínima (CIM)
ET0899	JARDYELLE BEATRIZ DE SANTANA	PREPARO E CARACTERIZAÇÃO DE ARGILAS FUNCIONALIZADAS COM AMINAS
ET0289	LUANA LEITE RAMOS	Síntese do fotocatalisador ZnO/g-C3N4 em diferentes proporções mássicas de g-C3N4 e sua aplicação na fotodegradação de fármacos
ET0881	BRENNA MENDES DIAS	AVALIAÇÃO DA PERMEABILIDADE E DO VOLUME DE FILTRADO DE FLUIDOS DE PERFURAÇÃO DE PETRÓLEO FORMULADOS POR MICROEMULSÃO
ET0755	SUEVELLY BEATRIZ SANTANA DE SOUSA	Síntese dos fotocatalisadores ZnO ZnFe2O4 e g-C3N4 e sua aplicação na fotodegradação de fármacos
ET0052	GIOVANNA LAIS RODRIGUES LEAL	FORMULAÇÃO DE FLUIDO DE PERFURAÇÃO DE PETRÓLEO A PARTIR DE SISTEMAS MICROEMULSIONADOS UTILIZANDO TENSOATIVOS IÔNICOS OU NÃO IÔNICOS
ET0687	ALYNNE MAYARA DE SOUZA MORAES	Análise fitoquímica do pó da folha de noni (Morinda Citrifolia Linn) e Desenvolvimento de formulação capilar (shampoo e condicionador) e avaliação das formulações cosméticas sobre a penteabilidade e brilho dos cabelos
ET0711	JOSE CARLOS DINIZ FILHO	CONTROLE PREDITIVO DE MODELO ROBUSTO ESTENDIDO PARA PLANTAS DE CAPTURA DE CARBONO
SB1260	LUCAS VITOR DE ARAUJO SANTOS	Aplicação do extrato enzimático no processo de clarificação de vinho branco
SB1212	BRUNNO STEFANO OLIVEIRA GADELHA	Estudo do processo da cinética fermentativa da produção de lipídeos e carotenoides por Rhodothorula glutinis utilizando a manipueira como substrato
SB1139	RENATA ELLEN CLEMENTE DA SILVA	Análise microbiológica de produtos saneantes comerciais e clandestinos
ET0585	MARTHA MARIA GOMES NOBREGA	Isotermas de adsorção das folhas de manjericão
ET1264	HELOISA VILHENA DE ALMEIDA	Caracterização físico-química da salsa em pó (Petroselinum crispum Mill.)
ET0824	HUMBERTO GERALDO LOPES FERNANDES JUNIOR	SENSORES VIRTUAIS EMPREGANDO APRENDIZADO DE MÁQUINA EM PLANTAS DE CAPTURA DE CARBONO
ET1143	ROSYELLE MAYARA DIAS DE SOUZA	Remoção de corantes a partir de ensaios de adsorção utilizando fibra de sisal (Agave sisalana)
ET1061	RONALD HENRIQUE RODRIGUES DELFINO DA SILVA	ISOLAMENTO E SELEÇÃO DE MICRORGANISMOS PROMOTORES DE CRESCIMENTO VEGETAL DA RIZOSFERA DE SABIÁ (Mimosa caesalpiniifolia)
ET0989	RAFAEL SANTOS DREHER	EXPERIMENTOS DE ADSORÇÃO DE CO2
ET1122	SARA OLIVEIRA FEITOSA	SÍNTESE E CARACTERIZAÇÃO DA ZEÓLITA ZSM-5 COM FONTE ALTERNATIVA DE SÍLICA
SB1150	TARSILA GONCALVES FEITOZA	VIABILIDADE DE Levilactobacillus brevis ISOLADO DE FRUTAS ADICIONADO EM CHIPS DE BATATA DOCE
SB1190	BARBARA DE LIMA PONCIANO COSTA	PARÂMETROS FISICO-QUÍMICOS DE CHIPS DE BATATA DOCE ADICIONADO DE Levilactobacillus brevis ISOLADOS DE FRUTAS
HS0369	MARCIA MARIA DE FIGUEIREDO MACIEL	Inserção da Empresa Júnior Degustar no processo de ensino e aprendizagem do curso de gastronomia
SB1181	TATIANA ZANELLA RODRIGUES	Avaliação in vitro da atividade antifúngica de revestimentos elaborados de resíduos da mandiocultura e extrato etanólico de Terminalia catappa L.
SB0785	ANA CLARA DA SILVA DUARTE	Produção de geleia de Araçá-amarelo (Psidium cattleianum Sabine) e avaliação de compostos antioxidantes e atividade antibacteriana
SB1158	TAISA VIEIRA FERNANDES	Avaliação do potencial de utilização do leite de coco verde em pó na elaboração de bebidas saborizadas plant-based.
SB1157	CARLOS ANTONIO HENRIQUE SOBRINHO	Produção e caracterização de sorbets potencialmente probióticos elaborados com leite de coco verde em pó
HS0061	WILLYANNE DE FREITA FELIX	Desenvolvimento de ferramentas financeiras para aplicação na educação de futuros profissionais da gastronomia
HS0015	ANTONIO AGAILDES SAMPAIO FERREIRA	O paradoxo da inclusão na gastronomia: midiaticamente bem vista mas inexistente na prática.
SB0736	MARCUS VINICIUS DE SOUZA COUTO	Produção de pães inoculados com fermentos naturais liofilizados e estudo das características de qualidade dos pães.
SB1163	GABRIEL BARBOSA DE LIMA	Desenvolvimento e caracterização de leite de coco verde em pó potencialmente probiótico.
SB1189	JOAO ANGELO MASCARENHAS DO NASCIMENTO VIEIRA	Avaliação do efeito do revestimento de crueira e óleo essencial de Terminalia cattapa L. em pimentões
SB0018	DAYANNE KELLY LOPES DE ALMEIDA	Avaliação de parâmetros microbiológicos de farinhas de cereais funcionais
OU0849	NATHALIA DE VASCONCELOS GOMES	Avaliação da extração de lignina de resíduos lignocelulósicos
SB1283	MATHEUS BARBOSA SANTIAGO	DESENVOLVIMENTO E AVALIAÇÃO DA QUALIDADE DE QUEIJO MUSSARELA DE LEITE CAPRINO EMBALADO COM FILME ANTIOXIDANTE.
SB0039	LETICIA ADERALDO DE SOUZA	Avaliação antioxidante in vivo da kombucha em modelo animal de depressão
SB0040	HIGOR RAFAEL FERREIRA DE AGUIAR	Avaliação comportamental da kombucha em modelo animal de depressão
OU0806	DEBORA MARIA SOARES DOS PRAZERES	Avaliação da oxidação de lignina para obtenção de fenólicos
SB0309	DEYSE ALVES PEREIRA	Qualidade de coprodutos obtidos a partir de processos de extração de óleos: composição propriedades químicas e tecnológicas
ET0063	RACHEL REIS DA SILVA	Aproveitamento de subproduto gerado pela indústria sucroalcooleira para produção de biocombustível.
SB0617	LUIZ MANOEL MELO DA CUNHA	Controle da podridão vermelha da cana-de-açúcar por Metarhizium anisopliae
ET0719	CAMILA PEREIRA DA SILVA	SIMULAÇÃO DO PRÉ-TRATAMENTO COM ÁCIDO DILUÍDO DA BIOMASSA LIGNOCELULÓSICA PARA PRODUÇÃO DE ETANOL
OU1146	WAGNER OLIVEIRA DOS SANTOS	Avaliação da hidrólise enzimática de biomassa agroindustrial por celulases produzidas por Penicillium sp. FSDE15
SB0662	LUCAS MONTEIRO BEZERRA PINHEIRO	AVALIAÇÃO DA EXPOSIÇÃO AOS AGROTÓXICOS E SEUS EFEITOS GENOTÓXICOS EM PRODUTORES DE CANA-DE-AÇÚCAR
ET0253	LUIZ FELIPE SOUZA FONSECA	Intensidade de carbono de diferentes configurações de sistemas energéticos: Payback ambiental de uma turbina eólica FASE 3
