ALUNO	ORIENTADOR	GRANDE_AREA	AREA	SUB_AREA	ESPECIALIDADE
EDUARDO RODRIGUES DE MENEZES DIB	IAN PORTO GURGEL DO AMARAL	Multidisciplinar	Biotecnologia	nan	nan
ANNA BEATRIZ ARAUJO MEDEIROS	SANDRA RODRIGUES MASCARENHAS	Ciências Biológicas	Imunologia	Imunologia Celular	nan
MATEUS MENDES VIEIRA	MARIA DO SOCORRO DE FRANCA FALCAO	Ciências Biológicas	Farmacologia	Farmacologia Cardiorenal	nan
FERNANDO CEZAR COMBERLANG QUEIROZ DAVIS DOS SANTOS	TATJANA KEESEN DE SOUZA LIMA CLEMENTE	Ciências Biológicas	Imunologia	Imunologia Celular	nan
LEONARDO LIMA CARDOSO	TATJANA KEESEN DE SOUZA LIMA CLEMENTE	Ciências Biológicas	Imunologia	Imunologia Celular	nan
MARIANA MENDONCA SOARES	SANDRA RODRIGUES MASCARENHAS	Ciências Biológicas	Imunologia	Imunologia Celular	nan
JOSE VICTOR FERREIRA FERNANDES	ADNA CRISTINA BARBOSA DE SOUSA	Ciências Biológicas	Microbiologia	Microbiologia Aplicada	Microbiologia Industrial e de Fermentação
MARLIA CAMPOS E BARROS	ADNA CRISTINA BARBOSA DE SOUSA	Ciências Biológicas	Microbiologia	Microbiologia Aplicada	Microbiologia Industrial e de Fermentação
EDUARDO SANTOS DA SILVA	ULRICH VASCONCELOS DA ROCHA GOMES	Multidisciplinar	Biotecnologia	nan	nan
ANA QUEZIA BEZERRA DE HOLANDA SOUSA	ENEAS RICARDO DE MORAIS GOMES	Ciências da Saúde	Medicina	Clínica Médica	Cardiologia
NATTANAEL COSTA DE MELO	ANDREA FARIAS DE ALMEIDA	Multidisciplinar	Biotecnologia	nan	nan
LUCAS SILVA DA CRUZ	ANDREA FARIAS DE ALMEIDA	Multidisciplinar	Biotecnologia	nan	nan
LUCAS EMMANUEL FREITAS MENDES	ENEAS RICARDO DE MORAIS GOMES	Ciências da Saúde	Medicina	Clínica Médica	Cardiologia
JOAO PEDRO GONCALVES RIBEIRO	EDSON LUIZ FOLADOR	Multidisciplinar	Interdisciplinar	Saúde e Biológicas	nan
BEATRIZ FREDERICO OLIVEIRA SILVEIRA	JAILSON JOSE GOMES DA ROCHA	Multidisciplinar	Interdisciplinar	Sociais e Humanidades	nan
ISABELLY CRISTINE CABRAL SOUTO	JAILSON JOSE GOMES DA ROCHA	Multidisciplinar	Interdisciplinar	Sociais e Humanidades	nan
ANNE BEATRIZ CUNHA BARROS	ELISANGELA AFONSO DE MOURA KRETZSCHMAR	Multidisciplinar	Biotecnologia	nan	nan
GABRIEL SILVA DA ROCHA	ELISANGELA AFONSO DE MOURA KRETZSCHMAR	Multidisciplinar	Biotecnologia	nan	nan
LUIZ GUSTAVO DA SILVA PRAGANA NEREU	ULRICH VASCONCELOS DA ROCHA GOMES	Multidisciplinar	Biotecnologia	nan	nan
CARLOS EDUARDO TAVARES NORAT	ULRICH VASCONCELOS DA ROCHA GOMES	Multidisciplinar	Biotecnologia	nan	nan
RAQUEL BARBOSA DE MENEZES	ENEAS RICARDO DE MORAIS GOMES	Ciências da Saúde	Medicina	Clínica Médica	Cardiologia
GABRIEL TEODOZIO DOS SANTOS	EDSON LUIZ FOLADOR	Multidisciplinar	Interdisciplinar	Saúde e Biológicas	nan
BRUNA KAROLINE DE SOUZA PAIVA	DAVI FELIPE FARIAS	Ciências Biológicas	Bioquímica	Química de Macromoléculas	Proteínas
DOUGLAS MANOEL SILVA COSTA	KRYSTYNA GORLACH LIRA	Ciências Biológicas	Microbiologia	Biologia e Fisiologia dos Microorganismos	nan
ANDRÉ LUIZ LEOCADIO DE SOUZA MATOS	CICERO FRANCISCO BEZERRA FELIPE	Ciências Biológicas	Farmacologia	Neuropsicofarmacologia	nan
ANNE CAROLINE RIBEIRO PORTELA	CICERO FRANCISCO BEZERRA FELIPE	Ciências Biológicas	Farmacologia	Neuropsicofarmacologia	nan
MARIA LUIZA DE SOUSA SILVA	LEONOR ALVES DE OLIVEIRA DA SILVA	Multidisciplinar	Interdisciplinar	Saúde e Biológicas	nan
GEOVANNA LEITE RIBEIRO DE ANDRADE	HILZETH DE LUNA FREIRE PESSOA	Ciências da Saúde	Farmácia	Análise Toxicológica	nan
BIANCA LIRA CORDEIRO TAVARES	HILZETH DE LUNA FREIRE PESSOA	Ciências da Saúde	Farmácia	Análise Toxicológica	nan
EDUARDO BATISTA DE SOUZA ROCHA	ANGELA CAMILA ORBEM MENEGATTI	Ciências Biológicas	Bioquímica	Bioquímica dos Microorganismos	nan
LISANDRA AMORIM DE SOUSA MELO	TATIANE SANTI GADELHA	Ciências Biológicas	Bioquímica	Química de Macromoléculas	Proteínas
SAMUEL FREIRE DA CUNHA	LUIS FERNANDO MARQUES DOS SANTOS	Ciências Biológicas	Biologia Geral	nan	nan
LEO GUSTAVO COUTINHO BELTRAO FILHO	LUIS FERNANDO MARQUES DOS SANTOS	Ciências Biológicas	Biologia Geral	nan	nan
BIANCA MATARIBU MACIEL LIMA	LUIS FERNANDO MARQUES DOS SANTOS	Ciências Biológicas	Biologia Geral	nan	nan
LILIAN BRITO MILANES GARCIA DOS SANTOS	NAILA FRANCIS PAULO DE OLIVEIRA	Ciências Biológicas	Genética	Genética Humana e Médica	nan
GABRYEL CEZAR DA SILVA MARINHO	KRYSTYNA GORLACH LIRA	Ciências Biológicas	Microbiologia	Microbiologia Aplicada	nan
FERNANDA PEREIRA SANTOS	KRYSTYNA GORLACH LIRA	Ciências Biológicas	Microbiologia	Microbiologia Aplicada	nan
ARTHUR LINS DIAS	CICERO FRANCISCO BEZERRA FELIPE	Ciências Biológicas	Farmacologia	Neuropsicofarmacologia	nan
SILVANA VITORIA ALENCAR GOMES	DANIELA PRISCILA MARCHI SALVADOR	Ciências Biológicas	Bioquímica	Química de Macromoléculas	Proteínas
ERICA DE SOUZA FALCAO	DANIELA PRISCILA MARCHI SALVADOR	Ciências Biológicas	Bioquímica	Química de Macromoléculas	Proteínas
ICARO ROMERO DE MELO MORAIS	LEONOR ALVES DE OLIVEIRA DA SILVA	Multidisciplinar	Interdisciplinar	Saúde e Biológicas	nan
POLIANA CORREIA LIMA	CARLOS ALBERTO DE ALMEIDA GADELHA	Ciências Biológicas	Bioquímica	Química de Macromoléculas	Proteínas
JOSE NUNES DE QUEIROZ NETO	NAILA FRANCIS PAULO DE OLIVEIRA	Ciências da Saúde	Odontologia	Odontopediatria	nan
NAYSA ZAYNE DOS SANTOS VITORINO	ANGELA CAMILA ORBEM MENEGATTI	Ciências Biológicas	Bioquímica	Bioquímica dos Microorganismos	nan
CLEYTON DE SOUSA GOMES	DAVI FELIPE FARIAS	Ciências Biológicas	Bioquímica	Química de Macromoléculas	Proteínas
BARBARA VICTORIA VIEIRA RIBEIRO XAVIER	KRYSTYNA GORLACH LIRA	Ciências Biológicas	Microbiologia	Biologia e Fisiologia dos Microorganismos	nan
PAULO GUSTAVO COSTA E SILVA CRUZ	TATIANE SANTI GADELHA	Ciências Biológicas	Bioquímica	Química de Macromoléculas	Proteínas
BEETHOVEN BARBOSA DE ALBUQUERQUE	TATIANE SANTI GADELHA	Ciências Biológicas	Bioquímica	Química de Macromoléculas	Proteínas
HUGO FERNANDES OLIVEIRA PIRES	CICERO FRANCISCO BEZERRA FELIPE	Ciências Biológicas	Farmacologia	Neuropsicofarmacologia	nan
CLARYCE REBECA DE SOUSA FEITOSA	RONEI MARCOS DE MORAES	Ciências Exatas e da Terra	Probabilidade e Estatística	Probabilidade e Estatística Aplicadas	nan
AMANDA MARTINS CAVALCANTI FERREIRA	EVERLANE SUANE DE ARAÚJO DA SILVA	Ciências Sociais Aplicadas	Demografia	Componentes da Dinâmica Demográfica	Mortalidade
JOAO FRANCISCO GONDIM DE ALBUQUERQUE OLIVEIRA	MARCIO MEDEIROS SOARES	Ciências Exatas e da Terra	Física	Física da Matéria Condensada	Materiais Magnéticos e Propriedades Magnéticas
RENNAN GOMES DE ALBUQUERQUE	PAULO SERGIO RODRIGUES DA SILVA	Ciências Exatas e da Terra	Física	Física das Partículas Elementares e Campos	Teorias Específicas e Modelos de Interação; Sistemática de Partículas; Raios Cósmicos
LETHICYA DOS SANTOS LEAL	LAERCIO LOSANO	Ciências Exatas e da Terra	Física	Física da Matéria Condensada	Materiais Magnéticos e Propriedades Magnéticas
KAIO FELIPE RAMOS NASCIMENTO	THIERRY MARCELINO PASSERAT DE SILANS	Ciências Exatas e da Terra	Física	Física Atômica e Molecular	nan
LAMEQUE MACIEL SANTOS FILHO	HERONDY FRANCISCO SANTANA MOTA	Ciências Exatas e da Terra	Física	Física das Partículas Elementares e Campos	Teoria Geral de Partículas e Campos
ARTHUR SANTOS GOMES	JORGE GABRIEL GOMES DE SOUZA RAMOS	Ciências Exatas e da Terra	Física	Física das Partículas Elementares e Campos	Propriedades de Partículas Específicas e Ressonâncias
JOAO MARCOS LUCENA DA COSTA	CARLOS AUGUSTO ROMERO FILHO	Ciências Exatas e da Terra	Física	Física Geral	Relatividade e Gravitação
LEILANE KEILLA LUIZ DOS SANTOS	JOSE ROBERTO SOARES DO NASCIMENTO	Ciências Exatas e da Terra	Física	Física da Matéria Condensada	Materiais Magnéticos e Propriedades Magnéticas
DEYNISSON BRENO BEZERRA DE SANTANA	JOSE ROBERTO SOARES DO NASCIMENTO	Ciências Exatas e da Terra	Física	Física da Matéria Condensada	Materiais Magnéticos e Propriedades Magnéticas
ELIZA MICHELLY DE BRITO GUEDES	HERONDY FRANCISCO SANTANA MOTA	Ciências Exatas e da Terra	Física	Física das Partículas Elementares e Campos	Teoria Geral de Partículas e Campos
FERNANDO ANTONIO SOARES DE ALMEIDA	FABIO LEAL DE MELO DAHIA	Ciências Exatas e da Terra	Física	Física Geral	Relatividade e Gravitação
ELLEN VICTORYA SOARES DA SILVA	PAULO SERGIO RODRIGUES DA SILVA	Ciências Exatas e da Terra	Física	Física das Partículas Elementares e Campos	Teorias Específicas e Modelos de Interação; Sistemática de Partículas; Raios Cósmicos
JOAO ARTUR CORDEIRO DUARTE	JANSEN BRASILEIRO FORMIGA	Ciências Exatas e da Terra	Física	Física Geral	Relatividade e Gravitação
GESSIANE CIPRIANO GALDINO DA SILVA	JESUS PAVON LOPEZ	Ciências Exatas e da Terra	Física	Física Atômica e Molecular	nan
IVANILSON DA SILVA LIMA	FABIO LEAL DE MELO DAHIA	Ciências Exatas e da Terra	Física	Física Geral	Relatividade e Gravitação
CAMILA BARBOSA ANDRADE	RAFAEL FALEIROS DE PADUA	Ciências Humanas	Geografia	Geografia Humana	Geografia Urbana
PAULA CAROLINA VIANA SANTOS	JONAS OTAVIANO PRACA DE SOUZA	Ciências Exatas e da Terra	Geociências	Geografia Física	Geomorfologia
EDITHE RODRIGUES NETA	FILLIPE SILVEIRA MARINI	Ciências Exatas e da Terra	Geociências	Geografia Física	nan
JERFERSON DE LIMA FREIRES	JOEL SILVA DOS SANTOS	Multidisciplinar	Ciências Ambientais	nan	nan
RIVAILDO RIBEIRO DE SOUZA FILHO	BARTOLOMEU ISRAEL DE SOUZA	Ciências Exatas e da Terra	Geociências	Geografia Física	Fotogeografia (Físico-Ecológica)
LUCAS NASCIMENTO DA SILVA	BARTOLOMEU ISRAEL DE SOUZA	Ciências Exatas e da Terra	Geociências	Geografia Física	Fotogeografia (Físico-Ecológica)
MATHEUS CASSIANO CARLOS LACERDA	ANIERES BARBOSA DA SILVA	Ciências Humanas	Geografia	Geografia Humana	Geografia Agrária
BHREENDA MAYHARA DA SILVA SANTOS	MARCELO DE OLIVEIRA MOURA	Ciências Exatas e da Terra	Geociências	Geografia Física	Climatologia Geográfica
MAILTON OLINTO DE OLIVEIRA LEMOS	EDUARDO RODRIGUES VIANA DE LIMA	Ciências Humanas	Geografia	Geografia Regional	nan
HELAYNE LUIZA DE SOUZA FLORENCIO	DAISY BESERRA LUCENA	Ciências Exatas e da Terra	Geociências	Meteorologia	Climatologia
NADJA CECILIA DE FREITAS SILVA	CHRISTIANNE MARIA DA SILVA	Ciências Exatas e da Terra	Geociências	Geografia Física	Geomorfologia
RAFAELA MAYARA DA SILVA OLIVEIRA	MARCO ANTONIO MITIDIERO JUNIOR	Ciências Humanas	Geografia	Geografia Humana	Geografia Agrária
ELEN MAYARA DE SOUSA BATISTA	JONAS OTAVIANO PRACA DE SOUZA	Ciências Exatas e da Terra	Geociências	Geografia Física	Geomorfologia
SERIGNE ABDOU AHAD MBACKÉ DIOP	EDUARDO RODRIGUES VIANA DE LIMA	Ciências Humanas	Geografia	Geografia Regional	nan
NATALIA DUARTE DE SOUSA	DAISY BESERRA LUCENA	Ciências Exatas e da Terra	Geociências	Meteorologia	Climatologia
JOSE VITURINO DOS SANTOS NETO	JOSIAS DE CASTRO GALVAO	Ciências Humanas	Geografia	Geografia Humana	Geografia Agrária
JOSE KAIO DA SILVA FREITAS	RICHARDE MARQUES DA SILVA	Ciências Exatas e da Terra	Geociências	Geografia Física	Geocartografia
FELIPE DE LIMA BRITO	JONAS OTAVIANO PRACA DE SOUZA	Ciências Exatas e da Terra	Geociências	Geografia Física	Geomorfologia
ELLEN LUANA BRASILINO LEMOS MADEIRO	JONAS OTAVIANO PRACA DE SOUZA	Ciências Exatas e da Terra	Geociências	Geografia Física	Geomorfologia
JENNIFER MARINHO DO NASCIMENTO FERNANDES	RICHARDE MARQUES DA SILVA	Ciências Exatas e da Terra	Geociências	Geografia Física	Geocartografia
LUCAS GABRIEL FEITOSA DANTAS	JOEL SILVA DOS SANTOS	Multidisciplinar	Ciências Ambientais	nan	nan
DENNIS PATRICIO DE ARAUJO ALEXANDRE	CAMILA CUNICO	Ciências Exatas e da Terra	Geociências	Geografia Física	nan
KENIA KAROLINE SOUSA DA CRUZ	JONAS OTAVIANO PRACA DE SOUZA	Ciências Exatas e da Terra	Geociências	Geografia Física	Geomorfologia
DANIEL AUGUSTO PROCOPIO COSTA BASTOS	CAMILA CUNICO	Ciências Exatas e da Terra	Geociências	Geografia Física	nan
RENATO CANDIDO DUTRA DE ANDRADE	DAMIAO JUNIO GONCALVES ARAUJO	Ciências Exatas e da Terra	Matemática	Análise	Equações Diferenciais Parciais
JOAO GABRIEL LEITE NOGUEIRA MONTENEGRO BENTO	JOAO MARCOS BEZERRA DO O	Ciências Exatas e da Terra	Matemática	Análise	Equações Diferenciais Parciais
NAYANNE PRISCILA SILVESTRE DE MELO	ADRIANO ALVES DE MEDEIROS	Ciências Exatas e da Terra	Matemática	Geometria e Topologia	Geometria Diferencial
JAQUELINE NASCIMENTO DE LIMA	MARCIO SILVA SANTOS	Ciências Exatas e da Terra	Matemática	Geometria e Topologia	Geometria Diferencial
MATEUS DE PAIVA PAES BARRETO	MAURICIO CARDOSO SANTOS	Ciências Exatas e da Terra	Matemática	Análise	Equações Diferenciais Parciais
JOAO VICTOR BARROS COELHO	ERALDO ALMEIDA LIMA JUNIOR	Ciências Exatas e da Terra	Matemática	Geometria e Topologia	Geometria Diferencial
IVANILDO SEVERINO FERREIRA JUNIOR	UBERLANDIO BATISTA SEVERO	Ciências Exatas e da Terra	Matemática	Análise	Equações Diferenciais Parciais
GEYSIELLEN DOS SANTOS SALVINO	FAGNER DIAS ARARUNA	Ciências Exatas e da Terra	Matemática	Análise	Equações Diferenciais Parciais
MARIA EDUARDA LIRA FERREIRA	ERALDO ALMEIDA LIMA JUNIOR	Ciências Exatas e da Terra	Matemática	Geometria e Topologia	Geometria Diferencial
ASSUERIO ANDRE CAVALCANTE	JOAO MARCOS BEZERRA DO O	Ciências Exatas e da Terra	Matemática	Análise	Equações Diferenciais Parciais
AURILIO RODRIGUES MACHADO FILHO	MANASSES XAVIER DE SOUZA	Ciências Exatas e da Terra	Matemática	Análise	Equações Diferenciais Parciais
GISLAINE GONCALVES DE OLIVEIRA	UBERLANDIO BATISTA SEVERO	Ciências Exatas e da Terra	Matemática	Análise	Equações Diferenciais Parciais
LUIS EDUARDO DE SOUZA LIMA	FELIPE WALLISON CHAVES SILVA	Ciências Exatas e da Terra	Matemática	Análise	Equações Diferenciais Parciais
RENAN SILVA SANTOS	DAMIAO JUNIO GONCALVES ARAUJO	Ciências Exatas e da Terra	Matemática	Análise	Equações Diferenciais Parciais
EDSON DE SOUZA SILVA	FELIPE WALLISON CHAVES SILVA	Ciências Exatas e da Terra	Matemática	Análise	Equações Diferenciais Parciais
FLAVIO MEDEIROS DE FREITAS	FAGNER DIAS ARARUNA	Ciências Exatas e da Terra	Matemática	Análise	Equações Diferenciais Parciais
MARIA LAURIANE RODRIGUES BARBOSA	MIRIAM DA SILVA PEREIRA	Ciências Exatas e da Terra	Matemática	Geometria e Topologia	Teoria das Singularidades e Teoria das Catástrofes
SALINE VASCONCELOS DE SOUZA	GABRIELA FEHN FISS	Ciências Exatas e da Terra	Química	Química Orgânica	Síntese Orgânica
UILAMES DE ASSIS FERREIRA	GABRIELA FEHN FISS	Ciências Exatas e da Terra	Química	Química Orgânica	Síntese Orgânica
ANTONIO MARCOS FORMIGA JUNIOR	CLAUDIA DE OLIVEIRA CUNHA	Ciências Exatas e da Terra	Química	Química Analítica	Análise de Traços e Química Ambiental
RYAN FREITAS DA SILVA	SAVIO MOITA PINHEIRO	Ciências Exatas e da Terra	Química	Química Orgânica	Síntese Orgânica
MICHELLE VALERIANO DE LIMA	PETRONIO FILGUEIRAS DE ATHAYDE FILHO	Ciências Exatas e da Terra	Química	Química Orgânica	Síntese Orgânica
DANIELE PEREIRA DA COSTA	MARIA GARDENNIA DA FONSECA	Ciências Exatas e da Terra	Química	Química Inorgânica	Físico Química Inorgânica
KELLY TEOTONIO DE SOUSA	JULIANA ALVES VALE	Ciências Exatas e da Terra	Química	Química Orgânica	Síntese Orgânica
LUCAS DO NASCIMENTO DUARTE	CLAUDIA MENEGAZ ZACCARON CRISTIANO	Ciências Exatas e da Terra	Química	Físico-Química	nan
ISAQUE AUGUSTO ARAGAO FEITOSA	JULIO SANTOS REBOUCAS	Ciências Exatas e da Terra	Química	Química Inorgânica	Química Bio-Inorgânica
ANESSA JUDITE ALVES DA SILVA	WAGNER DE MENDONCA FAUSTINO	Ciências Exatas e da Terra	Química	Química Inorgânica	Físico Química Inorgânica
MARILIA CECILIA DA SILVA	KAREN CACILDA WEBER	Ciências Exatas e da Terra	Química	Físico-Química	Química Teórica
JANAILDA DA SILVA VIEIRA	ANTONIA LUCIA DE SOUZA	Ciências Exatas e da Terra	Química	Química Orgânica	Química dos Produtos Naturais
RAFAEL ALEXANDRE DE OLIVEIRA	RODRIGO CRISTIANO	Ciências Exatas e da Terra	Química	Química Orgânica	Físico-Química Orgânica
JHONATAS DO NASCIMENTO CAMBOIM	ANTONIA LUCIA DE SOUZA	Ciências Exatas e da Terra	Química	Química Orgânica	Química dos Produtos Naturais
SAMUEL DA SILVA LIMA	IEDA MARIA GARCIA DOS SANTOS	Ciências Exatas e da Terra	Química	Química Inorgânica	Físico Química Inorgânica
WILLIAM BELO DE LIMA	ERCULES EPAMINONDAS DE SOUSA TEOTONIO	Ciências Exatas e da Terra	Química	Química Inorgânica	Campos de Coordenação
ASHLEY ANDERSSON SANTOS SANTANA DE JESUS	ERCULES EPAMINONDAS DE SOUSA TEOTONIO	Ciências Exatas e da Terra	Química	Química Inorgânica	Campos de Coordenação
LUCAS LUIS DE ALMEIDA SANTOS	WAGNER DE MENDONCA FAUSTINO	Ciências Exatas e da Terra	Química	Química Inorgânica	Físico Química Inorgânica
BIANCA RAFAELA AMARAL RAMOS	GERD BRUNO DA ROCHA	Ciências Exatas e da Terra	Química	Físico-Química	Química Teórica
DAVI ALERHANDRO ALCANTARA OLIVEIRA	JAILTON DE SOUZA FERRARI	Ciências Exatas e da Terra	Química	Química Orgânica	Síntese Orgânica
EMELLY FERNANDA LEMKUHLL	RICARDO ALEXANDRE CAVALCANTI DE LIMA	Ciências Exatas e da Terra	Química	Química Analítica	Instrumentação Analítica
RAISSA GOMES BRAGA	WALLACE DUARTE FRAGOSO	Ciências Exatas e da Terra	Química	Química Analítica	Análise de Traços e Química Ambiental
JESSICA APARECIDA DOS SANTOS	WALLACE DUARTE FRAGOSO	Ciências Exatas e da Terra	Química	Química Analítica	Análise de Traços e Química Ambiental
SUSIELY SILVA TOMAZ	MARIA GARDENNIA DA FONSECA	Ciências Exatas e da Terra	Química	Química Inorgânica	Físico Química Inorgânica
LAIS FERREIRA PESSOA	OTAVIO LUIS DE SANTANA	Ciências Exatas e da Terra	Química	Físico-Química	Química Teórica
REBECA CARNEIRO GOMES	JULIO SANTOS REBOUCAS	Ciências Exatas e da Terra	Química	Química Inorgânica	Química Bio-Inorgânica
ALAN FERREIRA ALVES	MARCUS TULLIUS SCOTTI	Ciências Exatas e da Terra	Química	Química Orgânica	Química dos Produtos Naturais
ITALO NICACIO DOS SANTOS GOMES DE FIGUEIREDO	GERD BRUNO DA ROCHA	Ciências Exatas e da Terra	Química	Físico-Química	Química Teórica
LILYAN CUNHA ALVES PONTES	ARY DA SILVA MAIA	Ciências Exatas e da Terra	Química	Química Inorgânica	Físico Química Inorgânica
RODRIGO SOUZA COSTA	ARY DA SILVA MAIA	Ciências Exatas e da Terra	Química	Química Inorgânica	Físico Química Inorgânica
SUWELANE GOMES VIEIRA	CLAUDIO GABRIEL LIMA JUNIOR	Ciências Exatas e da Terra	Química	Química Orgânica	Síntese Orgânica
NATHALIA FLORES LIMA	CLAUDIA DE OLIVEIRA CUNHA	Ciências Exatas e da Terra	Química	Química Analítica	Análise de Traços e Química Ambiental
MARIO JUNIOR GUEDES DE ASSIS ROCHA	MARCUS TULLIUS SCOTTI	Ciências Exatas e da Terra	Química	Química Orgânica	Química dos Produtos Naturais
YOHANNA MARIA RODRIGUES MONTENEGRO	DAYSE DAS NEVES MOREIRA	Ciências Exatas e da Terra	Química	Química Orgânica	nan
CARLOS ERICKSON MELO DE FARIAS FILHO	LILIANA DE FATIMA BEZERRA LIRA DE PONTES	Ciências Exatas e da Terra	Química	Química Analítica	Métodos Óticos de Análise
GABRIEL CORREIA SILVA	GEORGE EMMANUEL CAVALCANTI DE MIRANDA	Multidisciplinar	Ciências Ambientais	nan	nan
MARIA CLARA DO NASCIMENTO SANTOS	MIODELI NOGUEIRA JUNIOR	Ciências Exatas e da Terra	Oceanografia	Oceanografia Biológica	nan
JOSE WELTON GONCALO DE SOUSA	ANA CAROLINA FIGUEIREDO LACERDA	Ciências Biológicas	Ecologia	Ecologia Aplicada	nan
KATARINA LUISA ARAUJO ROCHA DA SILVA	MARCIO BERNARDINO DA SILVA	Ciências Biológicas	Zoologia	Comportamento Animal	nan
MARIA BEATRIZ FAGUNDES GOVEA PIZZO	DANIEL OLIVEIRA MESQUITA	Ciências Biológicas	Ecologia	Ecologia Aplicada	nan
ELFIE FERNANDES DE SOUSA	FELIPE WARTCHOW	Ciências Biológicas	Botânica	Taxonomia Vegetal	Taxonomia de Criptógamos
WYLMA REGINA DA SILVA	ANTONIO JOSE CREAO DUARTE	Ciências Biológicas	Zoologia	Taxonomia dos Grupos Recentes	nan
MARIA IZA DE ARAUJO BARBOSA	GEORGE EMMANUEL CAVALCANTI DE MIRANDA	Multidisciplinar	Ciências Ambientais	nan	nan
YASMIM DE SANTANA SANTOS	MANOELA MARIA MARINHO KOH	Ciências Biológicas	Zoologia	Taxonomia dos Grupos Recentes	nan
EDUARDA DE JESUS SANTOS	BRAULIO ALMEIDA SANTOS	Ciências Biológicas	Ecologia	Ecologia de Ecossistemas	nan
ALYCE PAIVA ALEXANDRE	BRAULIO ALMEIDA SANTOS	Ciências Biológicas	Ecologia	Ecologia de Ecossistemas	nan
DAVID LUCAS AMORIM LOPES	DENISE DIAS DA CRUZ	Ciências Biológicas	Ecologia	Ecologia Aplicada	nan
MARIA EDUARDA LOPES DA SILVA	DENISE DIAS DA CRUZ	Ciências Biológicas	Ecologia	Ecologia Aplicada	nan
GABRIEL DAVID MOURA DE FIGUEIREDO	DANIEL OLIVEIRA MESQUITA	Ciências Biológicas	Ecologia	Ecologia Aplicada	nan
JOÃO PAULO NUNES DE ANDRADE PEREIRA	ALESSANDRE PEREIRA COLAVITE	Ciências Biológicas	Zoologia	Taxonomia dos Grupos Recentes	nan
HILLARY BATISTA DO NASCIMENTO	PABLO RIUL	Ciências Biológicas	Ecologia	Ecologia Teórica	nan
WILLIAN BRITO SOARES DA ANUNCIACAO	MARCIO BERNARDINO DA SILVA	Ciências Biológicas	Zoologia	Taxonomia dos Grupos Recentes	nan
IGOR ESPINOLA WINKELER	ANA CAROLINA FIGUEIREDO LACERDA	Ciências Biológicas	Ecologia	Ecologia Aplicada	nan
KHALIL GRISI VELOSO MENDES	DENISE DIAS DA CRUZ	Ciências Biológicas	Ecologia	Ecologia Aplicada	nan
MATEUS DA SILVA MARTINS	MANOELA MARIA MARINHO KOH	Ciências Biológicas	Zoologia	Taxonomia dos Grupos Recentes	nan
GABRIEL BRAYNER FERRARIO	MARTIN LINDSEY CHRISTOFFERSEN	Ciências Biológicas	Zoologia	Taxonomia dos Grupos Recentes	nan
ALANA GANDALA DA SILVA	MIODELI NOGUEIRA JUNIOR	Ciências Exatas e da Terra	Oceanografia	Oceanografia Biológica	nan
HERBERT MELO VIEIRA	JOSE MAURICIO ALVES DE MATOS GURGEL	Engenharias	Engenharia Mecânica	Engenharia Térmica	Aproveitamento da Energia
ANA EDUARDA RODRIGUES DE OLIVEIRA	MARTA CELIA DANTAS SILVA	Engenharias	Engenharia Química	Tecnologia Química	Tratamentos e Aproveitamento de Rejeitos
MARIA EDUARDA TAVARES DOS SANTOS	SAYONARA ANDRADE ELIZIARIO	Engenharias	Engenharia de Materiais e Metalúrgica	Materiais Não-Metálicos	Cerâmicos
ANTONIO ELIAS TEIXEIRA NETO	MARTA CELIA DANTAS SILVA	Engenharias	Engenharia Química	Tecnologia Química	Tratamentos e Aproveitamento de Rejeitos
ESTEVAO NOGUEIRA DE BULHOES	SILVIA LAYARA FLORIANI ANDERSEN	Engenharias	Engenharia Química	Tecnologia Química	Tratamentos e Aproveitamento de Rejeitos
PATRICIA RAFAELA ALVES SANTOS	GILBERTO AUGUSTO AMADO MOREIRA	Engenharias	Engenharia Mecânica	Fenômenos de Transporte	Mecânica dos Fluídos
ROSIMAR GRACO TIBURCIO BARRETO	MARCIO RODRIGO DE ARAUJO SOUZA	Engenharias	Engenharia Mecânica	Fenômenos de Transporte	Princípios Variacionais e Métodos Numéricos
RUAN CARLOS VIRGINIO DOS SANTOS	VICTOR FELIPE MOURA BEZERRA MELO	Engenharias	Engenharia Elétrica	Eletrônica Industrial, Sistemas e Controles Eletrônicos	Eletrônica Industrial
IARYSSA PACHECO TELES	VICTOR FELIPE MOURA BEZERRA MELO	Engenharias	Engenharia Elétrica	Eletrônica Industrial, Sistemas e Controles Eletrônicos	Eletrônica Industrial
FABIO VICTOR ALVES DE QUEIROZ	POLLYANA CAETANO RIBEIRO FERNANDES	Engenharias	Engenharia de Materiais e Metalúrgica	Materiais Não-Metálicos	Cerâmicos
BEATRIZ RIBEIRO PETRUCCI PADILHA	LUIZ MOREIRA COELHO JUNIOR	Ciências Sociais Aplicadas	Economia	Economias Agrária e dos Recursos Naturais	Economia dos Recursos Naturais
JOAO VICTOR BEZERRA DE ARAUJO PRIMO	MARCAL ROSAS F LIMA FILHO	Engenharias	Engenharia Civil	Construção Civil	Instalações Prediais
KALIEL PEREIRA DANTAS	MARCAL ROSAS F LIMA FILHO	Engenharias	Engenharia Civil	Construção Civil	Instalações Prediais
MAYCON FAGNER DE OLIVEIRA MENESES	KELLY CRISTIANE GOMES DA SILVA	Engenharias	Engenharia de Materiais e Metalúrgica	Materiais Não-Metálicos	nan
JULIA ALVES SANTOS	FLAVIO DA SILVA VITORINO GOMES	Engenharias	Engenharia Elétrica	Eletrônica Industrial, Sistemas e Controles Eletrônicos	Automação Eletrônica de Processos Elétricos e Industriais
BEATRIZ FERREIRA DE OLIVEIRA	KELLY CRISTIANE GOMES DA SILVA	Engenharias	Engenharia de Materiais e Metalúrgica	Materiais Não-Metálicos	nan
FELIPE ARTHUR GAMA PEREIRA DINIZ	JOSE FELIX DA SILVA NETO	Engenharias	Engenharia Mecânica	Engenharia Térmica	Aproveitamento da Energia
MATHEUS BARBOSA MONTEIRO	FABIANO CORDEIRO CAVALCANTI	Engenharias	Engenharia Mecânica	Fenômenos de Transporte	Transferência de Calor
ITALO SIBALDO SANTOS DE OLIVEIRA	ITALO ROGER FERREIRA MORENO PINHEIRO DA SILVA	Engenharias	Engenharia Elétrica	Eletrônica Industrial, Sistemas e Controles Eletrônicos	Eletrônica Industrial
CAMILA REGO DE ANDRADE	JOAO MARCELO DIAS FERREIRA	Engenharias	Engenharia Elétrica	Sistemas Elétricos de Potência	Geração da Energia Elétrica
JULIANA ROSA LEITE ARAUJO PEREIRA	FLAVIA DE MEDEIROS AQUINO	Engenharias	Engenharia de Materiais e Metalúrgica	Materiais Não-Metálicos	Cerâmicos
JOAO PEDRO GONCALVES DE SOUZA SOARES	FLAVIA DE MEDEIROS AQUINO	Engenharias	Engenharia de Materiais e Metalúrgica	Materiais Não-Metálicos	Cerâmicos
MARIA CLARA CAVALCANTE NUNES	CRISTIANE KELLY FERREIRA DA SILVA	Engenharias	Engenharia Mecânica	Engenharia Térmica	Aproveitamento da Energia
LUCAS MEDEIROS DE FRANCA	JOSE FELIX DA SILVA NETO	Engenharias	Engenharia Mecânica	Engenharia Térmica	Aproveitamento da Energia
JULIANA FERNANDES FERREIRA PADUA	RAPHAEL ABRAHAO	Engenharias	Engenharia Mecânica	Engenharia Térmica	Controle Ambiental
VITORIA ALVES MARQUES	MARCAL ROSAS F LIMA FILHO	Engenharias	Engenharia Civil	Construção Civil	Instalações Prediais
LIMARA ISADORA COSTA SOARES	TAYNARA GEYSA SILVA DO LAGO	Engenharias	Engenharia Mecânica	Engenharia Térmica	Aproveitamento da Energia
PAULA BARROS DE SOUSA	CARLOS ALBERTO DE SOUZA FILHO	Engenharias	Engenharia Elétrica	Medidas Elétricas, Magnéticas e Eletrônicas; Instrumentação	Instrumentação Eletrônica
ANTONIO FELIX DA SILVA JÚNIOR	SIMPLICIO ARNAUD DA SILVA	Engenharias	Engenharia Elétrica	Eletrônica Industrial, Sistemas e Controles Eletrônicos	nan
MARIA PAULA MEDEIROS GOMES MIGUEL	CLEONILSON PROTASIO DE SOUZA	Engenharias	Engenharia Elétrica	Medidas Elétricas, Magnéticas e Eletrônicas; Instrumentação	Instrumentação Eletrônica
MARCELO HENRIQUE FERRO MENDES DE SOUZA	DARLAN ALEXANDRIA FERNANDES	Engenharias	Engenharia Elétrica	Eletrônica Industrial, Sistemas e Controles Eletrônicos	Eletrônica Industrial
GABRIEL LUCENA DE OLIVEIRA	NADY ROCHA	Engenharias	Engenharia Elétrica	Eletrônica Industrial, Sistemas e Controles Eletrônicos	nan
ADNA KALLERY SANTOS DA SILVA	CLEONILSON PROTASIO DE SOUZA	Engenharias	Engenharia Elétrica	Medidas Elétricas, Magnéticas e Eletrônicas; Instrumentação	Instrumentação Eletrônica
MATEUS NAVARRO RIBEIRO DE LIMA	ROMERO LEANDRO ANDERSEN	Engenharias	Engenharia Elétrica	Eletrônica Industrial, Sistemas e Controles Eletrônicos	Eletrônica Industrial
LUCAS CARLOS DA SILVA	YURI PERCY MOLINA RODRIGUEZ	Engenharias	Engenharia Elétrica	Sistemas Elétricos de Potência	Geração da Energia Elétrica
RUBEN DA CRUZ FERREIRA	NADY ROCHA	Engenharias	Engenharia Elétrica	Eletrônica Industrial, Sistemas e Controles Eletrônicos	nan
MAURICIO LARROYD LANDO	ALEXSANDRO JOSÉ VIRGINIO DOS SANTOS	Engenharias	Engenharia Elétrica	Medidas Elétricas, Magnéticas e Eletrônicas; Instrumentação	Instrumentação Eletrônica
JULIA DO NASCIMENTO MARTINS CABRAL	ADEMAR VIRGOLINO DA SILVA NETTO	Engenharias	Engenharia Elétrica	Eletrônica Industrial, Sistemas e Controles Eletrônicos	nan
LUCAS ALBERTO DE MENDONCA FERREIRA	FABRICIO BRAGA SOARES DE CARVALHO	Engenharias	Engenharia Elétrica	Telecomunicações	Sistemas deTelecomunicações
JEFFERSON LEANDRO DO NASCIMENTO	ISAAC SOARES DE FREITAS	Engenharias	Engenharia Elétrica	Eletrônica Industrial, Sistemas e Controles Eletrônicos	Eletrônica Industrial
PAULO GABRIEL MARTINS LEANDRO	FABIANO SALVADORI	Engenharias	Engenharia Elétrica	Eletrônica Industrial, Sistemas e Controles Eletrônicos	Automação Eletrônica de Processos Elétricos e Industriais
WESLEY HENRIQUE DANTAS FURTADO	HELON DAVID DE MACEDO BRAZ	Engenharias	Engenharia Elétrica	Sistemas Elétricos de Potência	Transmissão da Energia Elétrica, Distribuição da Energia Elétrica
WENDELL DANIEL FERNANDES DE SOUSA	ANTONIO AUGUSTO LISBOA DE SOUZA	Engenharias	Engenharia Elétrica	Circuitos Elétricos, Magnéticos e Eletrônicos	Circuitos Eletrônicos
RENATO FONSÊCA NETO	SIMPLICIO ARNAUD DA SILVA	Engenharias	Engenharia Elétrica	Eletrônica Industrial, Sistemas e Controles Eletrônicos	nan
PEDRO HENRIQUE PINTO CAVALCANTE	CICERO DA ROCHA SOUTO	Engenharias	Engenharia Elétrica	Materiais Elétricos	Materiais Dielétricos, Piezoelétricos e Ferroelétricos
LUCAS BARBOSA DA SILVA	ISAAC SOARES DE FREITAS	Engenharias	Engenharia Elétrica	Eletrônica Industrial, Sistemas e Controles Eletrônicos	Eletrônica Industrial
LUCAS YURI HENRIQUE DE ARAUJO	ANTONIO AUGUSTO LISBOA DE SOUZA	Engenharias	Engenharia Elétrica	Circuitos Elétricos, Magnéticos e Eletrônicos	Circuitos Eletrônicos
TIAGO DOS SANTOS PAIVA	DARLAN ALEXANDRIA FERNANDES	Engenharias	Engenharia Elétrica	Eletrônica Industrial, Sistemas e Controles Eletrônicos	Eletrônica Industrial
LUCAS DANTAS DE OLIVEIRA	JUAN MOISES MAURICIO VILLANUEVA	Engenharias	Engenharia Elétrica	Medidas Elétricas, Magnéticas e Eletrônicas; Instrumentação	Instrumentação Eletrônica
JOSE HELIO BENTO DA SILVA	JUAN MOISES MAURICIO VILLANUEVA	Engenharias	Engenharia Elétrica	Medidas Elétricas, Magnéticas e Eletrônicas; Instrumentação	Instrumentação Eletrônica
MARIA VICTORIA GRISI PINHEIRO FABIAO DE ARAUJO	YURI DE ALMEIDA MALHEIROS BARBOSA	Ciências Exatas e da Terra	Ciência da Computação	Metodologia e Técnicas da Computação	nan
VICTOR EMMANUEL MOREIRA LEITE MORORO	TEOBALDO LEITE BULHÕES JUNIOR	Ciências Exatas e da Terra	Ciência da Computação	Teoria da Computação	Análise de Algoritmos e Complexidade de Computação
JULIANA DANTAS ARANHA DA COSTA	BRUNO PETRATO BRUCK	Engenharias	Engenharia de Produção	Pesquisa Operacional	nan
RENATA MENDES PEREIRA CAMPOS	TEOBALDO LEITE BULHÕES JUNIOR	Ciências Exatas e da Terra	Ciência da Computação	Teoria da Computação	Análise de Algoritmos e Complexidade de Computação
LARISSA GOMES MARINHO	BRUNO PETRATO BRUCK	Engenharias	Engenharia de Produção	Pesquisa Operacional	nan
MARIA BARBARA BORGES DE SANTANA	THAIS GAUDENCIO DO REGO	Multidisciplinar	Biotecnologia	nan	nan
RENATO DOS SANTOS MONTEIRO	DANIELLE ROUSY DIAS RICARTE	Ciências Exatas e da Terra	Ciência da Computação	Metodologia e Técnicas da Computação	Sistemas de Informação
RYAN MATHEUS DA SILVA LEAL	IGUATEMI EDUARDO DA FONSECA	Ciências Exatas e da Terra	Ciência da Computação	Sistemas de Computação	Teleinformática
RAPHAEL LEITE DA COSTA NASCIMENTO	IGUATEMI EDUARDO DA FONSECA	Ciências Exatas e da Terra	Ciência da Computação	Sistemas de Computação	Teleinformática
FELIPE MELO FELICIANO DE SA	VALDECIR BECKER	Ciências Exatas e da Terra	Ciência da Computação	Metodologia e Técnicas da Computação	nan
ISAAC NOBREGA MARINHO	VALDECIR BECKER	Ciências Exatas e da Terra	Ciência da Computação	Metodologia e Técnicas da Computação	nan
THIAGO HENRIQUE COELHO TAVARES DA SILVA	VALDECIR BECKER	Ciências Exatas e da Terra	Ciência da Computação	Metodologia e Técnicas da Computação	nan
MATEUS FREITAS CORREIA	EWERTON MONTEIRO SALVADOR	Ciências Exatas e da Terra	Ciência da Computação	Sistemas de Computação	nan
LEANDRO LUCAS DE OLIVEIRA BANDEIRA	ANAND SUBRAMANIAN	Ciências Exatas e da Terra	Ciência da Computação	Teoria da Computação	Análise de Algoritmos e Complexidade de Computação
CARLOS VINICIUS COSTA NEVES	ANAND SUBRAMANIAN	Ciências Exatas e da Terra	Ciência da Computação	Teoria da Computação	Análise de Algoritmos e Complexidade de Computação
LARA DI CAVALCANTI PONTES	ANAND SUBRAMANIAN	Ciências Exatas e da Terra	Ciência da Computação	Teoria da Computação	Análise de Algoritmos e Complexidade de Computação
RONALDO SOARES DOS SANTOS	JULIANA MAGNA DA SILVA COSTA MORAIS	Ciências Sociais Aplicadas	Arquitetura e Urbanismo	Tecnologia de Arquitetura e Urbanismo	Adequação Ambiental
MARIA LAURA VASCONCELOS ARAUJO	ANA GOMES NEGRAO	Ciências Sociais Aplicadas	Arquitetura e Urbanismo	Tecnologia de Arquitetura e Urbanismo	Adequação Ambiental
TAMIRES EMANUELE AMORIM DE OLIVEIRA	IVANIZE CLAUDIA DOS SANTOS E SILVA	Ciências Sociais Aplicadas	Arquitetura e Urbanismo	Tecnologia de Arquitetura e Urbanismo	Adequação Ambiental
ALINE GABRIELA DA SILVA	IVANIZE CLAUDIA DOS SANTOS E SILVA	Ciências Sociais Aplicadas	Arquitetura e Urbanismo	Tecnologia de Arquitetura e Urbanismo	Adequação Ambiental
ANDERSON GUEDES DANTAS	ANGELINA DIAS LEAO COSTA	Ciências Sociais Aplicadas	Arquitetura e Urbanismo	Projeto de Arquitetura e Urbanismo	nan
HENRIQUE CLAUDINO PALITOT MOREIRA NOBREGA	IVAN CAVALCANTI FILHO	Ciências Sociais Aplicadas	Arquitetura e Urbanismo	Fundamentos de Arquitetura e Urbanismo	História da Arquitetura e Urbanismo
ANA BEATRIZ DE MEDEIROS MOURA	ANA GOMES NEGRAO	Ciências Sociais Aplicadas	Arquitetura e Urbanismo	Tecnologia de Arquitetura e Urbanismo	Adequação Ambiental
VICTOR MOREIRA DE FREITAS	IVAN CAVALCANTI FILHO	Ciências Sociais Aplicadas	Arquitetura e Urbanismo	Fundamentos de Arquitetura e Urbanismo	História da Arquitetura e Urbanismo
SARA DA GRAÇA FERNANDES DA SILVA	ANA GOMES NEGRAO	Ciências Sociais Aplicadas	Arquitetura e Urbanismo	Tecnologia de Arquitetura e Urbanismo	Adequação Ambiental
CAMILA MARCELINO DE ALMEIDA	IVANIZE CLAUDIA DOS SANTOS E SILVA	Ciências Sociais Aplicadas	Arquitetura e Urbanismo	Tecnologia de Arquitetura e Urbanismo	Adequação Ambiental
VICTHOR BRENNO FARIAS TEIXEIRA	ISABELLE YRUSKA DE LUCENA GOMES BRAGA	Engenharias	Engenharia de Transportes	Planejamento de Transportes	Planejamento e Organização do Sistema de Transporte
FLAVIA MARIA ALENCAR SARMENTO	CLAUDIA COUTINHO NOBREGA	Engenharias	Engenharia Sanitária	Saneamento Básico	Residuos Sólidos, Domésticos e Industriais
PEDRO DE SOUSA FORMIGA	GIVANILDO ALVES DE AZEREDO	Engenharias	Engenharia Civil	Construção Civil	Materiais e Componentes de Construção
LUCCAS MATHEUS TORRES FREITAS	CELSO AUGUSTO GUIMARAES SANTOS	Engenharias	Engenharia Civil	Engenharia Hidráulica	Hidrologia
ANA JULIA CONSERVA LOSADA MOREIRA	GUSTAVO BARBOSA LIMA DA SILVA	Engenharias	Engenharia Sanitária	Recursos Hídricos	Planejamento Integrado dos Recursos Hídricos
ABNER LINS SILVA	CRISTIANO DAS NEVES ALMEIDA	Engenharias	Engenharia Sanitária	Recursos Hídricos	Planejamento Integrado dos Recursos Hídricos
GLEYCIELLE RODRIGUES DO NASCIMENTO	CELSO AUGUSTO GUIMARAES SANTOS	Engenharias	Engenharia Civil	Engenharia Hidráulica	Hidrologia
DAVI LOPES VIANA SILVA	CLAUDIA COUTINHO NOBREGA	Engenharias	Engenharia Sanitária	Saneamento Básico	Residuos Sólidos, Domésticos e Industriais
MARCIO MATTOS CARVALHO CABRAL E SILVA	HAMILCAR JOSE ALMEIDA FILGUEIRA	Multidisciplinar	Ciências Ambientais	nan	nan
LUIZ GUSTAVO PEREIRA SANTOS	HAMILCAR JOSE ALMEIDA FILGUEIRA	Multidisciplinar	Ciências Ambientais	nan	nan
NATALIA MARIA MENDES SILVA	ADRIANO ROLIM DA PAZ	Engenharias	Engenharia Sanitária	Recursos Hídricos	nan
MIRELA PEREIRA DE ANDRADE	ISABELLE YRUSKA DE LUCENA GOMES BRAGA	Engenharias	Engenharia de Transportes	Planejamento de Transportes	Planejamento e Organização do Sistema de Transporte
LUCAS FREITAS DE LUCENA	LEONARDO VIEIRA SOARES	Engenharias	Engenharia Sanitária	Recursos Hídricos	Planejamento Integrado dos Recursos Hídricos
LEONARDO TRINDADE FERREIRA	ALBANISE BARBOSA MARINHO	Ciências Agrárias	Engenharia Agrícola	Engenharia de Água e Solo	nan
GABRIEL ANDY DA SILVA LUCENA	CARMEM LUCIA MOREIRA GADELHA	Engenharias	Engenharia Sanitária	Saneamento Básico	Técnicas de Abastecimento da Água
DENNER VIANNA SANTOS FERREIRA	RICARDO ALMEIDA DE MELO	Engenharias	Engenharia Civil	Infra-Estrutura de Transportes	Rodovias; Projeto e Construção
WALBERG SOARES DE OLIVEIRA	NILTON PEREIRA DE ANDRADE	Engenharias	Engenharia de Transportes	Planejamento de Transportes	Planejamento e Organização do Sistema de Transporte
REBECA SOARES BACELAR	NILTON PEREIRA DE ANDRADE	Engenharias	Engenharia de Transportes	Planejamento de Transportes	Planejamento e Organização do Sistema de Transporte
DANIEL BEZERRA DE OLIVEIRA	ANGELO VIEIRA MENDONCA	Engenharias	Engenharia Civil	Estruturas	Mecânica das Estruturas
MARIA CAROLINY NASCIMENTO DA SILVA	GIVANILDO ALVES DE AZEREDO	Engenharias	Engenharia Civil	Construção Civil	Materiais e Componentes de Construção
TARCISIO LUIZ MATOS ALMEIDA FILHO	CLAUDIA COUTINHO NOBREGA	Engenharias	Engenharia Sanitária	Saneamento Básico	Residuos Sólidos, Domésticos e Industriais
ALANNA DINIZ MACEDO	CLAUDIA COUTINHO NOBREGA	Engenharias	Engenharia Sanitária	Saneamento Básico	Residuos Sólidos, Domésticos e Industriais
LUCIANA RODRIGUES CIRINO	CLAUDIA COUTINHO NOBREGA	Engenharias	Engenharia Sanitária	Saneamento Básico	Residuos Sólidos, Domésticos e Industriais
JOAO PEDRO PEIXOTO SMITH GUERRA	LEONARDO VIEIRA SOARES	Engenharias	Engenharia Sanitária	Recursos Hídricos	Planejamento Integrado dos Recursos Hídricos
GABRIEL MURILO SANTIAGO DOS ANJOS	ANDREA BRASILIANO SILVA	Engenharias	Engenharia Civil	Estruturas	Mecânica das Estruturas
PEDRO LUCENA BARRETO	CARMEM LUCIA MOREIRA GADELHA	Engenharias	Engenharia Sanitária	Saneamento Básico	Técnicas de Abastecimento da Água
GLEICE KELLY RODRIGUES TEIXEIRA DO NASCIMENTO	CARMEM LUCIA MOREIRA GADELHA	Engenharias	Engenharia Sanitária	Saneamento Básico	Técnicas de Abastecimento da Água
ITAMINE DA SILVA NASCIMENTO	GILSANDRO ALVES DA COSTA	Ciências Agrárias	Ciência e Tecnologia de Alimentos	Tecnologia de Alimentos	Tecnologia de Produtos de Origem Vegetal
LUKAS PHELLIPE GUEDES BARBOSA	GILSANDRO ALVES DA COSTA	Ciências Agrárias	Ciência e Tecnologia de Alimentos	Tecnologia de Alimentos	Tecnologia de Produtos de Origem Vegetal
RITA DE CASSIA BRILHANTE TAVARES PEREIRA	MARTA SUELY MADRUGA	Ciências Agrárias	Ciência e Tecnologia de Alimentos	Tecnologia de Alimentos	nan
GIVANILDO LUIS FERNANDES	MARCELO BARBOSA MUNIZ	Ciências Agrárias	Ciência e Tecnologia de Alimentos	Tecnologia de Alimentos	Tecnologia das Bebidas
JERFFESON DE LIMA TAVARES	TALIANA KENIA ALVES BEZERRA	Ciências Agrárias	Ciência e Tecnologia de Alimentos	Tecnologia de Alimentos	Aproveitamento de Subprodutos
JOSE VINICIUS MELO BARRETO	RENATE MARIA RAMOS WELLEN	Engenharias	Engenharia de Materiais e Metalúrgica	Materiais Não-Metálicos	Polímeros, Aplicações
VINICIUS DE GOIS LUCENA	MARIA ROSEANE DE PONTES FERNANDES	Engenharias	Engenharia de Materiais e Metalúrgica	Metalurgia de Transformação	Fundição
PEDRO THIAGO BARROS DE ALMEIDA	HEBER SIVINI FERREIRA	Engenharias	Engenharia de Materiais e Metalúrgica	Materiais Não-Metálicos	Extração e Transformação de Materiais
JESSICA EMIDIO PEREIRA	LISZANDRA FERNANDA ARAUJO CAMPOS	Engenharias	Engenharia de Materiais e Metalúrgica	Materiais Não-Metálicos	nan
BRENDA RATHGE AMORIM	LISZANDRA FERNANDA ARAUJO CAMPOS	Engenharias	Engenharia de Materiais e Metalúrgica	Materiais Não-Metálicos	nan
LUIZ HENRIQUE DA SILVA FRANCO	IEVERTON CAIANDRE ANDRADE BRITO	Engenharias	Engenharia de Materiais e Metalúrgica	Metalurgia Física	Transformação de Fases
IGOR BOLOGNANI DE OLIVEIRA	DANIEL ARAUJO DE MACEDO	Engenharias	Engenharia de Materiais e Metalúrgica	Materiais Não-Metálicos	Cerâmicos
HENRIQUE ANTONIO DE FIGUEIREDO	FABIANA DE CARVALHO FIM	Engenharias	Engenharia de Materiais e Metalúrgica	Materiais Não-Metálicos	Polímeros, Aplicações
HERCULES FELIX LUSTOZA	DANNIEL FERREIRA DE OLIVEIRA	Engenharias	Engenharia de Materiais e Metalúrgica	Metalurgia Física	nan
DANIEL GERMANO PEREIRA FERNANDES	GUDSON NICOLAU DE MELO	Engenharias	Engenharia de Materiais e Metalúrgica	Metalurgia de Transformação	Soldagem
LUCAS SILVA DO CARMO	TIBERIO ANDRADE DOS PASSOS	Engenharias	Engenharia de Materiais e Metalúrgica	Metalurgia de Transformação	Metalurgia de Pó
AMANDA MENESES ARAUJO	RENATE MARIA RAMOS WELLEN	Engenharias	Engenharia de Materiais e Metalúrgica	Materiais Não-Metálicos	Polímeros, Aplicações
ARIELY VITORIA BEZERRA LIMA	DANNIEL FERREIRA DE OLIVEIRA	Engenharias	Engenharia de Materiais e Metalúrgica	Metalurgia Física	nan
LOURIANE LEMOS LINS	AMELIA SEVERINO FERREIRA E SANTOS	Engenharias	Engenharia de Materiais e Metalúrgica	Materiais Não-Metálicos	Materiais Conjugados Não-Metálicos
JACYARA FLORENCIO FERREIRA	MARCIO JOSE BATISTA CARDOSO	Engenharias	Engenharia de Materiais e Metalúrgica	Materiais Não-Metálicos	Polímeros, Aplicações
PEDRO HENRIQUE ALVES GARCIA	CLAUDIO ALVES DE SIQUEIRA FILHO	Engenharias	Engenharia de Materiais e Metalúrgica	Metalurgia de Transformação	Fundição
CLARICE CARDOSO SOARES	DANNIEL FERREIRA DE OLIVEIRA	Engenharias	Engenharia de Materiais e Metalúrgica	Metalurgia Física	nan
JUAN DE PAULA DA SILVA CRUZ	ELITON SOUTO DE MEDEIROS	Engenharias	Engenharia de Materiais e Metalúrgica	Materiais Não-Metálicos	Cerâmicos
PEDRO FREIRE CHAVES NETO	ELITON SOUTO DE MEDEIROS	Engenharias	Engenharia de Materiais e Metalúrgica	Materiais Não-Metálicos	Cerâmicos
ANA BEATRIZ OLIVEIRA REGO BARROS	AMELIA SEVERINO FERREIRA E SANTOS	Engenharias	Engenharia de Materiais e Metalúrgica	Materiais Não-Metálicos	Polímeros, Aplicações
ILENA REBECA ALVES DOS SANTOS SOUZA	AMELIA SEVERINO FERREIRA E SANTOS	Engenharias	Engenharia de Materiais e Metalúrgica	Materiais Não-Metálicos	Polímeros, Aplicações
GABRIEL CAVALCANTE GOMES DUARTE	FABIANA DE CARVALHO FIM	Engenharias	Engenharia de Materiais e Metalúrgica	Materiais Não-Metálicos	Cerâmicos
IRIS KEMILLY DUARTE VIEIRA	RAMON ALVES TORQUATO	Engenharias	Engenharia de Materiais e Metalúrgica	Materiais Não-Metálicos	Cerâmicos
ROSELYNE MARILIA DIAS DE SOUZA	MARIA ROSEANE DE PONTES FERNANDES	Engenharias	Engenharia de Materiais e Metalúrgica	Materiais Não-Metálicos	nan
NAYARA MAIZA CORDEIRO DOS SANTOS	MARIA ROSEANE DE PONTES FERNANDES	Engenharias	Engenharia de Materiais e Metalúrgica	Materiais Não-Metálicos	nan
GABRIELA SANTOS DA SILVA	TIBERIO ANDRADE DOS PASSOS	Engenharias	Engenharia de Materiais e Metalúrgica	Metalurgia de Transformação	Metalurgia de Pó
ALEX SILVINO BARATA LOPES	ITAMARA FARIAS LEITE	Engenharias	Engenharia de Materiais e Metalúrgica	Materiais Não-Metálicos	Polímeros, Aplicações
BRUNA GIOVANNA BARBOSA DOS SANTOS	ITAMARA FARIAS LEITE	Engenharias	Engenharia de Materiais e Metalúrgica	Materiais Não-Metálicos	Polímeros, Aplicações
MOISES MARQUES PAIVA	MARCIO JOSE BATISTA CARDOSO	Engenharias	Engenharia de Materiais e Metalúrgica	Materiais Não-Metálicos	Polímeros, Aplicações
IASMIN CARLA MARTINS SOARES	FABIANA DE CARVALHO FIM	Engenharias	Engenharia de Materiais e Metalúrgica	Materiais Não-Metálicos	Polímeros, Aplicações
SAVIO MOURA LOPES	DANIEL ARAUJO DE MACEDO	Engenharias	Engenharia de Materiais e Metalúrgica	Materiais Não-Metálicos	Cerâmicos
RYAN FERREIRA DOS SANTOS	LUCINEIDE BALBINO DA SILVA	Engenharias	Engenharia de Materiais e Metalúrgica	Materiais Não-Metálicos	Polímeros, Aplicações
HUMBERTO RUFFO BISNETO	AMELIA SEVERINO FERREIRA E SANTOS	Engenharias	Engenharia de Materiais e Metalúrgica	Materiais Não-Metálicos	Polímeros, Aplicações
ADAILTON FIDELIS RODRIGUES JUNIOR	CLAUDIO ALVES DE SIQUEIRA FILHO	Engenharias	Engenharia de Materiais e Metalúrgica	Metalurgia de Transformação	Fundição
ANDERSON CARLOS LIMA PEREIRA	AMELIA SEVERINO FERREIRA E SANTOS	Engenharias	Engenharia de Materiais e Metalúrgica	Materiais Não-Metálicos	Polímeros, Aplicações
ANTHONY BESSA DA SILVA	MARIA CHRISTINE WERBA SALDANHA	Engenharias	Engenharia de Produção	Engenharia do Produto	nan
TAYLOR KLAUS CANTALICE NOBREGA	HUGO HARRY FREDERICO R KRAMER	Engenharias	Engenharia de Produção	Pesquisa Operacional	Programação Linear, Não-Linear, Mista e Dinâmica
JOAO LUCAS NASCIMENTO MELO	CLAUDIA FABIANA GOHR	Engenharias	Engenharia de Produção	Gerência de Produção	nan
THAYSE ANDREZA DE MEDEIROS COSTA	PAULO ROTELLA JUNIOR	Engenharias	Engenharia de Produção	Pesquisa Operacional	nan
MATHEUS MEDEIROS THE	LUIZ BUENO DA SILVA	Engenharias	Engenharia de Produção	Gerência de Produção	Higiene e Segurança do Trabalho
BEATRIZ QUIRINO DOS SANTOS	LUIZ BUENO DA SILVA	Engenharias	Engenharia de Produção	Gerência de Produção	Higiene e Segurança do Trabalho
JULYANA GERVAZIO SILVA PORTO	MARIA SILENE ALEXANDRE LEITE	Engenharias	Engenharia de Produção	Gerência de Produção	Suprimentos
ENZO VITOR COSTA MAGALHAES	LUCIANO COSTA SANTOS	Engenharias	Engenharia de Produção	Gerência de Produção	nan
THAINA LETTICIA DOS SANTOS PALA	LUCIANO COSTA SANTOS	Engenharias	Engenharia de Produção	Gerência de Produção	nan
KETHELLEN FIGUEREDO FIDELES DA SILVA	MARIA SILENE ALEXANDRE LEITE	Engenharias	Engenharia de Produção	Gerência de Produção	Suprimentos
RODRIGO DELLA LIBERA	MARIA CHRISTINE WERBA SALDANHA	Engenharias	Engenharia de Produção	Engenharia do Produto	nan
FABIANO DE SOUZA CHAVES COLACO	KOJE DANIEL VASCONCELOS MISHINA	Engenharias	Engenharia Mecânica	Projetos de Máquinas	Métodos de Síntese e Otimização Aplicados ao Projeto Mecânico
FRANCISCO CHARLES MARECO ABRANTES	BRUNO ALESSANDRO SILVA GUEDES DE LIMA	Engenharias	Engenharia Mecânica	Processos de Fabricação	Processos de Fabricação, Seleção Econômica
MATHEUS DE SOUZA FRAZAO	MARCELO CAVALCANTI RODRIGUES	Engenharias	Engenharia Mecânica	Mecânica dos Sólidos	Dinâmica dos Corpos Rígidos, Elásticos e Plásticos
JOAO PEDRO CRUZ DE ALMEIDA	RODINEI MEDEIROS GOMES	Engenharias	Engenharia de Materiais e Metalúrgica	Metalurgia Física	Propriedades Mecânicas dos Metais e Ligas
AMANDA CAROLINE ALVES GOMES	MARCELO CAVALCANTI RODRIGUES	Engenharias	Engenharia Mecânica	Mecânica dos Sólidos	Dinâmica dos Corpos Rígidos, Elásticos e Plásticos
EDUARDO GUEDES COSTA	ABEL CAVALCANTE LIMA FILHO	Engenharias	Engenharia Elétrica	Medidas Elétricas, Magnéticas e Eletrônicas; Instrumentação	Instrumentação Eletromecânica
RAFAEL DE SOUSA ZANNI	RODINEI MEDEIROS GOMES	Engenharias	Engenharia de Materiais e Metalúrgica	Metalurgia Física	Propriedades Mecânicas dos Metais e Ligas
BARBARA GALVAO MIRANDA	BRUNO ALESSANDRO SILVA GUEDES DE LIMA	Engenharias	Engenharia Mecânica	Processos de Fabricação	Processos de Fabricação, Seleção Econômica
MATHEUS ITALO FERREIRA NEVES	JULICE DUTRA LOPES	Ciências Agrárias	Ciência e Tecnologia de Alimentos	Tecnologia de Alimentos	Tecnologia das Bebidas
JOYCE KELLY DOS SANTOS ALVES	JOSILENE DE ASSIS CAVALCANTE	Engenharias	Engenharia Química	Processos Industriais de Engenharia Química	nan
JADSON GONÇALVES BATISTA	ANDREA LOPES DE OLIVEIRA FERREIRA	Engenharias	Engenharia Química	Tecnologia Química	Álcool
SARAH BEATRIZ RODRIGUES DA CRUZ	VIVIAN STUMPF MADEIRA	Engenharias	Engenharia Química	Tecnologia Química	Água
JULIA GOMES MARTINIANO PEREIRA	SHARLINE FLORENTINO DE MELO SANTOS	Engenharias	Engenharia Química	Processos Industriais de Engenharia Química	Processos Bioquímicos
FERNANDA AZEVEDO CORDEIRO DE MELO	ANA FLAVIA SANTOS COELHO	Ciências Biológicas	Microbiologia	Microbiologia Aplicada	nan
JARDYELLE BEATRIZ DE SANTANA	GENARO ZENAIDE CLERICUZI	Engenharias	Engenharia Química	Processos Industriais de Engenharia Química	Processos Inorgânicos
LUANA LEITE RAMOS	VIVIAN STUMPF MADEIRA	Engenharias	Engenharia Química	Tecnologia Química	Água
BRENNA MENDES DIAS	FABIOLA DIAS DA SILVA CURBELO	Engenharias	Engenharia Química	Tecnologia Química	Petróleo e Petroquímica
SUEVELLY BEATRIZ SANTANA DE SOUSA	VIVIAN STUMPF MADEIRA	Engenharias	Engenharia Química	Tecnologia Química	Água
GIOVANNA LAIS RODRIGUES LEAL	FABIOLA DIAS DA SILVA CURBELO	Engenharias	Engenharia Química	Tecnologia Química	Petróleo e Petroquímica
ALYNNE MAYARA DE SOUZA MORAES	MELANIA LOPES CORNELIO	Engenharias	Engenharia Química	Tecnologia Química	Produtos Naturais
JOSE CARLOS DINIZ FILHO	ARIOSTON ARAUJO DE MORAIS JUNIOR	Engenharias	Engenharia Química	Operações Industriais e Equipamentos para Engenharia Química	Operações de Separação e Mistura
LUCAS VITOR DE ARAUJO SANTOS	FLAVIO LUIZ HONORATO DA SILVA	Ciências Agrárias	Engenharia Agrícola	Engenharia de Processamento de Produtos Agrícolas	Armazenamento de Produtos Agrícolas
BRUNNO STEFANO OLIVEIRA GADELHA	FLAVIO LUIZ HONORATO DA SILVA	Ciências Agrárias	Engenharia Agrícola	Engenharia de Processamento de Produtos Agrícolas	Armazenamento de Produtos Agrícolas
RENATA ELLEN CLEMENTE DA SILVA	ANA FLAVIA SANTOS COELHO	Ciências Biológicas	Microbiologia	Microbiologia Aplicada	nan
MARTHA MARIA GOMES NOBREGA	JOSILENE DE ASSIS CAVALCANTE	Engenharias	Engenharia Química	Processos Industriais de Engenharia Química	nan
HELOISA VILHENA DE ALMEIDA	VERUSCKA ARAUJO SILVA	Engenharias	Engenharia Química	Processos Industriais de Engenharia Química	nan
HUMBERTO GERALDO LOPES FERNANDES JUNIOR	ARIOSTON ARAUJO DE MORAIS JUNIOR	Engenharias	Engenharia Química	Operações Industriais e Equipamentos para Engenharia Química	Operações de Separação e Mistura
ROSYELLE MAYARA DIAS DE SOUZA	KARLA SILVANA MENEZES GADELHA DE SOUSA	Engenharias	Engenharia Química	Operações Industriais e Equipamentos para Engenharia Química	Operações de Separação e Mistura
RONALD HENRIQUE RODRIGUES DELFINO DA SILVA	SHARLINE FLORENTINO DE MELO SANTOS	Engenharias	Engenharia Química	Processos Industriais de Engenharia Química	Processos Bioquímicos
RAFAEL SANTOS DREHER	GENARO ZENAIDE CLERICUZI	Engenharias	Engenharia Química	Processos Industriais de Engenharia Química	Processos Inorgânicos
SARA OLIVEIRA FEITOSA	GENARO ZENAIDE CLERICUZI	Engenharias	Engenharia Química	Processos Industriais de Engenharia Química	Processos Inorgânicos
TARSILA GONCALVES FEITOZA	NOADIA PRISCILA ARAUJO RODRIGUES	Ciências da Saúde	Nutrição	Dietética	nan
BARBARA DE LIMA PONCIANO COSTA	NOADIA PRISCILA ARAUJO RODRIGUES	Ciências da Saúde	Nutrição	Dietética	nan
MARCIA MARIA DE FIGUEIREDO MACIEL	VALERIA LOUISE DE ARAUJO MARANHAO SATURNINO SILVA	Ciências Humanas	Educação	Ensino-Aprendizagem	Métodos e Técnicas de Ensino
TATIANA ZANELLA RODRIGUES	INGRID CONCEICAO DANTAS GONCALVES	Ciências da Saúde	Nutrição	Bioquímica da Nutrição	nan
ANA CLARA DA SILVA DUARTE	PATRICIA PINHEIRO FERNANDES VIEIRA	Ciências Agrárias	Ciência e Tecnologia de Alimentos	Ciência de Alimentos	Microbiologia de Alimentos
TAISA VIEIRA FERNANDES	INGRID CONCEICAO DANTAS GONCALVES	Ciências da Saúde	Nutrição	Dietética	nan
CARLOS ANTONIO HENRIQUE SOBRINHO	INGRID CONCEICAO DANTAS GONCALVES	Ciências da Saúde	Nutrição	Dietética	nan
WILLYANNE DE FREITA FELIX	VALERIA LOUISE DE ARAUJO MARANHAO SATURNINO SILVA	Ciências Humanas	Educação	Ensino-Aprendizagem	Métodos e Técnicas de Ensino
ANTONIO AGAILDES SAMPAIO FERREIRA	VALERIA LOUISE DE ARAUJO MARANHAO SATURNINO SILVA	Ciências Humanas	Educação	Ensino-Aprendizagem	Métodos e Técnicas de Ensino
MARCUS VINICIUS DE SOUZA COUTO	ESTEFANIA FERNANDES GARCIA	Ciências da Saúde	Nutrição	Bioquímica da Nutrição	nan
GABRIEL BARBOSA DE LIMA	INGRID CONCEICAO DANTAS GONCALVES	Ciências da Saúde	Nutrição	Dietética	nan
JOAO ANGELO MASCARENHAS DO NASCIMENTO VIEIRA	INGRID CONCEICAO DANTAS GONCALVES	Ciências da Saúde	Nutrição	Bioquímica da Nutrição	nan
DAYANNE KELLY LOPES DE ALMEIDA	HAISSA ROBERTA CARDARELLI	Ciências Agrárias	Ciência e Tecnologia de Alimentos	Tecnologia de Alimentos	Tecnologia de Produtos de Origem Vegetal
NATHALIA DE VASCONCELOS GOMES	MARTA MARIA DA CONCEICAO	Multidisciplinar	Biotecnologia	nan	nan
MATHEUS BARBOSA SANTIAGO	ANGELA MARIA TRIBUZY DE MAGALHÃES CORDEIRO	Ciências Agrárias	Ciência e Tecnologia de Alimentos	Tecnologia de Alimentos	Aproveitamento de Subprodutos
LETICIA ADERALDO DE SOUZA	ADRIANA MARIA FERNANDES DE OLIVEIRA GOLZIO	Ciências Biológicas	Farmacologia	Neuropsicofarmacologia	nan
HIGOR RAFAEL FERREIRA DE AGUIAR	ADRIANA MARIA FERNANDES DE OLIVEIRA GOLZIO	Ciências Biológicas	Farmacologia	Neuropsicofarmacologia	nan
DEBORA MARIA SOARES DOS PRAZERES	MARTA MARIA DA CONCEICAO	Multidisciplinar	Biotecnologia	nan	nan
DEYSE ALVES PEREIRA	CAROLINA LIMA CAVALCANTI DE ALBUQUERQUE	Ciências Agrárias	Ciência e Tecnologia de Alimentos	Engenharia de Alimentos	nan
RACHEL REIS DA SILVA	JOELMA MORAIS FERREIRA	Engenharias	Engenharia Química	Tecnologia Química	Álcool
LUIZ MANOEL MELO DA CUNHA	MARCIA APARECIDA CEZAR	Ciências Agrárias	Agronomia	Fitossanidade	Fitopatologia
CAMILA PEREIRA DA SILVA	ANGELA LUCINIA URTIGA VASCONCELOS	Engenharias	Engenharia Química	Processos Industriais de Engenharia Química	nan
WAGNER OLIVEIRA DOS SANTOS	LAÍS CAMPOS TEIXEIRA DE CARVALHO GONÇALVES	Multidisciplinar	Biotecnologia	nan	nan
LUCAS MONTEIRO BEZERRA PINHEIRO	LAÍS CAMPOS TEIXEIRA DE CARVALHO GONÇALVES	Ciências da Saúde	Saúde Coletiva	Saúde Pública	nan
LUIZ FELIPE SOUZA FONSECA	MONICA CARVALHO	Engenharias	Engenharia de Produção	Engenharia do Produto	Desenvolvimento de Produto
