ALUNO	ORIENTADOR	GRANDE_AREA	AREA	SUB_AREA	ESPECIALIDADE
GABRIEL LUAR CALADO BANDEIRA	RODRIGO FREIRE DE CARVALHO E SILVA	Ciências Humanas	História	História do Brasil	História do Brasil República
VICTORIA LOMBARDI FREIRE	SAMIR PERRONE DE MIRANDA	Ciências Humanas	Ciência Política	Estado e Governo	Estudos do Poder Local
AMANDA GIORIATTI LUNKES	PEDRO FRANCISCO GUEDES DO NASCIMENTO	Ciências Humanas	Antropologia	Antropologia Urbana	nan
SALES RUAN SILVA ALVES	SERGIO BOTTON BARCELLOS	Ciências Humanas	Sociologia	Sociologia Rural	nan
MARCO TULIO ALVES DE MEDEIROS	MONICA LOURDES FRANCH GUTIERREZ	Ciências Humanas	Antropologia	Antropologia Urbana	nan
VITORIA FERREIRA MAMEDE	PEDRO FRANCISCO GUEDES DO NASCIMENTO	Ciências Humanas	Antropologia	Antropologia Urbana	nan
MARIANA PEREIRA DE MELO NOVAIS	SAMIR PERRONE DE MIRANDA	Ciências Humanas	Ciência Política	Estado e Governo	Estudos do Poder Local
DAYANA ALMEIDA SEGUINS	TASSIA RABELO DE PINHO	Ciências Humanas	Ciência Política	Comportamento Político	Comportamento Legislativo
WILLIS DA SILVA GUIMARAES DE LIMA JUNIOR	MONICA LOURDES FRANCH GUTIERREZ	Ciências Humanas	Antropologia	Antropologia Urbana	nan
JOERY PEREIRA DE OLIVEIRA	TERESA CRISTINA FURTADO MATOS	Ciências Humanas	Sociologia	Outras Sociologias Específicas	nan
ARTUR ANDRADE MARQUES	PATRICIA ALVES RAMIRO	Ciências Humanas	Antropologia	Antropologia Rural	nan
MARIA CLARA MIRANDA FERREIRA DA SILVA	TASSIA RABELO DE PINHO	Ciências Humanas	Ciência Política	Comportamento Político	Comportamento Legislativo
IGOR GABRIEL DE ALMEIDA BARBOSA	CANDIDA JACI DE SOUSA MELO	Ciências Humanas	Filosofia	Lógica	nan
LIDIA RAQUEL FORTE DE LIMA BATINGA	DIEGO PINHEIRO FERNANDES	Ciências Humanas	Filosofia	Lógica	nan
IGOR LEWTCHUK DE PAIVA	ROBERTO GRASSO	Ciências Humanas	Filosofia	História da Filosofia	nan
FIDEL JAFFER CORREIA SILVA	CANDIDA JACI DE SOUSA MELO	Ciências Humanas	Filosofia	Lógica	nan
MIRIAM LUANA SILVA BARBOSA	HERMOGENES HEBERT PEREIRA OLIVEIRA	Ciências Humanas	Filosofia	Lógica	nan
ERICA DA SILVA GALDINO	MARCONI JOSE PIMENTEL PEQUENO	Ciências Humanas	Filosofia	Ética	nan
ANDRE LUIZ QUEIROGA MACEDO	ANA BEATRIZ RIBEIRO BARROS SILVA	Ciências Humanas	História	História do Brasil	História do Brasil República
JOSE ARILSON PIRES ALVES FILHO	TELMA CRISTINA DELGADO DIAS FERNANDES	Ciências Humanas	História	História do Brasil	História do Brasil República
CIRO CALEB BARBOSA GOMES	ANA BEATRIZ RIBEIRO BARROS SILVA	Ciências Humanas	História	História do Brasil	História do Brasil República
VERA VIEIRA BERNAL DE ALMEIDA	PAULO GIOVANI ANTONINO NUNES	Ciências Humanas	História	História do Brasil	História do Brasil República
MARIANA KAREN ALVES DOS SANTOS	MARTINHO GUEDES DOS SANTOS NETO	Ciências Humanas	História	História do Brasil	História do Brasil República
JOSE AUGUSTO DE LIMA SOUZA	MARTINHO GUEDES DOS SANTOS NETO	Ciências Humanas	História	História do Brasil	História do Brasil República
RAYANE DE LIMA BRASIL	SERIOJA RODRIGUES CORDEIRO MARIANO	Ciências Humanas	História	História do Brasil	História do Brasil Império
LUCAS DANTAS COSTA	ANA MARIA VEIGA	Ciências Humanas	História	Teoria e Filosofia da História	nan
LUARA ALENCAR FRANCISCO	CLAUDIA CRISTINA DO LAGO BORGES	Ciências Humanas	História	Teoria e Filosofia da História	nan
NATHALIA MARQUES BANDEIRA	GUILHERME QUEIROZ DE SOUZA	Ciências Humanas	História	História Antiga e Medieval	nan
MARIA MILENA LIMA QUEIROZ	GUILHERME QUEIROZ DE SOUZA	Ciências Humanas	História	História Antiga e Medieval	nan
ANA JULIA NEVES BARBOSA	TELMA CRISTINA DELGADO DIAS FERNANDES	Ciências Humanas	História	História do Brasil	História do Brasil República
LILIANE CORREIA DA SILVA	TELMA CRISTINA DELGADO DIAS FERNANDES	Ciências Humanas	História	História do Brasil	História do Brasil República
OBERDAN YUSSEFF DE ARAUJO SOARES	MARTINHO GUEDES DOS SANTOS NETO	Ciências Humanas	História	História do Brasil	História do Brasil República
ANA BEATRIZ DE FARIAS QUIRINO	MONIQUE GUIMARAES CITTADINO	Ciências Humanas	História	História do Brasil	História Regional do Brasil
LETICIA HERCULANO DA SILVA ALVES	CARLA MARY DA SILVA OLIVEIRA	Ciências Humanas	História	História Moderna e Contemporânea	nan
ANA CAROLINA SILVA LIRA	TELMA CRISTINA DELGADO DIAS FERNANDES	Ciências Humanas	História	História do Brasil	História do Brasil República
MARIA VITORIA MORENO LAURINDO	TELMA CRISTINA DELGADO DIAS FERNANDES	Ciências Humanas	História	História do Brasil	História do Brasil República
ANA CAROLINA SIMOES SILVA	PRISCILLA GONTIJO LEITE	Ciências Humanas	História	História Antiga e Medieval	nan
RICARDO VICENTE FERREIRA FILHO	FERNANDO CAUDURO PUREZA	Ciências Humanas	História	História do Brasil	História do Brasil República
THIAGO LACOMBE TORQUATO CARVALHO	FERNANDO CAUDURO PUREZA	Ciências Humanas	História	História do Brasil	História do Brasil República
MARIA LUISA SOARES MARCOLINO	CLAUDIA CRISTINA DO LAGO BORGES	Ciências Humanas	História	História do Brasil	História do Brasil República
HILDEBRANTHE DA SILVA CANDIDO	MONIQUE GUIMARAES CITTADINO	Ciências Humanas	História	História do Brasil	História Regional do Brasil
YRIS CAMPOS OLIVEIRA	CLAUDIA CRISTINA DO LAGO BORGES	Ciências Humanas	História	História do Brasil	História do Brasil República
AMANDA BATISTA DA SILVA	ANA MARIA VEIGA	Ciências Humanas	História	Teoria e Filosofia da História	nan
BRUNO RAMALHO DE FIGUEIRÊDO	CLAUDIA CRISTINA DO LAGO BORGES	Ciências Humanas	História	Teoria e Filosofia da História	nan
FERNANDO GLAYBSON DO NASCIMENTO SANTOS	CARLA MARY DA SILVA OLIVEIRA	Ciências Humanas	História	História Moderna e Contemporânea	nan
GUILHERME EWERTON ALVES DE ASSIS	HERMANO DE FRANCA RODRIGUES	Lingüística, Letras e Artes	Letras	Literatura Comparada	nan
GRAZIELLY DUARTE ALVES	HERMANO DE FRANCA RODRIGUES	Lingüística, Letras e Artes	Lingüística	Teoria e Análise Lingüística	nan
MONIJANY LINS DE GOIS	ANA CLAUDIA FELIX GUALBERTO	Lingüística, Letras e Artes	Letras	Literatura Brasileira	nan
ITALO DURDSON XAVIER DE OLIVEIRA	MARCO VALERIO CLASSE COLONNELLI	Lingüística, Letras e Artes	Letras	Línguas Clássicas	nan
AMERICO CARLOS DA ROCHA JUNIOR	MARCO VALERIO CLASSE COLONNELLI	Lingüística, Letras e Artes	Letras	Línguas Clássicas	nan
ISRAEL NIWTON DA COSTA PEREIRA	DANIELA MARIA SEGABINAZI	Lingüística, Letras e Artes	Letras	Outras Literaturas Vernáculas	nan
JOSÉ ETHAM DE LUCENA BARBOSA FILHO	DANIELA MARIA SEGABINAZI	Lingüística, Letras e Artes	Letras	Outras Literaturas Vernáculas	nan
RAPHAELA ABRANTES NOBREGA	RENATA GONCALVES GOMES	Lingüística, Letras e Artes	Letras	Teoria Literária	nan
LARISSA CAVALCANTI DE SOUSA MEDEIROS	WALISON PAULINO DE ARAUJO COSTA	Lingüística, Letras e Artes	Lingüística	Lingüística Aplicada	nan
MARIANA FRANZ MARROQUIM	RENATA GONCALVES GOMES	Lingüística, Letras e Artes	Letras	Teoria Literária	nan
MARIA CECILIA PESSOA COELHO LINHARES	RENATA GONCALVES GOMES	Lingüística, Letras e Artes	Letras	Teoria Literária	nan
ISA PAULA RODRIGUES MORAIS	MARTA PRAGANA DANTAS	Lingüística, Letras e Artes	Letras	Literatura Comparada	nan
BYANKA SOUZA SILVA	GUSTAVO LOPEZ ESTIVALET	Lingüística, Letras e Artes	Letras	Línguas Estrangeiras Modernas	nan
CAROLINA MENDONCA DE PINHO SILVA	MARIA APARECIDA DE OLIVEIRA	Lingüística, Letras e Artes	Letras	Literaturas Estrangeiras Modernas	nan
LARISSA TAVARES DE FREITAS	RENATA GONCALVES GOMES	Lingüística, Letras e Artes	Letras	Teoria Literária	nan
BRUNA MARIA SANTOS ALVES DE NORONHA	DANIELLE DE LUNA E SILVA	Lingüística, Letras e Artes	Letras	Literaturas Estrangeiras Modernas	nan
BIANCKA ELLEN BARACHO WANDERLEY	MARIA ELIZABETH PEREGRINO SOUTO MAIOR MENDES	Lingüística, Letras e Artes	Letras	Literatura Comparada	nan
GABRIELLA AGUIAR PEREIRA	JULIANA HENRIQUES DE LUNA FREIRE	Lingüística, Letras e Artes	Letras	Literaturas Estrangeiras Modernas	nan
ANDREA MARLEY CHAGAS CAMARA	MARTA PRAGANA DANTAS	Lingüística, Letras e Artes	Letras	Literatura Comparada	nan
DEISE LEITE SANTOS	MARTA PRAGANA DANTAS	Lingüística, Letras e Artes	Letras	Literatura Comparada	nan
FLAVIA EDUARDA SANTOS WERNECK	MARIA ELIZABETH PEREGRINO SOUTO MAIOR MENDES	Lingüística, Letras e Artes	Letras	Literatura Comparada	nan
NICOLE ANIZIO MARIANO DE SA	MARIA APARECIDA DE OLIVEIRA	Lingüística, Letras e Artes	Letras	Literaturas Estrangeiras Modernas	nan
NIERY PEREIRA TRAJANO	JAN EDSON RODRIGUES LEITE	Lingüística, Letras e Artes	Lingüística	Psicolingüística	nan
ANDERSON SANTOS BEZERRA	MARIA REGINA BARACUHY LEITE	Lingüística, Letras e Artes	Lingüística	Teoria e Análise Lingüística	nan
REBECA LIMONGI DE MORAIS PEREIRA	MARIA REGINA BARACUHY LEITE	Lingüística, Letras e Artes	Lingüística	Teoria e Análise Lingüística	nan
ESTER DA SILVA ALBUQUERQUE	DENILSON PEREIRA DE MATOS	Lingüística, Letras e Artes	Lingüística	Teoria e Análise Lingüística	nan
KALINE JERONIMO LOPES	MARGARETE VON MUHLEN POLL	Lingüística, Letras e Artes	Letras	Língua Portuguesa	nan
ELDER HENRIQUE DE PADUA SANTANA	MARCIO MARTINS LEITAO	Lingüística, Letras e Artes	Lingüística	Psicolingüística	nan
GISELLE MAYRA FEITOZA AGUIAR DE SOUZA	LEONARDO GUEIROS DA SILVA	Lingüística, Letras e Artes	Lingüística	Lingüística Aplicada	nan
SAMARA HELLENN JUVITO DA COSTA	JAN EDSON RODRIGUES LEITE	Lingüística, Letras e Artes	Lingüística	Psicolingüística	nan
SOFIA EUFRASIO SPERIDIAO	MARCIO MARTINS LEITAO	Lingüística, Letras e Artes	Lingüística	Psicolingüística	nan
MARINA FLORENCIO DA SILVA	REGINA CELI MENDES PEREIRA DA SILVA	Lingüística, Letras e Artes	Lingüística	Lingüística Aplicada	nan
FELIPE LUIZ BORBA FRANCO	JOSE WELLISTEN ABREU DE SOUZA	Lingüística, Letras e Artes	Lingüística	Lingüística Aplicada	nan
LARYSSA LUANNA RIBEIRO DE SALES	DENILSON PEREIRA DE MATOS	Lingüística, Letras e Artes	Lingüística	Teoria e Análise Lingüística	nan
THAYRINNY BARBOSA DA SILVA	HELANO JADER CAVALCANTE RIBEIRO	Lingüística, Letras e Artes	Letras	Teoria Literária	nan
WELISON DOUGLAS DOS SANTOS PEREIRA	ROBERTO CARLOS DE ASSIS	Lingüística, Letras e Artes	Letras	Literatura Comparada	nan
BRISA DUARTE	ROBERTO VILMAR SATUR	Multidisciplinar	Interdisciplinar	Engenharia/Tecnologia/Gestão	nan
ALICE TORREAO DA FONSECA	ROBERTO VILMAR SATUR	Multidisciplinar	Interdisciplinar	Engenharia/Tecnologia/Gestão	nan
ANA LUIZA GOMES DA SILVA	ROBERTO VILMAR SATUR	Multidisciplinar	Interdisciplinar	Engenharia/Tecnologia/Gestão	nan
MARIANA LIMA DOS SANTOS	ÁNGELA MARÍA ERAZO MUNOZ	Multidisciplinar	Interdisciplinar	Sociais e Humanidades	nan
ALIA FARIAS COSTA DE OLIVEIRA	ROBERTO VILMAR SATUR	Multidisciplinar	Interdisciplinar	Engenharia/Tecnologia/Gestão	nan
ISABELLE FERNANDES MEDEIROS	ROBERTO VILMAR SATUR	Multidisciplinar	Interdisciplinar	Engenharia/Tecnologia/Gestão	nan
JOAO GABRIEL RODRIGUES GOMES	HELANO JADER CAVALCANTE RIBEIRO	Lingüística, Letras e Artes	Letras	Teoria Literária	nan
FILIPE AUGUSTO DE OLIVEIRA	ALBERTO RICARDO PESSOA	Lingüística, Letras e Artes	Artes	Artes Plásticas	Desenho
PETRA JULIA SANTOS DE AZEVEDO	JULIO RIQUE NETO	Ciências Humanas	Psicologia	Psicologia do Desenvolvimento Humano	Desenvolvimento Social e da Personalidade
GABRIELA BAYMA REMOS FERNANDES	PAULO CESAR ZAMBRONI DE SOUZA	Ciências Humanas	Psicologia	Psicologia do Trabalho e Organizacional	nan
YASMIN SANTOS DE ARGOLO	CARMEN WALENTINA AMORIM GAUDENCIO BEZERRA	Ciências Humanas	Psicologia	Tratamento e Prevenção Psicológica	Programas de Atendimento Comunitário
JOSE ORLANDO CAMELO DA SILVA	NATANAEL ANTONIO DOS SANTOS	Ciências Humanas	Psicologia	Psicologia Experimental	Processos Perceptuais e Motores
LUCAS EURIKES MELO VASCONCELOS	ANISIO JOSE DA SILVA ARAUJO	Ciências Humanas	Psicologia	Psicologia do Trabalho e Organizacional	Fatores Humanos no Trabalho
JONIOSTENES DE SOUZA VICENTE	MARISIA OLIVEIRA DA SILVA	Ciências Humanas	Psicologia	Psicologia Social	Papéis e Estruturas Sociais; Indivíduo
PALOMA CLEMENTINO DANTAS	BALDUINO GUEDES FERNANDES DA CUNHA	Ciências Humanas	Psicologia	Psicologia Social	Processos Grupais e de Comunicação
LUCA SILVA TAVARES	BALDUINO GUEDES FERNANDES DA CUNHA	Ciências Humanas	Psicologia	Psicologia Social	Processos Grupais e de Comunicação
IZOLDA MARIA PEREIRA LEITE	BALDUINO GUEDES FERNANDES DA CUNHA	Ciências Humanas	Psicologia	Psicologia Social	Processos Grupais e de Comunicação
DAYANE GABRIELLE DO NASCIMENTO DIAS	PATRICIA NUNES DA FONSECA	Ciências Humanas	Psicologia	Fundamentos e Medidas da Psicologia	Construção e Validade de Testes, Escalas e Outras Medidas Psicológicas
ANNA DHARA GUIMARAES TANNUSS	PATRICIA NUNES DA FONSECA	Ciências Humanas	Psicologia	Fundamentos e Medidas da Psicologia	Construção e Validade de Testes, Escalas e Outras Medidas Psicológicas
ALESSANDRA DO NASCIMENTO COSTA	MONICA DE FATIMA BATISTA CORREIA	Ciências Humanas	Psicologia	Psicologia do Ensino e da Aprendizagem	Aprendizagem e Desempenho Acadêmicos
MAYANE MAIA RODRIGUES	SANDRA SOUZA DA SILVA	Ciências Humanas	Psicologia	Tratamento e Prevenção Psicológica	Intervenção Terapêutica
THAIS EMANUELE GALDINO PESSOA	CARLOS EDUARDO PIMENTEL	Ciências Humanas	Psicologia	Psicologia Social	Processos Grupais e de Comunicação
ANILAYNE REBECA DE AZEVEDO SILVA	FABIOLA DE SOUSA BRAZ AQUINO	Ciências Humanas	Psicologia	Psicologia do Desenvolvimento Humano	Processos Perceptuais e Cognitivos; Desenvolvimento
MARIA LUIZA FERREIRA DANTAS	MANUELLA CASTELO BRANCO PESSOA	Ciências Humanas	Psicologia	Psicologia do Trabalho e Organizacional	Fatores Humanos no Trabalho
MATHEUS VASCONCELOS CASTELLIANO	MANUELLA CASTELO BRANCO PESSOA	Ciências Humanas	Psicologia	Psicologia do Trabalho e Organizacional	Fatores Humanos no Trabalho
MANUELE MARIA GOMES DOS SANTOS	MANUELLA CASTELO BRANCO PESSOA	Ciências Humanas	Psicologia	Psicologia do Trabalho e Organizacional	Fatores Humanos no Trabalho
HERVYLLA DA COSTA ALMEIDA	MANUELLA CASTELO BRANCO PESSOA	Ciências Humanas	Psicologia	Psicologia do Trabalho e Organizacional	Fatores Humanos no Trabalho
JOSE MARCOS NASCIMENTO DE SOUSA	SANDRA SOUZA DA SILVA	Ciências Humanas	Psicologia	Tratamento e Prevenção Psicológica	Intervenção Terapêutica
NATHALIA KOKKONEN DOS SANTOS	MARIA DE FATIMA PEREIRA ALBERTO	Ciências Humanas	Psicologia	Psicologia Social	Papéis e Estruturas Sociais; Indivíduo
MARCOS VINICIO ANCHIETA DA SILVA JUNIOR	MELYSSA KELLYANE CAVALCANTI GALDINO	Ciências Humanas	Psicologia	Psicologia Cognitiva	nan
REGINALDO RAVEL FREIRE CARDOSO	MELYSSA KELLYANE CAVALCANTI GALDINO	Ciências Humanas	Psicologia	Psicologia Cognitiva	nan
ANA BEATRIZ BATISTA MAIA MACEDO	MIRIAN GRACIELA DA SILVA STIEBBE SALVADORI	Ciências Humanas	Psicologia	Psicologia Experimental	nan
TACIANE CAVALCANTI DO AMARAL	CARLOS EDUARDO PIMENTEL	Ciências Humanas	Psicologia	Psicologia Social	Processos Grupais e de Comunicação
RANIELLYSON ALEF BORGES DE ARAUJO	NATANAEL ANTONIO DOS SANTOS	Ciências Humanas	Psicologia	Psicologia Experimental	Processos Perceptuais e Motores
GABRIELA FERREIRA DOS SANTOS TINOCO	MARISIA OLIVEIRA DA SILVA	Ciências Humanas	Psicologia	Psicologia Social	Papéis e Estruturas Sociais; Indivíduo
MARIA BEATRIZ BEZERRA MOTA	JULIO RIQUE NETO	Ciências Humanas	Psicologia	Psicologia do Desenvolvimento Humano	Desenvolvimento Social e da Personalidade
FELIPPE DA SILVA E SOUZA	MELYSSA KELLYANE CAVALCANTI GALDINO	Ciências Humanas	Psicologia	Psicologia do Desenvolvimento Humano	nan
TAMIRES ALMEIDA DA COSTA LIMA	ANISIO JOSE DA SILVA ARAUJO	Ciências Humanas	Psicologia	Psicologia do Trabalho e Organizacional	Fatores Humanos no Trabalho
LIVIA HENRIQUE LEITE	FABIOLA DE SOUSA BRAZ AQUINO	Ciências Humanas	Psicologia	Psicologia do Ensino e da Aprendizagem	Treinamento de Pessoal
TAINAH VICTORIA DE MEDEIROS MATHIAS	MELYSSA KELLYANE CAVALCANTI GALDINO	Ciências Humanas	Psicologia	Psicologia do Desenvolvimento Humano	nan
ARTHUR ANTUNES PEREIRA COSTA	FLAVIO FREITAS BARBOSA	Ciências Humanas	Psicologia	Psicologia Fisiológica	Psicobiologia
RAFAELLA ELLEN DE ANDRADE MARINHO	FLAVIO FREITAS BARBOSA	Ciências Humanas	Psicologia	Psicologia Fisiológica	Psicobiologia
ANNE CAROLINE NASCIMENTO DA SILVA	MARIA DE FATIMA PEREIRA ALBERTO	Ciências Humanas	Psicologia	Psicologia Social	Papéis e Estruturas Sociais; Indivíduo
LISSANDRA JUSTO ANIBAL DE SOUSA	MARIA DE FATIMA PEREIRA ALBERTO	Ciências Humanas	Psicologia	Psicologia Social	Papéis e Estruturas Sociais; Indivíduo
SABRINA MARIA SOUZA TAVARES	MARIA DE FATIMA PEREIRA ALBERTO	Ciências Humanas	Psicologia	Psicologia Social	Papéis e Estruturas Sociais; Indivíduo
GARDENIA MARIA MATIAS DE OLIVEIRA	MARIA DE FATIMA PEREIRA ALBERTO	Ciências Humanas	Psicologia	Psicologia Social	Papéis e Estruturas Sociais; Indivíduo
ANA LUISA ADISSI MACHADO	TATIANA DE LUCENA TORRES	Ciências Humanas	Psicologia	Psicologia do Trabalho e Organizacional	Fatores Humanos no Trabalho
ELOÁ ALMEIDA DA COSTA	CLAUDIA MARIA COSTA GOMES	Ciências Sociais Aplicadas	Serviço Social	Fundamentos do Serviço Social	nan
MARIA IMACULADA DE ANDRADE MORAIS	WECIO PINHEIRO ARAUJO	Ciências Sociais Aplicadas	Serviço Social	Fundamentos do Serviço Social	nan
MARIA BERNADETE RODRIGUES DO NASCIMENTO	MARIA DE FATIMA LEITE GOMES	Ciências Sociais Aplicadas	Serviço Social	Serviço Social Aplicado	Serviço Social da Educação
FRANCISCA FERREIRA DE SOUZA PEDROSA	ALINE MARIA BATISTA MACHADO	Ciências Sociais Aplicadas	Serviço Social	Fundamentos do Serviço Social	nan
FRANCIELE LOURENCO ALVES	ALINE MARIA BATISTA MACHADO	Ciências Sociais Aplicadas	Serviço Social	Fundamentos do Serviço Social	nan
PATRICIA ALBUQUERQUE MEDEIROS	EMANUEL LUIZ PEREIRA DA SILVA	Ciências Sociais Aplicadas	Serviço Social	Serviço Social Aplicado	Serviço Social do Trabalho
ISLA REBECA DE LIMA MONTEIRO	WECIO PINHEIRO ARAUJO	Ciências Humanas	Filosofia	Ética	nan
ERICK DOUGLLAS DOS SANTOS	MARIA DE NAZARE TAVARES ZENAIDE	Ciências Humanas	História	História do Brasil	História do Brasil República
MARIA BETANIA GOMES DA SILVA	DANIELLE VIANA LUGO PEREIRA	Ciências Sociais Aplicadas	Serviço Social	Fundamentos do Serviço Social	nan
JAQUELINE FIGUEREDO SILVA	DANIELLE VIANA LUGO PEREIRA	Ciências Sociais Aplicadas	Serviço Social	Fundamentos do Serviço Social	nan
PABLO HENRIQUE DO NASCIMENTO VASCONCELOS	EMANUEL LUIZ PEREIRA DA SILVA	Ciências Sociais Aplicadas	Serviço Social	Serviço Social Aplicado	Serviço Social do Trabalho
THAIS LOPES VASCONCELOS	CLAUDIA MARIA COSTA GOMES	Ciências Sociais Aplicadas	Serviço Social	Fundamentos do Serviço Social	nan
ANTONIO PEDRO CASQUEIRO DOS SANTOS	GISCARD FARIAS AGRA	Ciências Sociais Aplicadas	Direito	Teoria do Direito	História do Direito
NATALIA DE MELO MEDEIROS	ANA LIA VANDERLEI DE ALMEIDA	Ciências Sociais Aplicadas	Direito	Teoria do Direito	Sociologia Jurídica
VICTOR DE OLIVEIRA MARTINS	ROBERTO CORDOVILLE EFREM DE LIMA FILHO	Ciências Sociais Aplicadas	Direito	Teoria do Direito	Antropologia Jurídica
ANNA KAROLYNA BENTO COSTA	HUGO BELARMINO DE MORAIS	Multidisciplinar	Interdisciplinar	Sociais e Humanidades	nan
MARIA CLARA GOMES DO NASCIMENTO	GISCARD FARIAS AGRA	Ciências Sociais Aplicadas	Direito	Teoria do Direito	História do Direito
BEATRIZ SOUSA DE ALBUQUERQUE	ROBERTA CANDEIA GONCALVES	Ciências Sociais Aplicadas	Direito	Teoria do Direito	Sociologia Jurídica
CHEISA DE ARROXELAS MACEDO PEREIRA	NELSON GOMES DE SANT ANA E SILVA JUNIOR	Ciências Sociais Aplicadas	Direito	Teoria do Direito	Sociologia Jurídica
GISELE MONTEIRO PEREIRA	ROBERTO CORDOVILLE EFREM DE LIMA FILHO	Ciências Sociais Aplicadas	Direito	Teoria do Direito	Antropologia Jurídica
MARIA STEPHANNE BESERRA CARDOSO	HUGO BELARMINO DE MORAIS	Multidisciplinar	Interdisciplinar	Sociais e Humanidades	nan
JULIA EDUARDA ALMEIDA CORREIA CORDEIRO	ROBERTO CORDOVILLE EFREM DE LIMA FILHO	Ciências Sociais Aplicadas	Direito	Teoria do Direito	Antropologia Jurídica
ISABELA DATIVO SENA	ALESSANDRA DANIELLE CARNEIRO DOS SANTOS HILARIO	Ciências Sociais Aplicadas	Direito	Direito Público	Direito Constitucional
MARIA KARYNNA RIOS DO NASCIMENTO SANTOS	HUGO BELARMINO DE MORAIS	Multidisciplinar	Interdisciplinar	Sociais e Humanidades	nan
LUIZ FERNANDO DE OLIVEIRA	ANA PAULA CORREIA DE ALBUQUERQUE DA COSTA	Ciências Sociais Aplicadas	Direito	Direito Privado	Direito Civil
CRISTIAN RENNER VIRGINIO DA SILVA	ALESSANDRA DANIELLE CARNEIRO DOS SANTOS HILARIO	Ciências Sociais Aplicadas	Direito	Direito Público	Direito Constitucional
LEONARDO DOURADO MELO	ROBERTO CORDOVILLE EFREM DE LIMA FILHO	Ciências Sociais Aplicadas	Direito	Teoria do Direito	Antropologia Jurídica
MARIA BARBATO PALMA	GISCARD FARIAS AGRA	Ciências Sociais Aplicadas	Direito	Teoria do Direito	História do Direito
ELLEN NUNES RODRIGUES SOARES	NELSON GOMES DE SANT ANA E SILVA JUNIOR	Ciências Sociais Aplicadas	Direito	Teoria do Direito	Sociologia Jurídica
MARIA MANNUELLA DE MELO ALMEIDA	ROBERTO CORDOVILLE EFREM DE LIMA FILHO	Ciências Sociais Aplicadas	Direito	Teoria do Direito	Antropologia Jurídica
THAIS EDUARDA LIMA DA SILVA	MARIA GORETTI DAL BOSCO	Ciências Sociais Aplicadas	Direito	Direito Privado	Direito Civil
REBECA MARIA ESTRELA VIEIRA	MARIA GORETTI DAL BOSCO	Ciências Sociais Aplicadas	Direito	Direito Privado	Direito Civil
NATHALIA DE SOUZA QUEIROZ	MARILIA MARQUES REGO VILHENA	Ciências Sociais Aplicadas	Direito	Direito Privado	Direito Comercial
ANTONIO LUCAS LIRA PEREIRA	JAILTON MACENA DE ARAÚJO	Ciências Sociais Aplicadas	Direito	Direito Privado	Direito do Trabalho
MARINA GOMES BARBOSA	MARCELO WEICK POGLIESE	Ciências Sociais Aplicadas	Direito	Direitos Especiais	nan
ANGELO GABRIEL DE A BARBOSA AGNOLETI	MARCELO WEICK POGLIESE	Ciências Sociais Aplicadas	Direito	Direitos Especiais	nan
ANDRIELLY RUTH FIGUEIROA DO NASCIMENTO	JAILTON MACENA DE ARAÚJO	Ciências Sociais Aplicadas	Direito	Direito Privado	Direito do Trabalho
ALINE MIRANDA DE CARVALHO	LUIS CARLOS DOS SANTOS LIMA SOBRINHO	Ciências Sociais Aplicadas	Direito	Direito Público	Direito Internacional Público
JOSE JONAS MANGUEIRA DA SILVA	GUSTAVO BARBOSA DE MESQUITA BATISTA	Ciências Sociais Aplicadas	Direito	Direito Público	Direito Penal
LAIZA SARINHO BEZERRA	LUIS CARLOS DOS SANTOS LIMA SOBRINHO	Ciências Sociais Aplicadas	Direito	Direito Público	Direito Internacional Público
SARAH NOBREGA ESCOREL	GUSTAVO BARBOSA DE MESQUITA BATISTA	Ciências Sociais Aplicadas	Direito	Direito Público	Direito Penal
MARIA CECILIA MACENA GAMA	ALESSANDRA CORREIA LIMA MACEDO FRANCA	Ciências Sociais Aplicadas	Direito	Direito Público	Direito Internacional Público
GUILHERME MORAIS REGIS DE LUCENA	MARCILIO TOSCANO FRANCA FILHO	Ciências Sociais Aplicadas	Direito	Direito Público	Direito Internacional Público
LUCAS FELIPE CABRAL DE AQUINO	MARCILIO TOSCANO FRANCA FILHO	Ciências Sociais Aplicadas	Direito	Direito Público	Direito Internacional Público
SERGIO RICARDO DOS SANTOS ALFREDO	LUCIMEIRY BATISTA DA SILVA RABAY	Ciências Sociais Aplicadas	Administração	Administração Pública	nan
MARIA DE FATIMA VELOSO DE MEDEIROS	ANIELSON BARBOSA DA SILVA	Ciências Sociais Aplicadas	Administração	Administração de Empresas	nan
PATRICIO DA SILVA FONTES	PAMELA ADELINO RAMOS ALBERTINS	Ciências Sociais Aplicadas	Administração	Administração de Empresas	Administração de Recursos Humanos
IVONALDO VINICIUS DE MELO FERREIRA	ANIELSON BARBOSA DA SILVA	Ciências Sociais Aplicadas	Administração	Administração de Empresas	nan
RIZIA KELLY RAMOS DE SALES	ANA LUCIA DE ARAUJO LIMA COELHO	Ciências Sociais Aplicadas	Administração	Administração de Empresas	nan
JOAN VITOR DELFINO MEDEIROS	JOSE JORGE LIMA DIAS JUNIOR	Ciências Sociais Aplicadas	Administração	Administração de Setores Específicos	nan
ANA MARCIA BARBOSA FERNANDES ROLIM	ANIELSON BARBOSA DA SILVA	Ciências Sociais Aplicadas	Administração	Administração de Empresas	nan
GILVAN JOSE DOS SANTOS JUNIOR	ANA LUCIA DE ARAUJO LIMA COELHO	Ciências Sociais Aplicadas	Administração	Administração de Empresas	nan
ANA KARENINA DANTAS SILVESTRE LEAL	LUCIMEIRY BATISTA DA SILVA RABAY	Ciências Sociais Aplicadas	Administração	Administração Pública	nan
SAMUEL MARINHO DE ALBUQUERQUE	CLÁUDIO PILAR DA SILVA JUNIOR	Ciências Sociais Aplicadas	Administração	Administração de Empresas	Administração Financeira
RAYSSA LAIZE CEZAR LEONCIO	ANA CAROLINA KRUTA DE ARAUJO BISPO	Ciências Sociais Aplicadas	Administração	Administração de Setores Específicos	nan
TALYTA RAFFAELA BARBOSA DE MEDEIROS	LUCIMEIRY BATISTA DA SILVA RABAY	Multidisciplinar	Interdisciplinar	Sociais e Humanidades	nan
WERLLESON WILLER MOURA SILVA	PAMELA ADELINO RAMOS ALBERTINS	Ciências Sociais Aplicadas	Administração	Administração de Empresas	Administração da Produção
DEBORA RAQUEL FERREIRA DA SILVA GOMES	PAMELA ADELINO RAMOS ALBERTINS	Ciências Sociais Aplicadas	Administração	Administração de Empresas	Administração de Recursos Humanos
AMANDA VIRGINIA DE LEMOS MADEIRO	DIANA LUCIA TEIXEIRA DE CARVALHO	Ciências Sociais Aplicadas	Administração	Administração Pública	nan
AMENA RUTE ALMEIDA CAVALCANTE	ALZIRA KARLA ARAUJO DA SILVA	Ciências Sociais Aplicadas	Ciência da Informação	Teoria da Informação	nan
ANA CARLA AMARAL ALVES	ELIANE BEZERRA PAIVA	Ciências Sociais Aplicadas	Ciência da Informação	Biblioteconomia	Métodos Quantitativos. Bibliometria
FEBRANIA FERNANDES VIEIRA BRAGA	EMEIDE NOBREGA DUARTE	Ciências Sociais Aplicadas	Ciência da Informação	Teoria da Informação	Teoria Geral da Informação
APOLONIO GRACIANO DA SILVA NETO	ALZIRA KARLA ARAUJO DA SILVA	Ciências Sociais Aplicadas	Ciência da Informação	Teoria da Informação	nan
VANESSA NUNES CARDOSO	GISELE ROCHA CORTES	Ciências Sociais Aplicadas	Ciência da Informação	Biblioteconomia	nan
ARYELLE DE OLIVEIRA TEODOSIO	LUCIANA FERREIRA DA COSTA	Lingüística, Letras e Artes	Artes	Educação Artística	nan
GISLAYNE PEREZ THEODORO	BERNARDINA MARIA JUVENAL FREIRE DE OLIVEIRA	Ciências Sociais Aplicadas	Ciência da Informação	Arquivologia	Organização de Arquivos
MARIA EDUARDA DOS SANTOS SILVA	MARIA MERIANE VIEIRA DA ROCHA	Ciências Sociais Aplicadas	Ciência da Informação	Arquivologia	Organização de Arquivos
JORGE CLEITON FERREIRA DA SILVA	LUCIANA FERREIRA DA COSTA	Ciências Sociais Aplicadas	Ciência da Informação	Teoria da Informação	nan
REBECA KLYWIANN MULATINHO CARDONE	GRACY KELLI MARTINS GONCALVES	Ciências Sociais Aplicadas	Ciência da Informação	Biblioteconomia	Processos de Disseminação da Informação
MARIA EDUARDA DANTAS HARDMAN URTIGA	MARIA ELIZABETH BALTAR CARNEIRO DE ALBUQUERQUE	Ciências Sociais Aplicadas	Ciência da Informação	Biblioteconomia	Técnicas de Recuperação de Informação
REBEKA ROSANA DA SILVA SANTANA	MAGNO VAMBERTO BATISTA DA SILVA	Ciências Sociais Aplicadas	Economia	Economia Regional e Urbana	Economia Regional
ALANA SATO	PAULO AGUIAR DO MONTE	Ciências Sociais Aplicadas	Economia	Economia dos Recursos Humanos	Mercado de Trabalho; Política do Governo
PABLO RODRIGUES DE CASTRO	PAULO AGUIAR DO MONTE	Ciências Sociais Aplicadas	Economia	Economia dos Recursos Humanos	Mercado de Trabalho; Política do Governo
JOSE GULHERME DE LIMA ANDRADE	HELIO DE SOUSA RAMOS FILHO	Ciências Sociais Aplicadas	Economia	Economia Internacional	Teoria do Comércio Internacional
GUSTAVO HENRIQUE MAIA DIAS	ADRIANA CARLA DAMASCENO	Ciências Exatas e da Terra	Ciência da Computação	Metodologia e Técnicas da Computação	Engenharia de Software
EDSON FIRMINO DA SILVA FILHO	MARCIA BATISTA DA FONSECA	Ciências Sociais Aplicadas	Economia	Economias Agrária e dos Recursos Naturais	Economia dos Recursos Naturais
GABRIEL SOUZA DE LIRA	MARCIA BATISTA DA FONSECA	Ciências Sociais Aplicadas	Economia	Economias Agrária e dos Recursos Naturais	Economia dos Recursos Naturais
RAFAEL MACEDO DE LIMA	VERA LUCIA CRUZ	Ciências Sociais Aplicadas	Administração	Ciências Contábeis	nan
MARIA ISAURA DA COSTA NETA	ROBERIO DANTAS DE FRANCA	Ciências Sociais Aplicadas	Administração	Ciências Contábeis	nan
ADRIELLE MARCELINO MACEDO	WENNER GLAUCIO LOPES LUCENA	Ciências Sociais Aplicadas	Administração	Ciências Contábeis	nan
KATIA KARINA MEDEIROS LISBOA	ROMMEL DE SANTANA FREIRE	Ciências Sociais Aplicadas	Administração	Administração de Empresas	Administração Financeira
FABIO MEDEIROS RODRIGUES	MOISES ARAUJO ALMEIDA	Ciências Sociais Aplicadas	Administração	Ciências Contábeis	nan
JESSICA MICHELLY SOUZA DE AZEVEDO	KARLA KATIUSCIA NOBREGA DE ALMEIDA	Ciências Sociais Aplicadas	Administração	Ciências Contábeis	nan
DANILO AMORIM DE SA	WENNER GLAUCIO LOPES LUCENA	Ciências Sociais Aplicadas	Administração	Ciências Contábeis	nan
IANNESKA BARRETO DE LIMA	VERA LUCIA CRUZ	Ciências Sociais Aplicadas	Administração	Ciências Contábeis	nan
RAYANE BEZERRA DA SILVA	VERA LUCIA CRUZ	Ciências Sociais Aplicadas	Administração	Ciências Contábeis	nan
BRUNO DE BRITO CASTRO	MARIA DANIELLA DE OLIVEIRA PEREIRA DA SILVA	Ciências Sociais Aplicadas	Administração	Ciências Contábeis	nan
LAIS DA CUNHA FALCAO	FLAVIO PERAZZO BARBOSA MOTA	Ciências Sociais Aplicadas	Administração	Administração Pública	Organizações Públicas
ANA ANDREASI FORTI E SILVA	MARCOS ALAN SHAIKHZADEH VAHDAT FERREIRA	Ciências Humanas	Ciência Política	Política Internacional	Integração Internacional, Conflito, Guerra e Paz
LETICIA BURITI DE ARAUJO FERNANDES	AUGUSTO WAGNER MENEZES TEIXEIRA JUNIOR	Ciências Humanas	Ciência Política	Política Internacional	Integração Internacional, Conflito, Guerra e Paz
MARIA CECILIA NERES FERNANDES	LUCAS MILANEZ DE LIMA ALMEIDA	Ciências Sociais Aplicadas	Economia	Economia Internacional	nan
MARIA EDUARDA BORGES BARBOSA	AUGUSTO WAGNER MENEZES TEIXEIRA JUNIOR	Ciências Humanas	Ciência Política	Política Internacional	Integração Internacional, Conflito, Guerra e Paz
CINTHYA ARAUJO GOMES	AUGUSTO WAGNER MENEZES TEIXEIRA JUNIOR	Ciências Humanas	Ciência Política	Política Internacional	Integração Internacional, Conflito, Guerra e Paz
HANNA CRUZ DE AZEVEDO MAIA	MARIANA PIMENTA OLIVEIRA BACCARINI	Ciências Humanas	Ciência Política	Política Internacional	Organizações Internacionais
JADE ABREU DE FREITAS	ELIA ELISA CIA ALVES	Ciências Humanas	Ciência Política	Políticas Públicas	Análise Institucional
AGNES MARIA FREITAS AMARAL	ELIA ELISA CIA ALVES	Ciências Humanas	Ciência Política	Políticas Públicas	Análise Institucional
RAQUEL GONCALVES DANTAS	ELIANE SUPERTI	Ciências Humanas	Sociologia	Outras Sociologias Específicas	nan
ARETHA FAUSTINO DE ARAUJO	MARCOS ALAN SHAIKHZADEH VAHDAT FERREIRA	Ciências Humanas	Ciência Política	Políticas Públicas	nan
ANA CLARA BRASILEIRO RODRIGUES	MARIANA PIMENTA OLIVEIRA BACCARINI	Ciências Humanas	Ciência Política	Política Internacional	Organizações Internacionais
ROMBERG DE SA GONDIM	PASCOAL TEOFILO CARVALHO GONCALVES	Ciências Humanas	Ciência Política	Política Internacional	Organizações Internacionais
FELIPE RODRIGUES ALVES	LUCAS MILANEZ DE LIMA ALMEIDA	Ciências Sociais Aplicadas	Economia	Economia Internacional	nan
RAYNNARA LAURENTINO RODRIGUES	LUCAS MILANEZ DE LIMA ALMEIDA	Ciências Sociais Aplicadas	Economia	Economia Internacional	nan
SARAH GABRIELLE LOPES CONSERVA	TULIO SERGIO HENRIQUES FERREIRA	Ciências Humanas	Ciência Política	Política Internacional	Política Externa do Brasil
GUSTAVO SOARES FELIX LIMA	HENRIQUE ZEFERINO DE MENEZES	Ciências Humanas	Ciência Política	Política Internacional	Relações Internacionais, Bilaterais e Multilaterais
KENJI ARANHA SATO	HENRY IURE DE PAIVA SILVA	Ciências Humanas	Ciência Política	Política Internacional	Política Externa do Brasil
WAGNER LEITE DOS SANTOS	VICTOR HUGO NEVES DE OLIVEIRA	Lingüística, Letras e Artes	Artes	Dança	nan
JESSICA JESSE FELIX SEVERO	VICTOR HUGO NEVES DE OLIVEIRA	Lingüística, Letras e Artes	Artes	Dança	nan
HUGO FELIX DA SILVA	CAROLINA DIAS LARANJEIRA	Lingüística, Letras e Artes	Artes	Dança	Coreografia
RAYRANE MELYSSA LIMA ARAGAO	ANA VALERIA RAMOS VICENTE	Lingüística, Letras e Artes	Artes	Dança	Coreografia
JAMYSSON IAN LIMA SOUZA	LIRIA DE ARAUJO MORAIS	Lingüística, Letras e Artes	Artes	Dança	Coreografia
THIAGO FERREIRA REIMBERG PINTO	VICTOR HUGO NEVES DE OLIVEIRA	Lingüística, Letras e Artes	Artes	Dança	nan
LUCAS LOBIANCO AZARIAS	ROBSON XAVIER DA COSTA	Lingüística, Letras e Artes	Artes	Fundamentos e Crítica das Artes	Teoria da Arte
VICTOR HUGO BORBA DA SILVA	ROBSON XAVIER DA COSTA	Lingüística, Letras e Artes	Artes	Fundamentos e Crítica das Artes	Teoria da Arte
MARCOS ANTONIO FERNANDES VELOSO	FLÁVIA AFFONSO MAYER	Ciências Sociais Aplicadas	Comunicação	Comunicação Visual	nan
SAMUEL MARINHO RODRIGUES DE PONTES	FLÁVIA AFFONSO MAYER	Ciências Sociais Aplicadas	Comunicação	Comunicação Visual	nan
THIAGO PONTES VIRGINIO	FLÁVIA AFFONSO MAYER	Ciências Sociais Aplicadas	Comunicação	Comunicação Visual	nan
MARIA LUIZA RAMOS	LUIZ ANTONIO MOUSINHO MAGALHAES	Ciências Sociais Aplicadas	Comunicação	Teoria da Comunicação	nan
DANILO DOS SANTOS ARAUJO	JOSILENE RIBEIRO DE OLIVEIRA	Ciências Humanas	Sociologia	Outras Sociologias Específicas	nan
CAIO RIBEIRO LEITE GUILHERME	RODRIGO MARTINS ARAGAO	Ciências Sociais Aplicadas	Comunicação	Rádio e Televisão	nan
MYLLENA HELLEN SILVA DA COSTA	RODRIGO MARTINS ARAGAO	Ciências Sociais Aplicadas	Comunicação	Rádio e Televisão	nan
JOSE RODRIGO CAVALCANTI DE MENEZES	JOSILENE RIBEIRO DE OLIVEIRA	Ciências Humanas	Sociologia	Outras Sociologias Específicas	nan
GIOVANNA VITORIA DE ARAUJO ALVES	JOSILENE RIBEIRO DE OLIVEIRA	Ciências Humanas	Sociologia	Outras Sociologias Específicas	nan
MARIVONE DOS SANTOS SANTANA	MAURA LUCIA FERNANDES PENNA	Lingüística, Letras e Artes	Artes	Música	nan
JOAO VITOR NOBREGA VIEIRA	ALICE LUMI SATOMI	Lingüística, Letras e Artes	Artes	Música	Instrumentação Musical
LIVIA FIGUEIREDO DE ALENCAR E SILVA	JOSELIA RAMALHO VIEIRA	Lingüística, Letras e Artes	Artes	Música	Instrumentação Musical
ARIEL QUEIROZ ALMEIDA	FABIO HENRIQUE GOMES RIBEIRO	Lingüística, Letras e Artes	Artes	Música	nan
ELEN FIRMINO DE SANTANA	CARLA PEREIRA DOS SANTOS	Lingüística, Letras e Artes	Artes	Música	Instrumentação Musical
MATTEWS ASAPH DOMINGUES SOL SOL	ALICE LUMI SATOMI	Lingüística, Letras e Artes	Artes	Música	Instrumentação Musical
KATILLY JOYCE PAULINO DE MEDEIROS	FABIO HENRIQUE GOMES RIBEIRO	Lingüística, Letras e Artes	Artes	Música	nan
LUIZ MANOEL PEREIRA FILHO	SANDRA RAQUEW DOS SANTOS AZEVEDO	Ciências Sociais Aplicadas	Comunicação	Jornalismo e Editoração	Jornalismo Especializado (Comunitário, Rural, Empresarial, Científico)
ESDRAS ALVES DE OLIVEIRA	MARLUCE PEREIRA DA SILVA	Lingüística, Letras e Artes	Lingüística	Lingüística Aplicada	nan
LEONARDO JOSE BATISTA DE ALCANTARA	MARLUCE PEREIRA DA SILVA	Lingüística, Letras e Artes	Lingüística	Lingüística Aplicada	nan
CRISLAINE DA COSTA HONORIO	SANDRA RAQUEW DOS SANTOS AZEVEDO	Ciências Sociais Aplicadas	Comunicação	Jornalismo e Editoração	Jornalismo Especializado (Comunitário, Rural, Empresarial, Científico)
EVA MARIA DE PONTES LIMA TAVARES DE FARIAS	RAVI SHANKAR MAGNO VIANA DOMINGUES	Lingüística, Letras e Artes	Artes	Música	Instrumentação Musical
LIDIANA DE CASTRO LIMA BANDEIRA	PAULA DUTRA LEAO DE MENEZES	Ciências Sociais Aplicadas	Turismo	nan	nan
RACHEL SILVA FROTA	MARCLEIDE MARIA MACEDO PEDERNEIRAS	Ciências Sociais Aplicadas	Turismo	nan	nan
GREYCE KETHLLE SILVA SOUSA	FRANCISCO COELHO MENDES	Ciências Sociais Aplicadas	Turismo	nan	nan
MARIA CLARA VIRGINIO ARARUNA FORMIGA	ADRIANA BRAMBILLA	Ciências Sociais Aplicadas	Turismo	nan	nan
GIRLENE FLORENCIO DE SOUZA	FRANCISCO COELHO MENDES	Ciências Sociais Aplicadas	Turismo	nan	nan
RAQUEL ALVES DOS SANTOS	JOELMA ABRANTES GUEDES TEMOTEO	Ciências Sociais Aplicadas	Turismo	nan	nan
MARIANNA DE BRITO TRANIN DE MAGALHAES	ILANA BARRETO KIYOTANI	Ciências Sociais Aplicadas	Turismo	nan	nan
KAIQUE APARECIDO GONCALVES E SILVA	LEYLA THAYS BRITO DA SILVA	Lingüística, Letras e Artes	Letras	Literatura Brasileira	nan
TULIO DA SILVA MARQUES	MARIA DO SOCORRO XAVIER BATISTA	Ciências Humanas	Educação	Tópicos Específicos de Educação	Educação Permanente
GIVANILTON DE ARAÚJO BARBOSA	MARIA DO SOCORRO XAVIER BATISTA	Ciências Humanas	Educação	Tópicos Específicos de Educação	Educação Permanente
MARIA JOSE SANTOS DA COSTA	NILVANIA DOS SANTOS SILVA	Ciências Humanas	Educação	Tópicos Específicos de Educação	Educação Rural
DENISE D'ARC DOS SANTOS REIS	NILVANIA DOS SANTOS SILVA	Ciências Humanas	Educação	Tópicos Específicos de Educação	Educação Rural
MYLENA COSTA DA SILVA	PAULO CESAR GEGLIO	Ciências Humanas	Educação	Planejamento e Avaliação Educacional	Avaliação de Sistemas, Instituições, Planos e Programas Educacionais
EMMILY DAIANE DA SILVA	MARIA ELIZETE GUIMARAES CARVALHO	Ciências Humanas	Educação	Fundamentos da Educação	História da Educação
FRANCULINA LIRA MATIAS	VIVIA DE MELO SILVA	Ciências Humanas	Educação	Fundamentos da Educação	História da Educação
JAKELINE FLORENCIO DA SILVA	PAULO CESAR GEGLIO	Ciências Humanas	Educação	Planejamento e Avaliação Educacional	Avaliação de Sistemas, Instituições, Planos e Programas Educacionais
THAIS GABRIELLE DE AGUIAR MENDES PRAZIM	ITACYARA VIANA MIRANDA	Ciências Humanas	Educação	Fundamentos da Educação	História da Educação
RHAFAELA CASTELO BRANCO CIRILO CARVALHO	JEAN CARLO DE CARVALHO COSTA	Ciências Humanas	Educação	Fundamentos da Educação	História da Educação
VANESSA COSTA SILVA	ITACYARA VIANA MIRANDA	Ciências Humanas	Educação	Fundamentos da Educação	História da Educação
MICHELE DA SILVA ANDRADE	DIEGO DOS SANTOS REIS	Ciências Humanas	Educação	Fundamentos da Educação	Filosofia da Educação
MARIA CLARA SENA DA SILVA	FERNANDO CEZAR BEZERRA DE ANDRADE	Ciências Humanas	Educação	Fundamentos da Educação	Psicologia Educacional
VITAL FABRICIO DO NASCIMENTO	FERNANDO CEZAR BEZERRA DE ANDRADE	Ciências Humanas	Educação	Fundamentos da Educação	Psicologia Educacional
RENATA HELLENA MIRANDA FREIRE DE LIMA	MARIA DAS GRACAS DE ALMEIDA BAPTISTA	Ciências Humanas	Educação	Ensino-Aprendizagem	Teorias da Instrução
MARCOS ANTONIO BEZERRA DA SILVA JUNIOR	UYGUACIARA VELOSO CASTELO BRANCO	Ciências Humanas	Educação	Planejamento e Avaliação Educacional	Avaliação de Sistemas, Instituições, Planos e Programas Educacionais
JOSE LUCAS BATISTA DOS SANTOS	UYGUACIARA VELOSO CASTELO BRANCO	Ciências Humanas	Educação	Planejamento e Avaliação Educacional	Avaliação de Sistemas, Instituições, Planos e Programas Educacionais
LEONICE JUVENCIO DOS SANTOS	MARIA DAS GRACAS DE ALMEIDA BAPTISTA	Ciências Humanas	Educação	Ensino-Aprendizagem	Teorias da Instrução
EDUARDO DE SOUZA LIMA	NAYANA RODRIGUES CORDEIRO MARIANO	Ciências Humanas	Educação	Fundamentos da Educação	História da Educação
MARIA DAS VICTORIAS FELINTO DOS SANTOS	MUNIQUE MASSARO	Ciências Humanas	Educação	Tópicos Específicos de Educação	Educação Especial
WILLIAM FERREIRA DA SILVA	EVELYN FERNANDES AZEVEDO FAHEINA	Ciências Humanas	Educação	Fundamentos da Educação	História da Educação
HERLLA PALMEIRA MELQUIADES LOUVEM	JANINE MARTA COELHO RODRIGUES	Ciências Humanas	Educação	Tópicos Específicos de Educação	Educação em Periferias Urbanas
LUCAS GABRIEL CHAVES GONCALVES	MARIANO CASTRO NETO	Ciências Humanas	Educação	Planejamento e Avaliação Educacional	nan
CRISTIANE CARDOSO DIAS	ANA PAULA ROMAO DE SOUZA FERREIRA	Ciências Humanas	Educação	Currículo	Currículos Específicos para Níveis e Tipos de Educação
LILYA RAQUEL MARINHO E SILVA	ADENIZE QUEIROZ DE FARIAS	Ciências Humanas	Educação	Tópicos Específicos de Educação	Educação Especial
SABRINA BEZERRA LEAL	MARCOS ANGELUS MIRANDA DE ALCANTARA	Ciências Humanas	Educação	Administração Educacional	nan
LUANA VIEIRA BATISTA	MARIA EULINA PESSOA DE CARVALHO	Ciências Humanas	Educação	Tópicos Específicos de Educação	nan
ANDREIA CAROLINA DE OLIVEIRA SERAFIM	MARIA EULINA PESSOA DE CARVALHO	Ciências Humanas	Educação	Tópicos Específicos de Educação	nan
JADE RODRIGUES DO AMARAL	SURYA AARONOVICH POMBO DE BARROS	Ciências Humanas	Educação	Fundamentos da Educação	História da Educação
CRISTIANO SEVERINO DE OLIVEIRA FILHO	MARLECIO MAKNAMARA DA SILVA CUNHA	Ciências Humanas	Educação	Tópicos Específicos de Educação	Educação Permanente
PALOMA EMANUELE DA COSTA NASCIMENTO FERNANDES	JOSÉ LEONARDO ROLIM DE LIMA SEVERO	Ciências Humanas	Educação	Tópicos Específicos de Educação	nan
LEONARDO FERREIRA DA SILVA	MARLECIO MAKNAMARA DA SILVA CUNHA	Ciências Humanas	Educação	Tópicos Específicos de Educação	Educação Permanente
LIDIANE MARIA DOS SANTOS FARIAS	SURYA AARONOVICH POMBO DE BARROS	Ciências Humanas	Educação	Fundamentos da Educação	História da Educação
CLEBSON MATEUS DE LACERDA	MAURICEIA ANANIAS	Ciências Humanas	Educação	Fundamentos da Educação	História da Educação
LIDIANE DA SILVA	RHOBERTA SANTANA DE ARAUJO	Ciências Humanas	Educação	Planejamento e Avaliação Educacional	Política Educacional
JÉSSICA SANTANA DOS SANTOS	MARSILVIO GONCALVES PEREIRA	Ciências Humanas	Educação	Ensino-Aprendizagem	Métodos e Técnicas de Ensino
ELOISA MONTEIRO DOS SANTOS	FRANCISCO JOSE PEGADO ABILIO	Ciências Humanas	Educação	Ensino-Aprendizagem	Métodos e Técnicas de Ensino
MARIA CAROLINA GOMES MONTEIRO	LENILTON FRANCISCO DE ASSIS	Ciências Humanas	Educação	Planejamento e Avaliação Educacional	Política Educacional
RITA DE CASSIA SANTOS DE LIRA	LENILTON FRANCISCO DE ASSIS	Ciências Humanas	Educação	Planejamento e Avaliação Educacional	Política Educacional
YANE KETHLLE DOS SANTOS FIDELIS	SEVERINO BEZERRA DA SILVA	Ciências Humanas	Educação	Tópicos Específicos de Educação	Educação Rural
MARIA DE DEUS DOS SANTOS FREIRE	FABIANA SENA DA SILVA	Ciências Humanas	Educação	Fundamentos da Educação	História da Educação
LAYSLA DA SILVA XAVIER	FRANCISCO JOSE PEGADO ABILIO	Ciências Humanas	Educação	Ensino-Aprendizagem	Métodos e Técnicas de Ensino
JOAO VICTOR RAMOS XAVIER	ORLANDIL DE LIMA MOREIRA	Ciências Humanas	Educação	Tópicos Específicos de Educação	Educação de Adultos
RAIANA CAROL ROSAS MARTINS	CHARLITON JOSE DOS SANTOS MACHADO	Ciências Humanas	Educação	Fundamentos da Educação	História da Educação
MARIA GABRIELA VICENTE SOARES	LILIAN KELLY DE SOUSA GALVAO	Ciências Humanas	Psicologia	Psicologia do Desenvolvimento Humano	Processos Perceptuais e Cognitivos; Desenvolvimento
KETHELYN LAY BASILIO NUNES DE BRITO	LILIAN KELLY DE SOUSA GALVAO	Ciências Humanas	Psicologia	Psicologia do Desenvolvimento Humano	Processos Perceptuais e Cognitivos; Desenvolvimento
MICKAELLE FERNANDES CORDEIRO	LILIAN KELLY DE SOUSA GALVAO	Ciências Humanas	Psicologia	Psicologia do Desenvolvimento Humano	Processos Perceptuais e Cognitivos; Desenvolvimento
BIANCA KARINE COELHO FORMIGA	MONICA DIAS PALITOT	Ciências Humanas	Educação	Tópicos Específicos de Educação	Educação de Adultos
VITORIA BEZERRA COELHO SANTOS	CARLA ALEXANDRA DA SILVA MOITA MINERVINO	Ciências Humanas	Psicologia	Fundamentos e Medidas da Psicologia	Construção e Validade de Testes, Escalas e Outras Medidas Psicológicas
MARIA EDUARDA DENOBILE TORRES	CARLA ALEXANDRA DA SILVA MOITA MINERVINO	Ciências Humanas	Psicologia	Fundamentos e Medidas da Psicologia	Construção e Validade de Testes, Escalas e Outras Medidas Psicológicas
LAYSE PEREIRA DA COSTA	CARLA ALEXANDRA DA SILVA MOITA MINERVINO	Ciências Humanas	Psicologia	Fundamentos e Medidas da Psicologia	Construção e Validade de Testes, Escalas e Outras Medidas Psicológicas
