CODIGO	ALUNO	TITULO	
SB0693	JOAO ALFREDO MONTE MELO DE BARROS	Estudo analítico do Risco Cardiovascular entre Portadores de DHGNA comparando-se com pacientes com fígado normal
SB0258	MARIA HELENA ALVES DA SILVA	Avaliação de classificação de glaucoma em pacientes idosos detectados com catarata pelo aplicativo CATARATEST no Memorial Santa Luzia
SB0511	GABRIEL ANGELO FERREIRA NORAT	FATORES DE RISCO PARA COMPLICAÇÕES PRECOCES E MORTALIDADE APÓS GASTRECTOMIA ONCOLÓGICA
SB1123	AXEL RAVANELLO	ESTUDO ANALÍTICO DAS COMPLICAÇÕES PRECOCES E DA MORTALIDADE APÓS GASTRECTOMIA ONCOLÓGICA PARCIAL E TOTAL
SB0878	DANIELLY LEITE VIDAL	ESTUDO DESCRITIVO DAS COMPLICAÇÕES PRECOCES E DA MORTALIDADE APÓS GASTRECTOMIA ONCOLÓGICA
SB0019	RAYANE STEFFANY NUNES	Perfil epidemiológico e socioeconômico dos pacientes detectados com catarata e glaucoma
SB0251	ANDREZA KETTLYN SALES DE ARAUJO	Avaliação do nível de comprometimento do nervo óptico nos pacientes diagnosticados com glaucoma  e catarata no Memorial Santa Luzia
SB0259	ITALO DE MELO CAMARA	AVALIAÇÃO DO PERFIL EPIDEMIOLÓGICO DE PACIENTES COM HANSENÍASE INFANTIL NO ESTADO DA PARAÍBA
SB0276	MATEUS BRITO TAVARES	ANÁLISE DO DISCO ÓPTICO E CORRELAÇÃO ENTRE PRESSÃO INTRAOCULAR E ESPESSURA CORNEAL DE PORTADORES DE HANSENÍASE INFANTIL
SB0311	MARCILIO FERREIRA DE PAIVA FILHO	Análise da assimilação social acerca da correlação entre doenças parasitárias e distúrbios oftálmicos em escolares do ensino fundamental em escolas públicas de João Pessoa - PB
SB0108	WANESSA ALVES DE CARVALHO	Comparação entre Teste Ergométrico e Cateterismo Cardíaco na Avaliação da Doença Arterial Coronariana
SB1006	LORENNA GOUVEIA LOPES	ESTRATÉGIAS DE COMUNICAÇÃO DA SECRETARIA ESTADUAL DE SAÚDE DA PARAÍBA DURANTE A PANDEMIA DE COVID-19
SB0312	RAMON GONCALVES BRAZ	CORRESPONDÊNCIA DE ESTRATÉGIAS DE COMUNICAÇÃO DAS SECRETARIAS DE SAÚDE ESTADUAL DA PARAÍBA E MUNICIPAL DE JOÃO PESSOA SOBRE A COVID-19
SB0283	IASMIN NUNES DUARTE	ESTRATÉGIAS DE COMUNICAÇÃO DO MINISTÉRIO DA SAÚDE BRASILEIRO DURANTE A PANDEMIA DE COVID-19
SB0332	MARIO CESAR PEREIRA DE AQUINO	ADESÃO DO CONTEÚDO DA COMUNICAÇÃO DO MINISTÉRIO DA SAÚDE DO BRASIL ÀS RECOMENDAÇÕES DA ORGANIZAÇÃO MUNDIAL DA SAÚDE NO CONTEXTO PANDÊMICO DE 2020
SB0103	GABRIELA DE ALCANTARA FONSECA	REDUÇÃO DO NÚMERO DE INTERNAÇÕES E AUMENTO DA TAXA DE MORTALIDADE POR FEBRE REUMÁTICA AGUDA DURANTE A PANDEMIA DO COVID-19
SB0526	DIOGO DE AZEVEDO RESENDE DE ALBUQUERQUE	Avaliar os impactos da pandemia do COVID-19 nos serviços de saúde (número de internações hospitalares óbitos hospitalares e letalidade intra-hospitalar) comparando as séries históricas com o atual panorama a partir de dados disponíveis no DataSUS
SB0109	ANDRESSA ALVES DE CARVALHO	Comparação entre Achados da Cintilografia de Perfusão Miocárdica e Resultados do Cateterismo Cardíaco na Doença Arterial Coronariana
SB0171	LEONARDO ROSA SANTOS	EEG DE BAIXO CUSTO PARA DIAGNÓSTICO DE NEUROPATOLOGIAS
SB0420	PATRICIA OLIVEIRA LIMA DE MACEDO	PERFIL EPIDEMIOLÓGICO DOS PACIENTES INTERNADOS POR FEBRE REUMÁTICA AGUDA DURANTE A PANDEMIA DO COVID-19
SB0156	DAVI COUTINHO MARCELINO GUERRA LEONE	Reconhecimento de dispneia por inteligência artificial através da análise da voz de pacientes normais e com insuficiência cardíaca e pneumopatias
SB0154	KAMILLA AZEVEDO BRINGEL	Reconhecimento de dispneia por inteligência artificial através da análise da voz de paciente para diagnóstico diferencial entre pneumopatias e pacientes normais
SB0591	DANYELLE SOARES GOUVEIA DA SILVA	AVALIAÇÃO DAS PERSPECTIVAS DAS MULHERES QUE FAZEM SEXO COM MULHERES SOBRE A SAÚDE SEXUAL E DA SATISFAÇÃO COM OS SERVIÇOS DE SAÚDE NA PARAÍBA.
SB0596	LETICIA REZENDE LIMA	ESTUDO DA PREVALÊNCIA DA SÍNDROME HEPATOPULMONAR EM PACIENTES COM DOENÇA HEPÁTICA MODERADA/GRAVE CANDIDATOS AO TRANSPLANTE HEPÁTICO ATENDIDOS EM HOSPITAL UNIVERSITÁRIO
SB0846	HERISSON RODRIGUES DE OLIVEIRA	Aspectos clínicos e cirúrgicos nas malformações de Chiari e outras
SB0477	ERICH BARBOSA ALBUQUERQUE SALES	Investigação do desenvolvimento da Síndrome de Burnout em cuidadores de crianças e adolescentes com autismo: antes e durante o isolamento imposto pela pandemia de COVID-19.
SB0020	RENATA BARBOSA DE ANDRADE	Análise do surgimento de transtornos mentais em cuidadores de crianças e adolescentes com Transtorno do Espectro Autista de acordo com o grau.
SB0597	LAURA LISSA SOARES MEIRELLES	Síndrome de Burnout em cuidadores de crianças e adolescentes com Transtorno do Espectro Autista: uma revisão sistemática.
SB0428	FABIO ANTONIO SERRA DE LIMA JUNIOR	Avaliação da dor no pós-operatório de cirurgia cardíaca entre pacientes randomizados entre pregabalina preemptiva e placebo
SB0421	RENAN FURTADO DE ALMEIDA MENDES	Segurança da pregabalina como analgesia preemptiva em cirurgia cardíaca
SB0233	VITORIA MONTENEGRO SILVA	PERFIL DAS CESARIANAS EM UM HOSPITAL DE REFERÊNCIA PARA GESTAÇÕES DE ALTO RISCO: INDICAÇÕES E CARACTERÍSTICAS MATERNAS E DO RECÉM-NASCIDO
SB0218	PAULO GARCIA NORMANDO	Investigar as coinfecções virais bacterianas e fúngicas nas pneumonias por COVID-19 em leitos de enfermaria e UTI
SB0219	RODRIGO ELTON FERREIRA RODRIGUES	Perfil de achados radiológicos de forma prospectiva dos pacientes acometidos por Sars-Cov-2 em um hospital privado de João Pessoa-PB
SB0236	RUAN LUCAS MARINHO DE OLIVEIRA	Impacto da pandemia nas consultas pré-natais das mulheres paraibanas
SB0783	AYLA NOBREGA ANDRE	DESFECHOS MATERNOS EM GESTANTES COM DIABETES GESTACIONAL
SB0797	VICTORIA RACHEL SILVA DE SALES	DESFECHOS NEONATAIS DA DIABETES MELLITUS GESTACIONAL
SB0134	VICTOR BARBOSA ASSIS	Análise clínica-epidemiológica das mulheres com hipertensão gestacional
SB0115	RAYANNE TROCOLI CARVALHO	PERFIL SOCIODEMOGRÁFICO DAS MULHERES QUE ACEITAM O DIU NO PÓS PARTO
SB0104	LARISSA MANUELA VIEIRA ROQUE	PERFIL SOCIODEMOGRÁFICO DAS MULHERES QUE REJEITAM A COLOCAÇÃO DO DIU NO PÓS-PARTO
SB0414	AMANDA DE ASSUNCAO SANTIAGO FERNANDES	PERFIL SOCIODEMOGRÁFICO CLÍNICO E LABORATORIAL DE GESTANTES COM SÍNDROME HIPERTENSIVA EM HOSPITAL UNIVERSITÁRIO: Perfil das Gestantes com Pré-Eclâmpsia
SB0438	CLARISSA GIOVANA LUNA DE OLIVEIRA	ANÁLISE DOS HÁBITOS DE AMAMENTAÇÃO EM JOÃO PESSOA-PB
SB0932	LEONARDO TORREAO BEZERRA CAVALCANTI	Overview de Revisões Sistemáticas e Meta-análises sobre Canabidiol para ansiedade
SB0624	GLAUDIR DONATO PINTO JUNIOR	Avaliação da eficácia e/ou efetividade do tratamento com Canabidiol para ansiedade: revisão sistemática e meta-análise.
SB0810	MARIA PAULA VINAGRE DIAS	Avaliação da segurança no tratamento com Canabidiol para ansiedade: revisão sistemática e meta-análise
SB0343	DAIANA DE PAIVA GOMES	A organização e estruturação dos serviços de saúde na Atenção Primária Saúde de João Pessoa para o enfretamento da COVID-19
SB0931	SARA REBECA DA SILVA OLIVEIRA	Mapeamento de conselhos locais e outros espaços de participação da comunidade no contexto da APS no Distrito Sanitário II da cidade de João Pessoa-PB
SB0728	LUCAS COSTA NUNES	O Programa Mais Médicos no cotidiano de trabalho da equipe de Saúde da Família no cuidado da comunidade Quilombola de Caiana dos Crioulos
SB0777	CONCEICAO APARECIDA DE SOUSA FORMIGA	Práticas de cuidado em saúde na comunidade Quilombola de Caiana dos Crioulos
SB0247	JOSE VITOR ALECIO RODRIGUES	Como as revisões sistemáticas abordam o uso de Cannabis e canabinoides no paciente com dor crônica e dor relacionada ao câncer? Uma overview de revisões sistemáticas.
SB0877	JOAO VICTOR BEZERRA RAMOS	ESTUDO DA PEREGRINAÇÃO DE CRIANÇAS E ADOLESCENTES COM CÂNCER ATENDIDOS EM UM HOSPITAL DE REFERÊNCIA NA PARAÍBA
SB0365	RAQUEL VELOSO DO NASCIMENTO	Os desafios da Atenção Primária à Saúde no município de João Pessoa/PB para o enfrentamento da COVID-19
SB0359	YASMIN MARIA SATIRO CRUZ TAVARES	Reorganização da Atenção Primária à Saúde e o suporte social a grupos vulneráveis frente à pandemia de COVID-19 em João Pessoa/PB
SB0079	LETICIA MARANHAO DA SILVA ARAGAO	Abordagem comunitária no controle da COVID-19: potencialidades no âmbito da Atenção Primária à Saúde em João Pessoa/PB.
SB0681	ANDRE PONTES LEITAO	Avaliando a Pandemia: análise temática do discurso no documentário Coronga
SB0159	JOAO GUSTAVO XAVIER DE QUEIROZ	COVID-19 EM ÁREAS RURAIS
SB0400	DANIELLE MORAIS ROSOLEM	CONHECIMENTOS EM SUPORTE BÁSICO DE VIDA E PRIMEIROS SOCORROS
SB1050	LAURA COURA NARDY	Florais de Saint German e Saúde Mental em Tempos de Pandemia
SB0293	YASMIN GUIMARAES SILVA	DesConstrua: uma análise do perfil socioeconômico dos estudantes de medicina da UFPB e sua percepção sobre a população LGBTQIA+
SB0920	LUAN DOMINGUES DA SILVA	O cuidado integral da população LGBTQIA+ como componente da formação em saúde no Brasil: uma revisão integrativa.
SB0969	MATHEUS FELIPE DE MACEDO FREIRE	DesConstrua: uma análise da percepção dos estudantes de medicina da UFPB sobre sua formação para o cuidado à população LGBTQIA+
SB0153	BIANCA NOBREGA DE MEDEIROS BATISTA	Gestores Estaduais e agendas estratégicas para o enfrentamento da COVID-19
SB0937	DANILO DA SILVA FERREIRA	Saúde da comunidade quilombola de Caiana dos Crioulos no contexto da pandemia do COVID-19
SB0454	MATIAS AIDAN CUNHA DE SOUSA	A Medicina de Família e Comunidade na saúde suplementar: uma análise da trajetória de formação dos/as médicos/as
SB0970	RILARE SILVA VIEIRA	ANÁLISE DAS COMPLICAÇÕES DECORRENTES DAS DIFERENTES MODALIDADES VENTILATÓRIAS NO TRATAMENTO DA SÍNDROME DO DESCONFORTO RESPIRATÓRIO EM NEONATOS
SB1046	EMANUEL NASCIMENTO NUNES	PREVALÊNCIA DE TUBERCULOSE LATENTE EM PACIENTES PSORIÁSICOS ATENDIDOS EM UM CENTRO DE REFERÊNCIA DA PARAÍBA
SB0900	PEDRO NASCIMENTO ARAUJO BRITO	Desafios potencialidades e perspectivas de conselhos locais e outros espaços de participação da comunidade no contexto da APS no Distrito Sanitário II da cidade de João Pessoa-PB
SB0534	AMANDA DATIVO SENA	Análise de histórias em cuidado através de plantas medicinais em documentário PICS - Práticas Integrativas e Complementares de Saúde
SB0658	WAGNER FELIX DE SOUSA	Covid-19 em pacientes com psoríase: Uma revisão narrativa
SB0228	BEATRIZ MESQUITA GUERRA CAVALCANTE DE OLIVEIRA	PERFIL DA INFECÇÃO POR SARS-CoV-2 EM PACIENTES PORTADORES DE PSORÍASE ATENDIDOS EM UM CENTRO DE REFERÊNCIA DO NORDESTE
SB0495	MARIA EDUARDA SILVA DIAS	DesConstrua: uma análise do Projeto Político Pedagógico do curso medicina da UFPB e suas diretrizes no contexto da construção de saberes no cuidado em saúde à população LGBTQIA+
SB0765	JULIA DE MELO NUNES	Análise da efetividade da modalidade ventilatória em neonatologia
SB0059	ADEGILDO ROLIM DE ABREU JUNIOR	Avaliação in vitro do mecanismo antitumoral do derivado espiro-acridínico (E)-1-((4-bromo-benzilideno)amino)5-oxo-15-dihidro-10H-espiro[acridina-92-pirrol]-4-carbonitrila (AMTAC-19)
OU0490	ISABELLY SOARES DE MEDEIROS HENRIQUES	Desenvolvimento Bioanalítico para Estudos Toxicológicos de Compostos Bioativos de matriz de cepa fúngica produtora de micotoxina (A. flavus)
SB0748	JOSE ALVES DE LIMA NETO	Impacto do Cuidado Farmacêutico provido de maneira interprofissional através de teleconsultas em pacientes portadores de Ansiedade
SB0058	RAMON RAMOS MARQUES DE SOUZA	INVESTIGAÇÃO DA AÇÃO ANTITUMORAL IN VITRO DO (E)-5'-oxo-1'-((345-trimetoxi-benzilideno) amino) -1'5'-dihidro-10H-espiro [acridina-92'-pirrol] -4'-carbonitrila (AMTAC-17) UM NOVO DERIVADO ESPIRO-ACRIDÍNICO
SB0317	LUAN HENRIQUE VIEIRA DUARTE	OBTENÇÃO E CARACTERIZAÇÃO DE HIDROGÉIS (FILMES) A BASE DE  Aloe vera (L.) Burm. f. QUITOSANA E PVP PARA UTILIZAÇÃO EM QUEIMADURAS
SB0060	KARINNE KELLY GADELHA MARQUES	Avaliação do efeito apoptótico e antiproliferativo in vitro do (E)-1-((4-bromo-benzilideno)amino)5-oxo-15-dihidro-10H-espiro[acridina-92-pirrol]-4-carbonitrila (AMTAC-19)
SB0345	THYAGO SANTOS SOUSA	Epidemiologia e fenotipagem dos casos de candidíase vulvovaginal em pacientes da rede municipal de saúde de João Pessoa-PB
SB1037	EMANUELA CARLA DA SILVA LUIZ	Estudos Químicos de Novos Derivados de Ácidos Cinâmicos a partir do Carvacrol visando Potencializar as Atividades Antimicrobianas
SB0120	JULIANA SCHOSSLER DE FRANCA	Avaliação dos mecanismos antidiarreicos do (-) carveol em modelos animais
SB0927	VINICIUS DA SILVA MARREIRO	Avaliação da toxicidade aguda não clínica da Caulerpa racemosa (Forssk.) J. Agardh (CAULERPACEAE) em roedores
SB0452	EVYLLEN MYLLENA CARDOSO SOARES	Avaliação da funcionalidade das células progenitoras endoteliais de ratos espontaneamente hipertensos após o tratamento com carvacrol
SB0338	ADHONIAS CORREIA DOS SANTOS	Quantificação de Células progenitoras endoteliais em animais espontaneamente hipertensos tratados com Carvacrol
SB0489	RENATHA TUANNY NICACIO BORGES	Impacto do Cuidado Farmacêutico provido de maneira Interprofissional através de teleconsultas em pacientes com Depressão
SB0423	PAULO BRUNO ARAUJO LOUREIRO	Estudo da citotoxicidade de novos derivados tiazólicos
SB1277	MARIANA FREIRE CAETANO DE FIGUEIREDO	Avaliação das atividades relaxante e antioxidante do linalol geraniol citronelal e citral em corpo cavernoso isolado de rato
SB0117	VITORIA REGINA VENTURA NUNES	Síntese de derivados sintéticos 345-trimetoxibenzila
SB1299	LARISSA ALVES DA SILVA	Análise da atividade do Acetato de linalil sobre os fatores de virulência das cepas de Sporothrix spp
SB0427	MARIA BEATRIZ MENDES NUNES	Estudo fitoquímico de Evolvulus frankenioides
SB0071	VITORIA PEREIRA ALVES	Avaliação da atividade antidiarreica e dos efeitos na motilidade gastrintestinal da hesperetina em camundongos
SB0904	ANDREIA BARROS DE OLIVEIRA	Avaliação de composição química de hidratantes faciais contendo ácido hialurônico e justificativa do valor de venda.
SB0669	CARLOS EDUARDO DA SILVA CARVALHO	PERFIL EPIDEMIOLÓGICO DA SÍNDROME INFLAMATÓRIA MULTISSISTÊMICA PEDIÁTRICA EM JOÃO PESSOA PARAÍBA
SB0554	NAYARA BEATRIZ HEAAP ROCHA FERREIRA	SÍNDROME INFLAMATÓRIA MULTISSISTÊMICA PEDIÁTRICA TEMPORALMENTE ASSOCIADA À COVID-19: UMA REVISÃO DE ESCOPO
SB1137	ROMILDO PINHEIRO DA SILVA	Atividade antitumoral e citotóxica do derivado sintético de N-metil isatina (ISACN) em linhagens tumorais do tipo glioma (U87 e U373MG)
SB0401	PEDRO DOUGLAS ALVES BRAGA	Estudo fitoquímico da espécie Pavonia malacophylla (Link & Otto) Garcke (Malvaceae sensu lato)
SB0089	GRAZIELA MARIA DE ARAUJO PEREIRA	Desenvolvimento racional de nanocápsulas funcionalizadas de óleo de copaíba aplicadas ao tratamento de câncer de mama
SB0073	ANA FLAVIA CHAVES UCHOA	Carreadores Lipídicos Nanoestruturados funcionalizados a base de óleo de copaíba aplicados ao tratamento de câncer de mama
SB0821	THALITA ALVES DE SOUSA	ANÁLISE DO USO DE MEDICAMENTOS SÓLIDOS ORAIS POR VIA CATETER ENTERAL PADRONIZADOS POR UM HOSPITAL GERAL NO MUNICÍPIO DE JOÃO PESSOA
SB0673	ANDREZA LIVIA GOMES FIGUEREDO	Aspectos epidemiológicos de casos de onicomicoses em pessoas atendidas em centros de podologia na cidade de João Pessoa  PB.
SB0137	DAIANY MARIA CLAUDINO FRANCELINO	AÇÕES E EFEITOS DA SPIRULINA PLATENSIS SOBRE A MUSCULATURA LISA UMA REVISÃO DE LITERATURA
SB0876	JOAO MARCOS ARAUJO DA SILVA	IDENTIFICAÇÃO E CARACTERIZAÇÃO DO PERFIL DE RESISTÊNCIA DE BACILOS GRAM-NEGATIVOS PRESENTES EM AVES DO GÊNERO CARACARA PLANCUS
SB0269	MAGDALENA SILVA FARIAS LEAL	IDENTIFICAÇÃO DE GENES DE RESISTÊNCIA E ELEMENTOS GENÉTICOS MÓVEIS EM BACILOS GRAM-NEGATIVOS RESISTENTES AOS CARBAPENEMAS
SB0337	BIANCA ALVES DE SOUSA	Determinação do Perfil de Resistência de Microrganismos Isolados a Partir de Fontes Ambientais e Identificação de Gens de Resistência
SB0087	CAMYLLA ARAUJO CORREIA	Síntese de derivados cromanonas potencialmente bioativos
SB0025	BRENA FREIRE DE OLIVEIRA CLAUDINO	Investigação do mecanismo de ação da alga Spirulina platensis na prevenção das alterações da reatividade relaxante ileal e morfometria de órgãos do trato gastrintestinal de ratos Wistar alimentados com dieta hipercalórica
SB0331	MYLLENA LUSTOSA CABRAL GOMES	Avaliação da atividade antioxidante do extrato hidroalcoólico liofilizado da casca da Spondias tuberosa Arruda em ratos
SB0394	MARIANA CAVALCANTE FONSECA	Avaliação da atividade antifúngica dos Acetato de linalil frente cepas de Sporothrix spp
SB0426	ANA LUIZA DE SA TELES E LIMA	Busca de compostos biologicamente ativos de Stillingia loranthacea
SB0487	BRUNO PEREIRA DA LUZ	Impacto do Cuidado Farmacêutico provido de maneira Interprofissional através de teleconsultas em pacientes com Transtorno Afetivo Bipolar
SB0879	GERALDO MOISES WANDERLEY AMORIM	Avaliação da citotoxicidade de novos derivados tiossemicarbazônicos hibridizados a heterocíclicos
SB0606	THAIS TRAJANO LIMA	REVISÃO SISTEMÁTICA DA FARMACOTERAPIA APLICADA AO TRANSTORNO AFETIVO BIPOLAR
SB1214	MARCOS RAFAEL DO NASCIMENTO ALVES	Revisão sistemática do impacto Clínico do Cuidado Farmacêutico em pacientes portadores de Depressão
SB0649	GUSTAVO ANDERSON GOMES PINTO	Revisão sistemática da farmacoterapia aplicada aos Transtornos de Ansiedade
SB0644	ADEMIR ERNESTO RODRIGUES NETO	MONITORAMENTO DE TEOR RESIDUAL DE FLÚOR EM MUNICÍPIOS DA PARAÍBA
SB0141	MATHEUS SIMOES MEDEIROS	ODONTOFOBIA SEUS IMPACTOS NA QUALIDADE DE VIDA E SUA RELAÇÃO COM EXPERIÊNCIAS NEGATIVAS NO CONSULTÓRIO ODONTOLÓGICO
SB1003	AMANDA PEREIRA FERRAZ	ANTROPOLOGIA FÍSICA: AVALIAÇÃO DO CONHECIMENTO ANATÔMICO NA REPRODUTIBILIDADE DAS MENSURAÇÕES MANUAIS COM FINALIDADE FORENSE
SB0101	TIFANY SHELA ALBUQUERQUE BORBA DE ANDRADE	ELABORAÇÃO DE MANUAL PRÁTICO DE MENSURAÇÃO DE IMAGENS DIGITAIS EM ANTROPOLOGIA FORENSE
SB0301	LUCAS DAVID AMORIM STOCK	PMAQ-AB. Análise da evolução da satisfação/percepção de usuários quanto aos serviços de saúde bucal na atenção básica (EqSB) no estado da Paraíba entre o 1º (ano 2012) o 2º (2014) e o 3º. ciclo do PMAQ-AB (2018).
SB0520	PAULO VITOR DE SOUZA SILVA	Produção e registro de informações em saúde via Sistema de Informação em Saúde para a Atenção Básica (SISAB/eSUS-AB)
OU1213	EDUARDA GOMES ONOFRE DE ARAÚJO	Impactos na saúde física de idosos durante a pandemia da COVID-19: uma revisão integrativa
SB0175	LARIANNE DE SOUSA MOISES	PMAQ-AB - Avaliação da satisfação/percepção de usuários quanto aos serviços de saúde bucal na atenção básica (EqSB) no estado da Paraíba segundo o 3º. Ciclo do PMAQ-AB de 2018.
SB0436	GLEIZIELLE NAYANE COUTINHO BRAZ DE ARAUJO	CONSTRUÇÃO E VALIDAÇÃO DO MODELO LÓGICO E MATRIZ DE CRITÉRIOS PARA AVALIAÇÃO DA SEGURANÇA ALIMENTAR E NUTRICIONAL ÀS PESSOAS EM SITUAÇÃO DE RUA
SB0645	PALLOMA CHRISTINE QUEIROGA GOMES DA COSTA	Efeito antifúngico de (E)-3-Benzilideno-croman-4-ona sobre Candida spp.
SB0642	GLEYCYELLY RODRIGUES ARAUJO	Efeito antifúngico de 7-(Pentiloxi)-2H-cromen-2-ona sobre Candida spp.
SB0066	FRANCISCO NALDO GOMES FILHO	Validação de um modelo epitelial ex vivo para desenvolvimento de candidase
SB0246	LUIZA PEIXOTO DOS SANTOS CAVALCANTE	DESENVOLVIMENTO E CARACTERIZAÇÃO DE FILME MUCOADESIVO BUCAL PARA LIBERAÇÃO DE METOTREXATO NO TRATAMENTO DO CARCINOMA EPIDERMOIDE ORAL
SB0347	RAIANA GURGEL DE QUEIROZ	Desenvolvendo e avaliando calibração in lux para detecção de cárie dentária por meio virtual para cirurgiões-dentistas
SB0381	MARIA CAROLINA FERNANDES DOS SANTOS	PRODUÇÃO CARACTERIZAÇÃO E ANÁLISE IN SILICO DE SISTEMA DE LIBERAÇÃO CONTROLADA INTRAORAL  DE &&946;-ESTRADIOL PARA O TRATAMENTO DE SINTOMAS MENOPAUSAIS
SB0467	SAMARA LAVINNYA SERRANO DE SOUZA ARAUJO	Impacto da pandemia na prática clínica e de treinamentos in lux para os cirurgiões-dentistas participantes de projetos epidemiológicos
OU0280	RILARY RODRIGUES FEITOSA	Impactos na saúde mental de idosos durante a pandemia da COVID-19: uma revisão integrativa
SB0216	LETÍCIA REGINA MARQUES BESERRA	Manifestações orais prevalentes em pacientes acometidos pela COVID-19
SB0148	LUCIANA LEONIA SOARES FREIRE	Análise econômica de Cimentos de Ionômero de Vidro utilizados para o Tratamento Restaurador Atraumático
SB0957	BARBARA RACHELLI FARIAS TEIXEIRA	Educação permanente e interprofissionalidade na Residência em Medicina de Família e Comunidade da SES Paraíba
SB0946	JOAO BRUNO DE OLIVEIRA BARBOSA	Educação permanente e interprofissionalidade na Residência em saúde coletiva
SB0891	RAYLE DINIZ ANDRADE	USO DE HISTÓRIAS EM QUADRINHOS E MAPAS CONCEITUAIS NO ENSINO REMOTO: CONTEXTO DA DISCIPLINA DE ÉTICA E LEGISLAÇÃO ODONTOLÓGICA DA UFPB
SB1070	LEONARDO NONATO ANDRADE SANTOS	USO DE APRENDIZAGEM BASEADA EM PROBLEMA (PBL) E MURAL DE NOTÍCIAS NO ENSINO REMOTO: CONTEXTO DA DISCIPLINA DE ÉTICA E LEGISLAÇÃO ODONTOLÓGICA DA UFPB
SB0012	VICTOR BORGES DA SILVA	Tendências temporais e fatores associados ao tempo entre o diagnóstico e o início do tratamento do câncer infantojuvenil: análise dos dados dos Registros Hospitalares de Câncer na região Nordeste 2010-2018
SB0116	CLARA RAMALHO VIEIRA DE LUCENA	HETEROCONTROLE DA FLUORETAÇÃO DA ÁGUA DE ABASTECIMENTO PÚBLICO EM ALAGOINHA-PB
SB0913	LIVIA VALERIA LINS E SILVA	Efeito da fase higiênica estrita na halitose e qualidade de vida de pacientes obesos e eutróficos com periodontite: ensaio clínico randomizado
SB0194	LEONARDO DE FREITAS FERREIRA	FATORES SOCIOECONÔMICOS ASSOCIADOS A CONDIÇÃO PERIODONTAL DE ADULTOS UM ESTUDO DE BASE POPULACIONAL
SB0453	ANDERSON NOBREGA DOS SANTOS	ESTIMATIVA DE IDADE FORENSE A PARTIR DO SOFTWARE ATLAS OF TOOTH DEVELOPMENT AND ERUPTION 2.0 EM RADIOGRAFIAS PANORÂMICAS
SB0939	LUANA SOUZA AMORIM	Efeito de uma membrana de quitosana contendo dexametasona sobre a deposição de matriz mineral por linhagem de células do ligamento periodontal de camundongos
SB0418	LARYSSA MOREIRA DIAS	Análise bibliométrica da produção científica brasileira sobre violência infantojuvenil
SB0174	MARIA ALICE DA SILVA FERREIRA	Análise da evolução da satisfação/percepção de usuários quanto à qualidade dos serviços especializados de saúde bucal (CEO) no estado da Paraíba entre o 1º ciclo (2013) e o 2º ciclo (2018)
SB0964	CARLA JESSICA MEDEIROS SILVA	Avaliação de sintomas bucais e relação com qualidade de vida de pacientes com câncer de cabeça e pescoço.
SB0107	LUCAS XAVIER BEZERRA DE MENEZES	Monitoramento e avaliação dos indicadores da atenção básica e secundária da saúde bucal no Sistema Único de Saúde
SB0623	MARTHA QUITERIA SILVA HENRIQUES	Conhecimento e utilização do Sistema de Informação em Saúde para a Atenção Básica (SISAB/eSUS AB) na percepção de profissionais de saúde
SB0538	JESSILY MEDEIROS QUARESMA	SEGURANÇA ALIMENTAR E NUTRICIONAL DE POPULAÇÃO EM SITUAÇÃO DE RUA: UMA REVISÃO SISTEMÁTICA DA LITERATURA
SB0657	IASMIM LIMA MARQUES	EFEITO DO CINAMALDEÍDO A 1% EM UM MODELO DE BIOFILME DE MICROCOSMOS: AVALIAÇAO DA VIABILIDADE CELULAR.
SB0694	CAMILLA FREIRE DE BRITO BASTOS	EFEITO DO CINAMALDEÍDO A 1% EM UM MODELO DE BIOFILME DE MICROCOSMOS: AVALIAÇAO METABÓLICA E DA BIOMASSA.
SB0176	HUGO DA COSTA GOUVEIA	Avaliação da satisfação/percepção de usuários quanto à qualidade dos serviços especializados de saúde bucal (CEO) no estado da Paraíba segundo o 2º. Ciclo do PMAQ-CEO de 2018.
SB0177	JOZILDO MORAIS MUNIZ FILHO	Análise do princípio da equidade no uso dos Centros de Especialidades Odontológicas da Paraíba a partir do PMAQ-CEO 2o. ciclo.
SB0009	JULIANA MARIA DA PENHA FREIRE SILVA	Tempo de prática de atividade física contínua vs acumulada em adolescentes
SB1219	MIKAELL BARBOSA DE LIMA	MAPEAMENTO DOS MUSEUS DE BRINQUEDOS NO BRASIL: histórico funcionamento acervo e ações educativas.
SB1210	AMANDA STEFANNY DE LIMA OLIVEIRA	MUSEUS BRINQUEDOS NO BRASIL:  Concepções de patrimônio e relações com a Educação Física
SB0753	CESAR VERCOSA DIAS	Reprodutibilidade de uma versão modificada do Stroop teste com resposta visuomotora realizado parado e correndo com adultos jovens
SB0833	IGOR BARROS DA SILVA LIMA	COMPARAÇÃO DA RESPOSTA VISUOMOTORA COM O STROOP TASK MODIFICADO EM REPOUSO E DURANTE O EXERCÍCIO FÍSICO
SB0455	AMANDA MARIA DE SALLES SANTOS E SILVA	Estratégias de polimento de treinadores de modalidades coletivas e individuais
HS0139	LIGIA CAROLINE MARTINS SILVESTRE	A PRODUÇÃO DO CONHECIMENTO SOBRE CRIANÇA E INFÂNCIA NO PPGE DA UFPB
SB0995	ESTHER HANNAH FALCAO RANGEL MOREIRA	A participação de atletas de atletas transexuais e cisgênero em competições de esportes coletivos e o discurso dos atores sociais envolvidos no esporte
SB0611	LARISSA AGUIAR ALVES	TECNOLOGIAS EDUCACIONAIS PARA PREVENÇÃO DE QUEDAS DIRECIONADAS A PESSOAS HOSPITALIZADAS CUIDADORES E FAMILIARES: revisão integrativa
SB0163	LAUREMILIA MARIA GOMES PEREIRA	Uso e eficácia da vacina contra a Covid-19: uma revisão integrativa
SB0182	JORDANA DA SILVA SOUZA	A VIVÊNCIA TÉCNICO-CIENTÍFICA DO ENFERMEIRO NOS PROCEDIMENTOS E CUIDADOS INTENSIVOS PARA O PACIENTE COVID-19
SB0341	HELOYSA WALESKA SOARES FERNANDES	Esperança dos profissionais de enfermagem da unidade de terapia intensiva na pandemia da COVID-19
SB0243	CAROLAYNE PEREIRA DE SOUZA	Estresse percebido dos profissionais de enfermagem da unidade de terapia intensiva na pandemia da COVID-19
SB0129	BRENDA SHAYANNY ROCHA RIBEIRO	PERFIL SOCIODEMOGRÁFICO E COMPORTAMENTAL DE JOVENS ATENDIDOS EM CENTRO DE TESTAGEM E ACONSELHAMENTO PARA DIAGNÓSTICO DE HIV - CONTINUAÇÃO
SB0508	CECÍLIA ALEXANDRINA DE FARIAS PONTES	AUTOCUIDADO E SINTOMAS DE DEPRESSÃO DE PESSOAS COM INSUFICIÊNCIA CARDÍACA
SB0802	MATHEUS GOMES ROSENDO	PREVALÊNCIA DE SÍFILIS E FATORES ASSOCIADOS ENTRE UNIVERSITÁRIOS NO CONTEXTO DA PANDEMIA E PÓS-PANDEMIA
SB0887	ISADORA DOS SANTOS MACIEL	ANÁLISE DOS IMPACTOS NA SAÚDE MENTAL DOS PROFISSIONAIS DA ÁREA DA SAÚDE EM RAZÃO DA PANDEMIA DO NOVO CORONAVÍRUS (SARS-COV-2)
SB0893	JULIA SABRINA GOMES DE MAGALHAES	ESTRATÉGIAS DE SUPORTE EMOCIONAL AOS TRABALHADORES DA SAÚDE DA RAPS DA 1ª MACROREGIÃO DE SAÚDE DA PARAÍBA
SB0621	CLARICE DOS SANTOS BEZERRA	TECNOLOGIAS EDUCACIONAIS PARA PREVENÇÃO DE QUEDAS DIRECIONADAS AOS PROFISSIONAIS DE SAÚDE
SB0161	NATHALIA RAFAELA DA COSTA GALDINO	FATORES COMPORTAMENTAIS ASSOCIADOS À INFECÇÃO POR HIV ENTRE JOVENS USUÁRIOS DE CENTRO DE TESTAGEM E ACONSELHAMENTO - CONTINUAÇÃO
SB0787	JEFFERSON DA SILVA SOARES	ASSOCIAÇÃO DE SINTOMAS DEPRESSIVOS E ESTADO COGNITIVO EM IDOSOS HOSPITALIZADOS
SB0828	ANA CAROLINA DOS SANTOS	RISCO DE QUEDAS E DECLÍNIO COGNITIVO EM IDOSOS HOSPITALIZADOS
SB0991	RAYSA MATIAS DANTAS	SAÚDE MENTAL DOS PROFISSIONAIS DA ATENÇÃO PRIMÁRIA: IMPACTOS PROVOCADOS PELA ATUAÇÃO NA LINHA DE FRENTE DO COMBATE DA COVID-19
SB0590	NATALIA SOUZA BESERRA	Completude dos registros de enfermeiro na gestão do cuidado à tuberculose na Atenção Primária
SB0441	IANA SAMELLA ALCANTARA DE LIMA	CARACTERÍSTICAS SOCIODEMOGRÁFICAS EPIDEMIOLÓGICAS E CLÍNICAS DOS CASOS DE COVID-19 NO ESTADO DA PARAIBA
SB0480	AMANDA ELLEN COSTA DA SILVA	MORTALIDADE POR COVID 19 NA PARAÍBA: FATORES SOCIODEMOGRÁFICO EPIDEMIOLÓGICO E CLÍNICO DOS ÓBITOS
SB0882	RENATA MIRELLA BRASIL DA SILVA LIMA	PERFIL SOCIODEMOGRÁFICO EPIDEMIOLÓGICO E CLÍNICO DAS HOSPITALIZAÇÕES POR COVID-19 NA POPULAÇÃO PARAIBANA
SB0366	GIULIA ALFREDO MOREIRA	Atenção à saúde mental de mulheres durante a pandemia por COVID-19
SB0466	ISLI MARIA OLIVEIRA MARTINS	CONHECIMENTO DE ENFERMEIROS SOBRE A OFERTA E INSERÇÃO DE DISPOSITIVO INTRAUTERINO NO CONTEXTO DAS UNIDADES BÁSICAS DE SAÚDE
SB0862	FABRICIA ALVES PEREIRA	Materiais pedagógicos para a qualificação de profissionais de saúde no atendimento a mulheres vítimas de violência sexual
SB1265	ANTONIO DOS SANTOS SABINO	ESTRESSE O OCUPACIONAL EM TÉCNICOS DE ENFERMAGEM EM UM CONTEXTO PANDÊMICO
SB1013	NATHALIA PEREIRA DE ANDRADE	DEPRESSÃO: FATORES ASSOCIADOS NOS IDOSOS HOSPITALIZADOS
SB0203	EMILIA CAROLINA FELIX ROSAS DE VASCONCELOS	A VACINAÇÃO PARA A PESSOA IDOSA NA MÍDIA JORNALÍSTICA: UM ESTUDO DE REPRESENTAÇÕES SOCIAIS
SB0016	LUIZA MARIA DE OLIVEIRA	TRADUÇÃO E ADAPTAÇÃO TRANSCULTURAL DO MIXED METHODS APPRAISAL TOOL (MMAT)
SB0686	MAYSE GABRIELLE DE LIMA BARBOSA	Ações colaborativas no cuidado integral de crianças e adolescentes hospitalizados à luz da teoria de Orem
SB0475	MARIA CLARA PAIVA NOBREGA	DISPOSITIVO INTRAUTERINO NA ATENÇÃO BÁSICA DE SAÚDE: DIFICULDADES E FACILIDADES NA OFERTA DO MÉTODO CONTRACEPTIVO POR ENFERMEIROS
SB0416	EDUARDA CORDEIRO D OLIVEIRA ALVES	SÍNDROME DA FRAGILIDADE E QUALIDADE DE VIDA EM IDOSOS HOSPITALIZADOS
SB0676	MATHEUS FARIAS RAPOSO	ASSOCIAÇÃO DE SINTOMAS DEPRESSIVOS E CAPACIDADE FUNCIONAL EM IDOSOS HOSPITALIZADOS
SB0555	MILENA SILVA BEZERRA	COMPLETUDE DOS REGISTROS DE ENFERMEIROS ACERCA DA SOLICITAÇÃO E AVALIAÇÃO DE EXAMES NO CUIDADO ÀS PESSOAS COM TUBERCULOSE
SB0615	MACIBERTHA RIBEIRO DA COSTA	Processo de Enfermagem no atendimento a mulheres vítimas de violência sexual
SB0204	KELAINE PEREIRA APRIGIO SILVA	A VIOLÊNCIA CONTRA A PESSOA IDOSA EXPRESSA NA MÍDIA JORNALÍSTICA: UM ESTUDO DE REPRESENTAÇÕES SOCIAIS
SB0348	JAYNE MUNIZ FERNANDES	Avaliação in silico da farmacocinética e da farmacodinâmica do ácido láurico com potencial espasmolítico
SB0408	LIVIA FERNANDA FONSECA DOS SANTOS	CARACTERIZAÇÃO FÚNGICA DE APARELHOS CELULARES E PERCEPÇÃO DE BIOSSEGURANÇA EM PROFISSIONAIS DE SAÚDE DURANTE A PANDEMIA DA COVID-19
HS0013	MAYARA DA SILVA FALCAO	Efeito da aromaterapia sobre sintomas dolorosos em pacientes com transtornos de ansiedade.
SB0818	ALEXYA MIKELLE TEIXEIRA CAVALCANTI	Implantação e padronização do modelo experimental de asma em ratos Wistar
SB0638	LUANA BARBARA RODRIGUES DE FRANCA	RETRATO DO USO RACIONAL DE MEDICAMENTOS NO CENTRO DE REFERÊNCIA E ATENÇÃO À SAÚDE - Enfoque no atendimento odontológico
SB0405	NICOLE CARNEIRO SOUZA	CARACTERIZAÇÃO BACTERIANA DE APARELHOS CELULARES E PERCEPÇÃO DE BIOSSEGURANÇA EM PROFISSIONAIS DE SAÚDE DURANTE A PANDEMIA DA COVID-19
SB0434	PALOMA MARIA DA SILVA CANDIDO	Produção de enzimas associadas à virulência por cepas clínicas de Candida albicans
SB0955	GISELLY GABRIELY BARBOSA DE LIRA ARAUJO	Características adesivas de cepas clínicas de Candida albicans
SB0790	MARIANA FLORENCIO MENDES TEJO	AVALIAÇÃO DOS CASOS DE SÍNDROME RESPIRATÓRIA AGUDA GRAVE CAUSADA POR SARS-COV-2 NA PARAÍBA 2020-2021
SB0397	GLAUCIELLE RAMALHO UCHOA	Avaliação do perfil imunológico de pacientes com suspeita de COVID-19 e sua associação com parâmetros clínicos e laboratoriais
HS0540	WELLINGTON LIMA DA SILVA SOBRINHO	Efeito da aromaterapia sobre sintomas dolorosos em pacientes com transtornos de Humor
SB1206	BRENA FERREIRA DOS SANTOS	Estudo da eferocitose de células infectadas com Zika vírus na expressão de HLA-DR e CD86 em células dendríticas humanas
SB0959	NATAN GOMES EMMANUEL	Perfil das infecções causadas por Candida em pacientes internados em unidades de terapia intensiva de um hospital universitário na Paraíba durante a pandemia de Covid-19
SB1035	MARIA LUIZA EMILIO LEAL	Influência do Aduto p-Cl de Morita-Baylis-Hilman sobre fatores de virulência enzimáticos de cepas de candida albicans isoladas da cavidade bucal de pacientes oncológicos.
SB1053	DANIELA LETICIA TORRES SILVA	Análise da contaminação parasitária do solo de praças públicas na cidade de João Pessoa-PB.
SB0822	ALISSA MARIA DE OLIVEIRA MARTINS	Investigação do efeito de Hibiscus sabdariffa no tratamento da asma exacerbada pela obesidade em ratos Wistar
SB0850	MARIANA DE ASSIS VALVERDE	Perfil das infecções causadas por leveduras não-Candida e fungos filamentosos em pacientes internados em unidades de terapia intensiva de um hospital universitário na Paraíba durante a pandemia de Covid-19
SB0954	MARIA CAROLINE LOURENCO DE LIMA	Perfil Epidemiológico e Ambiental da Leishmaniose Tegumentar Americana na Macrorregião de João Pessoa
SB0564	MIRELA MONICA FRANCA DA COSTA	ANALGESIA NA PRÁTICA DO MICROAGULHAMENTO: técnica efetiva?
SB0980	REGINA COELI RAMOS MONTEIRO DE ARAUJO	Influência do Aduto p-Cl de Morita-Baylis-Hilman sobre as propriedades adesivas de cepas de candida albicans isoladas da cavidade bucal de pacientes oncológicos.
SB0984	GABRIEL NUNES MACHADO DE OLIVEIRA	Avaliação do efeito da suplementação com óleo de coco virgem de ratos submetidos a modelo de asma exacerbada pela obesidade sobre a função respiratória e a morfologia pulmonar
SB0568	ISIS NIKIELLEN DE QUEIROZ BARBOSA	AVALIAÇÃO IMUNOHISTOQUÍMICA LOCAL DA EFICÁCIA DA TERAPIA FOTODINÂMICA ANTIMICROBIANA NO TRATAMENTO DA OSTEONECROSE EM MODELO MURINO
SB0528	MARIA CAROLINA DE PAIVA SOUSA	AVALIAÇÃO MORFOLÓGICA LOCAL DA EFICÁCIA DA TERAPIA FOTODINÂMICA ANTIMICROBIANA NO TRATAMENTO DA OSTEONECROSE EM MODELO MURINO
SB0610	ANA BEATRIZ RODRIGUES DOS SANTOS	AVALIAÇÃO IMUNOHISTOQUIMICA SISTÊMICA DA EFICÁCIA DA TERAPIA FOTODINÂMICA ANTIMICROBIANA NO TRATAMENTO DA OSTEONECROSE EM MODELO MURINO
SB0947	LARISSA AZEVEDO DANTAS	Investigação do mecanismo de ação anticonvulsivante do Nerolidol
SB1048	LARISSA CAROLINE CAVALCANTE DE ARAUJO	Avaliação do conhecimento dos usuários das praças públicas da cidade de João Pessoa-PB sobre os riscos de contaminação parasitária.
SB1047	LETICIA DE OLIVEIRA SOUZA	Identificação de macrófagos (M1/M2) e da presença de citocinas pró- e/ou anti-inflamatórias em biópsia de pacientes portadores de psoríase atendidos no Serviço de referência do HULW/UFPB
SB0206	MARIANA OLIVEIRA MARIANO DA SILVA	CARACTERIZAÇÃO SARS-CoV-2 DE APARELHOS CELULARES E PERCEPÇÃO DE BIOSSEGURANÇA EM PROFISSIONAIS DE SAÚDE DURANTE A PANDEMIA DA COVID-19
SB0643	LUIS EDUARDO DE MOURA BARBOSA	INFECÇÕES DO TRATO URINÁRIO (ITU/IRAS): EPIDEMIOLOGIA ETIOLOGIA SUSCEPTIBILIDADE BACTERIANA E FATORES DE RISCO OCORRIDOS EM UM HOSPITAL PÚBLICO PARAIBANO
SB0603	BEATRIZ IANNI PORDEUS SARMENTO	Fatores de Risco Associados ao Aumento da Mortalidade em Pacientes Sépticos Internados na Unidade de Terapia Intensiva
SB0560	SUELLEN BERNARDO DE QUEIROZ	Prevalência de isolados de estreptococo grupo B resistentes a agentes antimicrobianos em leite de bovinos
SB0132	JORHANNA ISABELLE ARAUJO DE BRITO GOMES	Avaliação de métodos para identificação de isolados de estreptococo do grupo B obtidos de diferentes origens
SB1171	PEDRO SOARES DINIZ	Prevalência de isolados de estreptococo grupo B resistentes aos agentes da profilaxia intraparto no ano de 2021-2022
SB0608	EVELLYN PEREIRA DE MELO	Análise descritiva de Transtornos de personalidade em tempos de pandemia do SARS-COV2
SB0583	MATHEUS VICTOR DE SOUZA LAURENTINO	Efeito da eferocitose de células infectadas com Zika vírus na expressão de HLA-DR e CD86 em macrófagos
SB0587	VYTOR LUCAS CAVALCANTI BELARMINO	Avaliação da eferocitose de células infectadas com Zika vírus na produção de citocinas por macrófagos e células dendríticas
SB1092	LUIZA GRISI LIANZA BESSA	AVALIAÇÃO DOS DESFECHOS MATERNOS E FETAIS DE CIRURGIAS CESARIANAS NOS SUBGRUPOS DA CLASSIFICAÇÃO DE ROBSON
SB0941	ANA KAROLINY DE SOUZA GOMES	PERFIL DAS CIRURGIAS CESARIANAS/PARTO VAGINAL  A PARTIR DA CLASSIFICAÇÃO DE ROBSON
SB0239	ANALUIZA BATISTA DURAND	Características clínicas e procedimentos fisioterapêuticos em pacientes com COVID-19
SB1042	ANA GABRIELA SOARES DE SOUSA	IMPACTOS DAS COMORBIDADES EM PACIENTES IDOSOS COM COVID-19 INTERNADOS NO HOSPITAL ALBERTO URQUIZA WANDERLEY  UNIMED NA CIDADE DE JOÃO PESSOA (PB)
SB0971	TAYLLA FERNANDA DOS SANTOS PEREIRA	Estudo da adoção da postura prona como conduta terapêutica nos casos confirmados de pacientes com SARS-CoV-2 internados em ambiente hospitalar
SB0856	GABRIELE DE AQUINO DANTAS	DESFECHOS MATERNOS EM GESTANTES PORTADORAS DE COVID-19
SB1104	PAULO LUIZ DE OLIVEIRA NETO	Aspectos clínicos e demográficos de pessoas com Doença de Parkinson
SB1128	LUISA ELLEN TARGINO SANTOS	Neuromodulação associada ao treinamento de marcha com dupla-tarefa na cognição de pessoas com Doença de Parkinson
SB1201	AMANDA DO NASCIMENTO OLIVEIRA CARNEIRO	Neuroplasticidade como efeito da associação de neuromodulação e treinamento motor por dupla-tarefa na doença de Parkinson
SB0983	VITORIA FERREIRA CALADO	Neuromodulação associada ao treinamento de marcha com dupla-tarefa na função motora de pessoas com Doença de Parkinson
SB0425	FRANSUELIDA DA CONCEICAO SOARES	PERFIL DOS HÁBITOS POSTURAIS EM MULHERES PORTADORAS DE LOMBALGIA CRÔNICA INESPECÍFICA OU NÃO; E COMORBIDADES ASSOCIADAS
SB1100	LEILA RAFAELA ALVES BRAGA	INCIDÊNCIA DE MALFORMAÇÕES CONGÊNITAS EM RECÉM-NASCIDOS AMPARADA NO ESTUDO COLABORATIVO LATINO AMERICANO (ECLAMC)
SB0152	MAYZA LEITE FELIX MACIEL	Negociações e articulações na elaboração de um processo de educação permanente para capacitação de profissionais de saúde em um Centro Especializado de Reabilitação
SB0035	AMANDA KELLY DA SILVA BATISTA	Qualidade de relato e análise de spin dos resumos de ensaios clínicos sobre eletroanalgesia na dor musculoesquelética.
SB0178	JANAYNNA NUNES DE ARAUJO	Revisão da literatura dos ensaios clínicos sobre eletroanalgesia na dor musculoesquelética.
SB0399	CAMILLA ARAUJO DA SILVA	IMAGENS RADIOLÓGICAS EM MULHERES PORTADORAS DE LOMBALGIA CRÔNICA INESPECÍFICA OU NÃO; E COMORBIDADES ASSOCIADAS
SB0895	ANA BEATRIZ DE ALBUQUERQUE OLIVEIRA	Tendência das internações hospitalares mortalidade e letalidade por quedas acidentais em adultos (20-44 anos de idade)  no Brasil e Regiões (2010-2020).
SB0819	ELAYNE DE SOUSA LOPES	Tendência das internações hospitalares mortalidade e letalidade por quedas acidentais em adultos de meia-idade (45-64 anos) no Brasil e Regiões (2010-2020).
SB1115	MARIA EDUARDA BEZERRA SALES QUEIROZ	Neuroestimulação em crianças com síndrome congênita do zika vírus: Efeitos no desenvolvimento neuropsicomotor
SB1185	LILIANE CARLA LOPES DE ARAUJO LUIS	ESTUDO COLABORATIVO LATINO AMERICANO DE MALFORMAÇÕES CONGÊNITAS (ECLAMC) NA PERSPECTIVA DA FISIOTERAPIA
SB0460	JOAO VICTOR DOS SANTOS FELIX	EFEITOS DE UM PROTOCOLO DE REABILITAÇÃO CARDIOPULMONAR NA COMPOSIÇÃO CORPORAL E NA AVALIAÇÃO ULTRASSONOGRÁFICA DIAFRAGMÁTICA E DE QUADRÍCEPS EM INDIVÍDUOS PÓS-COVID-19.
SB0704	ELIENE LETICIA DA SILVA BEZERRA	TERMOMONITORAMENTO DO TENDÃO DO CALCÂNEO DURANTE EXERCÍCIO ISOMÉTRICO ASSOCIADO À FOTOBIOMODULAÇÃO
SB1039	DAVI BORGES SOARES	TERMOMONITORAMENTO DO TENDÃO DO CALCÂNEO DURANTE EXERCÍCIO EXCÊNTRICO ASSOCIADO À FOTOBIOMODULAÇÃO
SB1103	LARISSA PEREIRA COSTA	Neuroestimulação em crianças com síndrome congênita do Zika Vírus: Avaliação dos aspectos eletroencefalográficos
SB0476	GEICIANA KELLY DELGADO MARTINS	EQUIVALÊNCIA TRANSCULTURAL DO MANN ASSESSMENT OF SWALLOWING ABILITY  CANCER (MASA-C) PARA O PORTUGUÊS BRASILEIRO
SB0415	YASMIM PEREIRA DE ANDRADE	Perfil Metalinguístico de pacientes com Transtornos do Neurodesenvolvimento
SB0951	FABIO MAGERO RIBEIRO DA SILVA	Análise da aplicação do Teste de Dígitos no Ruído (TDR) em pacientes idosos não usuários de aparelho de amplificação sonora
SB0504	GABRIELLA LUCENA FEITOSA	Efetividade de um treinamento sobre o uso do Roteiro Fonoaudiológico de Observação da Expressividade para fonoaudiólogos
SB0750	BRUNA ALVES RODRIGUES	Validação transcultural de um banco de vozes brasileiro em diferentes estados emocionais na perspectiva dos estudantes de  fonoaudiologia
SB0430	GIOVANNA DA SILVA MARTINS	MEDIDAS CINEMÁTICAS DA DEGLUTIÇÃO POR ULTRASSONOGRAFIA: REVISÃO DE ESCOPO
SB0469	FERNANDA NORAH HENRIQUES CARDOZO	Fatores relacionados à eficácia terapêutica no tratamento fonoaudiológico das disfonias: uma revisão sistemática
SB0844	MARIA EDUARDA DE OLIVEIRA BARBOSA CAVALCANTE	Investigação da influência do perfil de prontidão do paciente e tipo de abordagem terapêutica na efetividade do tratamento fonoaudiológico dos diversos tipos de disfonias
SB0529	MAYRA HADASSA FERREIRA SILVA	COVID-19: VOZ E EXPRESSIVIDADE DO PROFESSOR DA EDUCAÇÃO INFANTIL NO ENSINO REMOTO
SB0575	IRIS FREITAS REGIS	APRAXIA DE FALA NA SÍDROME DE DOWN:  ANÁLISE DO GRAU DE INTELIGIBILIDADE DE FALA E DA DIADOCOCINESIA
SB0449	GIGLYENE FERREIRA DE PAIVA MONTEIRO	Evidências de validade relacionadas ao uso para avaliação do Índice de Desvantagem Vocal (IDV) validado para o português brasileiro com base na Teoria de Resposta ao Item (TRI)
SB0433	HANNA VENANCIO DOS SANTOS	Validação transcultural de um banco de vozes brasileiro em diferentes estados emocionais na perspectiva da população geral
SB0358	ANDRESSA CABRAL RIBEIRO	Elaboração de um banco de dados digital para armazenamento de informações de relevância clínica e epidemiológica sobre fluência verbal típica e desviante
SB0471	JULIANA ARAUJO LEITE	Verificar o beneficio do uso do aparelho de amplificação sonora      através do Speech spatial and quality of hearing scale (SSQ).
SB0867	MARIA MILENA SOUSA DE BRITO	Perfil de leitura e escrita de pacientes com transtornos do neurodesenvolvimento
SB0267	CATARINA OLIVEIRA ALENCAR DE ALMEIDA	Acompanhamento de pacientes com zumbido submetido à programa de mindfulness on-line
SB0863	MARIA SA GURGEL LINHARES ALVES	TÉCNICAS DE PROCESSAMENTO DIGITAL DE IMAGENS APLICADAS À ULTRASSONOGRAFIA DA DEGLUTIÇÃO: REVISÃO DE ESCOPO
SB0155	JULIANNY DE SOUZA ALVES	Avaliação da qualidade de vida de crianças usuárias de implante coclear sob a perspectiva dos pais
SB0654	LUIZ CLAUDIO BARBOSA DE ALMEIDA MELO	PROCESSAMENTO LINGUÍSTICO NA APRAXIA DE FALA: ANÁLISE DAS TAREFAS MOTORAS ORAIS NÃO VERBAIS
SB0873	NATALIA DE FARIAS LIRA	Terapia Miofuncional Orofacial para Apneia Obstrutiva do Sono
SB0757	HELMANA DE MACEDO NUNES	COVID-19: VOZ E EXPRESSIVIDADE DO PROFESSOR UNIVERSITÁRIO NO ENSINO REMOTO
SB0379	ANA BEATRIZ SANTANA DE MORAIS	Análise da expressividade dos teleoperadores de emergências durante a jornada de trabalho
SB0680	KEZIA ALVES NASCIMENTO	RELAÇÃO ENTRE MEDIDAS LARÍNGEAS E A FREQUÊNCIA FUNDAMENTAL RELATIVA EM PACIENTES COM HIPERFUNCIONAMENTO VOCAL
SB0465	WILLIANA DE OLIVEIRA SILVEIRA	Análise dos dados da avaliação multidimensional da voz como fatores preditores da eficácia terapêutica no tratamento fonoaudiológico dos diversos tipos de disfonias
SB0271	LILIANE KALINE ARAUJO DE LIMA	Eficiência de um programa de mindfulness on-line em pacientes com queixa de zumbido
SB0314	JESSICA FIGUEIREDO DE MEDEIROS	Percepção do zumbido pré e pós sessões de mindfulness on-line
SB0826	DANIEL DANTAS DA SILVA	ANÁLISE MORFOMÉTRICA DO CANAL DO NERVO HIPOGLOSSO EM CRÂNIOS SECOS DO NORDESTE BRASILEIRO
SB0098	ANDRESSA GABRIELLA DUARTE DE QUEIROZ	ANÁLISE MORFOMÉTRICA E MORFOLÓGICA DOS FORAMES MENTUAL E MENTUAL ACESSÓRIO NO NORDESTE BRASILEIRO
SB0588	LETICIA LEITE CAVALCANTE	ANÁLISE MORFOMÉTRICA E MORFOLÓGICA DE CÔNDILOS OCCIPITAIS EM CRÂNIOS SECOS DO NORDESTE BRASILEIRO
SB1160	THAIS DE SOUZA DE MATOS	Prevalência e fatores de risco associados a brucelose em trabalhadores de matadouros na Paraíba
SB0912	BEATRIZ FRANCO DE SA OLIVEIRA	Prevalência de brucelose em bovinos para consumo humano na Paraíba
SB0595	CAMILLA VANESSA ARAUJO SOARES	IMPACTOS DOS TRATAMENTOS ALTERNATVOS NA QUALIDADE DE VIDA DE PESSOAS COM EPILEPSIA REFRATÁRIA: UMA REVISÃO SISTEMÁTICA
SB0485	VITORIA REGIA ROLIM NUNES	A AÇÃO  DE BEBIDAS ORGÂNICAS ISOTÔNICAS  NA DUREZA SUPERFICIAL DO ESMALTE
SB0940	ARTHUR FELIPE DE BRITO ANDRADE	EFEITO DE BEBIDAS ORG NICAS KOMBUCHÁ NA DUREZA SUPERFICIAL DO ESMALTE
SB0605	JULIELLEN LUIZ DA CUNHA	DESEMPENHO DE DENTIFRÍCIOS FLUORETADOS ASSOCIADOS AO CARVÃO ATIVADO NA DUREZA SUPERFICIAL DO ESMALTE DENTAL ERODIDO
SB0607	ANDERSON GOMES FORTE	EFEITO DE DENTIFRÍCIOS NÃO FLUORETADOS ASSOCIADOS AO CARVÃO ATIVADO NA DUREZA SUPERFICIAL DO ESMALTE DENTAL ERODIDO
SB0439	ANDRE LUIZ PINTO FABRICIO RIBEIRO	AVALIAÇÃO DE MEDIDAS TERAPÊUTICAS NEUROINTENSIVAS NO CONTROLE DA HIPERTENSÃO INTRACRANIANA CAUSADA POR LESÃO CEREBRAL TRAUMÁTICA EM ADULTOS: UMA REVISÃO SISTEMÁTICA
SB0641	ANA MIKAELLY DOS SANTOS SILVA	Técnicas de bichectomia e suas complicações: Uma revisão sistemática da literatura
SB0080	ISRAEL DE MELO GOMES	INSEGURANÇA ALIMENTAR ANSIEDADE E MEDO DE COVID-19 EM MULHERES EM IDADE REPRODUTIVA NO CONTEXTO DA PANDEMIA: UM ESTUDO DE COORTE
SB0396	ARTUR D ANGELO DA SILVA ANDRADE	PARÂMETROS SOMÁTICOS E HISTOLÓGICOS DE RATOS SUBMETIDOS AO JEJUM INTERMITENTE ASSOCIADO AO TREINAMENTO AERÓBICO
SB0144	MARIA FRANCISCA DA CONCEICAO MACIEL TARGINO	QUALIDADE DA ALIMENTAÇÃO COMPLEMENTAR NA PEERSPECTIVA DOS GRUPOS DOS ALIMENTOS
SB0078	SONIELLSON DE LIMA FERREIRA	DIETA MATERNA DISLIPIDÊMICA PODE ALTERAR PARÂMETROS COMPORTAMENTAIS E LIPÍDICOS DA PROLE FÊMEA ADULTA?
SB1159	RAQUEL MORAES PIMENTEL	PREVALÊNCIA DA HIPOVITAMINOSE D EM PACIENTES COM COVID-19 E SUAS COMORBIDADES
SB0524	RANIELE BATISTA DE SOUSA	Qualidade do consumo alimentar de escolares: Práticas educativas digitais como ferramenta de intervenção nutricional.
SB0509	MARIA LAYS FONSECA DA SILVA	Percepção de estudantes do Centro de Ciências da Saúde da UFPB sobre a psoríase e aspectos nutricionais
SB0036	GABRIELI DUARTE FARIAS	Prevalência e Gravidade de Sintomas de DTM correlacionando com ansiedade e depressão em Discentes da UFPB
SB0830	MARIA THAIS SOARES DE MACÊDO	Associação entre desgaste dentário erosivo e uso crônico de medicamento líquido oral em crianças: uma revisão sistemática e meta-análise
SB1099	LETICIA LOPES LEUTHIER	Avaliação da desobturação do canal radicular preenchidos com cimento resino ou biocerâmico por operador iniciante
SB0191	BRUNO ALBUQUERQUE DANTAS	Associação entre os dados de infraestrutura qualificação dos profissionais e a produção dos CEO.
SB0209	LAIS RODRIGUES DA SILVA	Nível de conhecimento de profissionais que atuam no Centro de Referência em Atenção à Saúde (CRAS) da UFPB.
SB0840	KIRA MARIA DE SOUSA ANDRADE	Avaliação do estresse ansiedade e percepção do impacto profissional da pandemia da COVID-19 e sua correlação com os sintomas de Disfunção Temporomandibular (DTM) em estudantes do curso de Odontologia da UFPB.
SB0165	LARYSSA MYLENNA MADRUGA BARBOSA	PROPRIEDADES FÍSICO-QUÍMICAS E ANTIMICROBIANAS DE DIFERENTES DENTIFRÍCIOS CLAREADORES
SB0302	ANA TAFET NASCIMENTO ALEXANDRE	Avaliação do impacto do PMAQ-CEO nos Centros de Especialidades Odontológicas do estado da Paraíba
SB0869	ANDRESSA PEREIRA DAS MERCES SANTANA	Avaliação dos impactos socioeconômicos psicológicos e no processo ensino aprendizagem provocados pela pandemia de síndrome respiratória aguda (COVID-19) pelo vírus SARS-COV-2 nos alunos de faculdades pública e privada no interior da Paraíba
SB0936	MARIA VITORIA FRAGOSO VERCOSA	Avaliação dos impactos socioeconômicos psicológicos e no processo ensino aprendizagem provocados pela pandemia de síndrome respiratória aguda (COVID-19) pelo vírus SARS-COV-2 nos alunos de duas universidades privadas de capital Brasileira
SB0431	FERNANDA MENDES SANTANA	Monitoramento de unidades fotoativadoras utilizadas no Centro de Referência em Atenção à Saúde (CRAS) da UFPB.
SB0544	HELOISA NUNES BRANDAO	IMPACTO DA SAÚDE ORAL NA SAÚDE GERAL DE IDOSOS INSTITUCIONALIZADOS. PARTE 1: UMA REVISÃO DE ESCOPO. PARTE 2. ANÁLISE DA QUALIDADE DE VIDA RELACIONADA À SAÚDE ORAL E FATORES ASSOCIADOS
SB0857	THIAGO LUCAS DA SILVA PEREIRA	Análise da produção de prótese dentária dos CEO paraibanos anos de 2014 e 2018 por meio de indicador de necessidade de prótese dentária e metas estabelecidas pelo convênio de LRPD.
SB0942	JESSICA BONIFACIO DE CARVALHO	Influência de modeladores de resina na resistência a dureza superficial de um compósito bulkfill
SB0871	HUGO HENRIQUE CAMPELO DE ANDRADE	Apoio técnico para o desenvolvimento de material didático-pedagógico como facilitador do processo ensino-aprendizagem em PPR
SB0275	ANTONIO VELOSO CORREIA NETO	Avaliação da oferta de prótese dentária nos CEO paraibanos
SB0198	HANIEL LAURENTINO FERREIRA DOS SANTOS	Análise da evolução da oferta em relação ao cuidado e produção de prótese dentária
SB1069	RAFAELA DUTRA ALVES	Efeito da espessura e de solução pigmentadora (café) sobre rugosidade superficial resistência à flexão de resinas para restaurações provisórias.
SB0961	ANDSON JANUARIO DE JESUS	Análise de resistência à fratura na seleção de resinas de uso provisório
SB0252	BEATRIZ BARROS VIANA	EFEITOS DA ESCOVAÇÃO SIMULADA NA RUGOSIDADE E NA COR DE RESINAS AUTOADESIVAS.
SB1278	GIDERLANE DAIANNY DE SOUZA SILVA	Conhecimento dos Cirurgiões-Dentistas da rede de atenção primária à saúde da cidade de João Pessoa frente à demanda de pacientes portadores de sintomas de Disfunção Temporomandibular e Dor Orofacial
SB0620	JULIANE EVELYN MOREIRA DE AZEVEDO	Influência de uma abordagem baseada em Teleodontologia na qualidade de vida de pacientes submetidos à reabilitação protética odontológica
SB0044	WILLIAN CARLOS PORFÍRIO ALVES	Utilização da acupuntura como tratamento da dor na Odontologia
SB1179	INACIO LUCAS CAVALCANTE DA SILVA	Design de serious game para avaliação e estimulação do desempenho de crianças
SB0468	SUELEN VIRGINIA PATRICIO DE MELO	Identificação de famílias em situação de insegurança alimentar grave  a partir da Unidade de Saúde da Família São José
SB0565	KAROLAINE VITORIA MACEDO DO NASCIMENTO	Identificação de famílias em situação de insegurança alimentar grave a partir da Unidade de Saúde da Família Alto do Céu
SB1089	EULALIA LUANA BARBOSA LIMA	EFEITOS DO USO DE JOGOS ATIVOS NO DESEMPENHO OCUPACIONAL DE CRIANÇAS COM TRANSTORNO DO DESENVOLVIMENTO DA COORDENAÇÃO.
SB1167	NATALIA DE VASCONCELOS PESSOA GALINDO RAMOS	EFEITOS DO USO DE JOGOS ATIVOS NA PARTICIPAÇÃO DE CRIANÇAS COM TRANSTORNO DO DESENVOLVIMENTO DA COORDENAÇÃO.
SB1168	LUIZA LACERDA DE OLIVEIRA CASSALI DE AZEVEDO	EFEITOS DO USO DE JOGOS ATIVOS NO DESEMPENHO MOTOR DE CRIANÇAS COM TRANSTORNO DO DESENVOLVIMENTO DA COORDENAÇÃO.
SB1307	HENRIQUE MARTINS RANGEL	Coleta e avaliação parasitológica da água de abastecimento do município de João Pessoa-PB utilizando o método de Método de Hoffmann Pons e Janer (Lutz) (sedimentação espontânea) com algumas adaptações.
SB1308	JOSEFA WYARA TOMAZ DA SILVA	Coleta e avaliação parasitológica da água de abastecimento do município de João Pessoa-PB utilizando o método de Método de Hoffmann Pons e Janer (Lutz) (sedimentação espontânea) e Técnica de Faust de Flutuação
SB0999	AGATHA OLIVEIRA DE CASTRO	Determinação das frequências de parasitos na areia de praias de Lucena.
SB1312	INGRID BEATRIZ BRAZ OLIVEIRA	Comparação das metodologias de RT-PCR e de Antígeno para o COVID-19 em amostras positivas do LAVIMAP
SB1310	ANA JÚLIA FIDELIS VALENTIM	Testagem para COVID-19 entre discentes e trabalhadores da Educação Profissional em saúde da Universidade Federal da Paraíba
SB1309	BRENDA TOMAZ DE MORAIS	Levantamento dos dados epidemiológicos de Vigilância em Saúde da COVID-19 e ensino entre discentes e trabalhadores da Educação Profissional em saúde da Universidade Federal da Paraíba
SB0284	LOUYSE JERONIMO DE MORAIS	Levantamento dos dados epidemiológicos de Vigilância em Saúde da COVID-19 nos exames positivos de RT-PCR
SB0213	ALAN FRAZÃO DA SILVA	Dosagem das subclasses de anticorpos IgG humanas pelo método de Indirect Enzyme-Linked Immunoabsorbent Assay (ELISA) em soro de pacientes com COVID-19
SB1193	THELES GABRIEL SILVEIRA CHAVES	PREVALÊNCIA DE CIRURGIAS EM IDOSOS NO NORDESTE: revisão integrativa
SB1041	ERIVANNA KARLENE DOS SANTOS OLIVEIRA	ADMINISTRAÇÃO DE MEDICAMENTOS PELA VIA INTRAMUSCULAR: UMA ATUALIZAÇÃO NECESSÁRIA
SB1011	RAYANE MONTEIRO SILVEIRA	VALIDAÇÃO DE APLICATIVO MÓVEL PARA PROMOÇÃO DO AUTOCUIDADO EM PACIENTES COM INSUFICIÊNCIA CARDÍACA
SB0994	BRUNA ALVES DA SILVA	Determinação da frequência de larvas de helmintos na areia das praias de Lucena.
SB0521	MARIA JULLYANNA FERREIRA MARQUES	Vigilância Molecular de Vírus Respiratórios em crianças
SB1127	FERNANDO SOARES DA SILVA NETO	COMPARAÇÃO ENTRE MÉTODOS DE EXTRAÇÃO DO RNA GENÔMICO DO SARS-COV-2 (COVID-19) NO ESTADO DA PARAÍBA
SB1002	RYTA DE KASSIA ALBUQUERQUE DOS PRAZERES	SARS-CoV-2 entre profissionais vacinados do Hospital Universitário Lauro Wanderley (HULW): frequência sintomas clínicos e características epidemiológicas.
SB0082	VINICIUS GOUVEIA MARTINS DE OLIVEIRA	Efeito do tratamento com Aduto de Morita  Baylis Hilman (AMBH) CH3ISACN nos sinais clínicos e nas citocinas inflamatórias da síndrome da asma e rinite alérgicas combinadas (CARAS)
SB0086	BRUNO VINICIUS DA SILVA MOURA	Avaliação do efeito da suplementação oral com Lactobacillus paracasei em modelo murino da Síndrome da Asma e Rinite Alérgicas Combinadas (CARAS)
