CODIGO	ALUNO	TITULO	
HS1305	GABRIEL LUAR CALADO BANDEIRA	DITADURA MILITAR TRANSIÇÃO E LUTAS DEMOCRÁTICAS: história e memória da fundação da ADUFPB-JP (1978-1984)
HS1270	VICTORIA LOMBARDI FREIRE	Revisão bibliográfica pesquisa e análise prosopográfica
HS0370	AMANDA GIORIATTI LUNKES	Mapeando o desmonte localmente: acesso a serviços e desigualdades atualizadas em Rio Tinto/PB
HS0868	SALES RUAN SILVA ALVES	O exercício da iniciação científica a partir do projeto Juventude rural em meio aos conflitos socioambientais no Brasil
HS0944	MARCO TULIO ALVES DE MEDEIROS	Indetectável = Intransmissível e outras nuanças de viver com HIV na rede social
HS1147	VITORIA FERREIRA MAMEDE	Políticas públicas pobreza e desigualdade no cenário nacional recente
HS0150	MARIANA PEREIRA DE MELO NOVAIS	Revisão bibliográfica e análise de carreiras políticas
HS1289	DAYANA ALMEIDA SEGUINS	Mapeamento e análise teórica e de iniciativa legislativas sobre a violência política de gênero na América Latina
HS1267	WILLIS DA SILVA GUIMARAES DE LIMA JUNIOR	Das tecnologias médicas às tecnologias sociais: uma etnografia virtual sobre a PrEP
HS1203	JOERY PEREIRA DE OLIVEIRA	A música e o registro de experiências da população negra no Brasil (Dona Ivone Lara)
HS1175	ARTUR ANDRADE MARQUES	Os trabalhadores rurais assalariados da agroindústria canavieira do brejo paraibano
HS0668	MARIA CLARA MIRANDA FERREIRA DA SILVA	A Violência Política de Gênero na 55º Legislatura da Câmara dos Deputados
HS0062	IGOR GABRIEL DE ALMEIDA BARBOSA	Dos atos ilocucionários de primeiro nível às ilocuções de nível superior: da lógica ilocucionária à lógica do discurso
HS0081	LIDIA RAQUEL FORTE DE LIMA BATINGA	Comparações entre lógicas: medindo as capacidades expressiva e dedutiva
HS0303	IGOR LEWTCHUK DE PAIVA	A concepção da alma de Aristóteles nos capítulos II.1-3 do 'De Anima': uma resenha das maiores interpretações
HS0225	FIDEL JAFFER CORREIA SILVA	Sobre a relação entre os atos ilocucionários e os estados intencionais (ou atitudes proposicionais)
HS0215	MIRIAM LUANA SILVA BARBOSA	Investigações formais de lógicas não-clássicas
HS0353	ERICA DA SILVA GALDINO	AVANÇOS CONQUISTAS E PERSPECTIVAS DA NEUROÉTICA NO DEBATE ÉTICO CONTEMPORÂNEO
HS1208	ANDRE LUIZ QUEIROGA MACEDO	Trabalhadores e sinistralidade laboral através da imprensa alternativa e operária.
HS1008	JOSE ARILSON PIRES ALVES FILHO	Questões raciais em Carolina Maria de Jesus e Maria da Conceição Evaristo de Brito
HS1276	CIRO CALEB BARBOSA GOMES	Trabalhadores e sinistralidade laboral através da grande Imprensa
HS0710	VERA VIEIRA BERNAL DE ALMEIDA	ATUAÇÃO DO SERVIÇO NACIONAL DE INFORMAÇÃO (SNI) NOS ESTADOS DE ALAGOAS PERNAMBUCO PARAÍBA E RIO GRANDE DO NORTE: A VIGILÂNCIA SOBRE OS MOVIMENTOS SOCIAIS NO CAMPO E A IGREJA CATÓLICA (1975-1985)
HS0272	MARIANA KAREN ALVES DOS SANTOS	O conjunto social e as estratégias de poder dos Deputados estaduais eleitos em 1933/1934
HS0569	JOSE AUGUSTO DE LIMA SOUZA	Coleta de dados nominais/documentais da Câmara de vereadores de Itabaiana-PB: família poder e política
HS0122	RAYANE DE LIMA BRASIL	As Condições de Saúde da População Escravizada Durante as Epidemias do Cólera na Paraíba (1856-1862)
HS1300	LUCAS DANTAS COSTA	História digital teoria e ensino de história das mulheres
HS1291	LUARA ALENCAR FRANCISCO	O ENSINO DE HISTÓRIA ATRAVÉS DE VIDEOAULAS
HS0242	NATHALIA MARQUES BANDEIRA	Os ''Píndoles de Ramon Llull'' (2016): a representação da vida e obra do filósofo maiorquino
HS0095	MARIA MILENA LIMA QUEIROZ	A representação do mundo medieval na animação digital ''Ramon Llull'' (2020)
HS0085	ANA JULIA NEVES BARBOSA	Questões raciais em Machado de Assis
HS0911	LILIANE CORREIA DA SILVA	Questões raciais em João Cabral de Melo Neto
HS0290	OBERDAN YUSSEFF DE ARAUJO SOARES	Os deputados estaduais eleitos (1962): conjunto social e estratégias de poder
HS0741	ANA BEATRIZ DE FARIAS QUIRINO	A Paraíba na década de vinte: a administração João Suassuna nas Mensagens de Governo e nos Decretos Estaduais (1925-1928).
HS0256	LETICIA HERCULANO DA SILVA ALVES	A instrução e a vida escolar dos mestres e colegiaes na Custódia/Província de Santo Antônio do Brasil por meio de seus documentos oficiais: estatutos ordenações e apontamentos (séculos XVI a XIX)
HS1019	ANA CAROLINA SILVA LIRA	Questões raciais em Lima Barreto
HS1094	MARIA VITORIA MORENO LAURINDO	Questões raciais em Raquel de Queiroz
HS1055	ANA CAROLINA SIMOES SILVA	Mulher e cidadania: um estudo sobre a mulher em Sobre a Herança de Filoctémon de Iseu
HS1288	RICARDO VICENTE FERREIRA FILHO	Mapeando saques e motins no Nordeste brasileiro em tempos de ditadura (1964-1968)
HS1285	THIAGO LACOMBE TORQUATO CARVALHO	Mapeando saques e motins no Nordeste brasileiro em tempos de ditadura (1974-1978)
HS0096	MARIA LUISA SOARES MARCOLINO	A política econômica do SPI sobre o Posto Indígena de Nísia Brasileira
HS1033	HILDEBRANTHE DA SILVA CANDIDO	A Paraíba na década de vinte: a administração Solón de Lucena nas Mensagens de Governo e nos Decretos Estaduais (1920-1924).
HS1295	YRIS CAMPOS OLIVEIRA	A saúde dos potiguara da Paraíba sob a política do SPI
HS1301	AMANDA BATISTA DA SILVA	História oral historiografia das mulheres e saberes não centrais
HS1293	BRUNO RAMALHO DE FIGUEIRÊDO	GAMIFICAÇÃO NO ENSINO DE HISTÓRIA
HS0106	FERNANDO GLAYBSON DO NASCIMENTO SANTOS	A emblemática em Blake: matrizes barrocas em For Children: The Gates Of Paradise [1793] & For The Sexes: The Gates Of Paradise [1818]
HS1101	GUILHERME EWERTON ALVES DE ASSIS	Viagens a Lesbos excursões do desejo: homoafetividade feminina nos portos literários de Lygia Fagundes Telles
HS1257	GRAZIELLY DUARTE ALVES	Estéticas do pudor e do pecado: a fantasmagoria do sexo no Cinema
HS0985	MONIJANY LINS DE GOIS	A representação das margens na literatura sertaneja do século XXI
HS0723	ITALO DURDSON XAVIER DE OLIVEIRA	Paródia e Efeito cômico nos Diálogos do Deuses de Luciano de Samosata.
HS1149	AMERICO CARLOS DA ROCHA JUNIOR	Paródia e Efeito cômico nos Diálogos Marinhos de Luciano de Samosata
HS0146	ISRAEL NIWTON DA COSTA PEREIRA	PNLD Literário 2020  a leitura/literatura juvenil ensinada
HS0131	JOSÉ ETHAM DE LUCENA BARBOSA FILHO	PNLD Literário 2020  Tendências da literatura juvenil
HS0136	RAPHAELA ABRANTES NOBREGA	Crítica Feminista estadunidense (Ano IV): Estudos sobre Branquitude
HS0333	LARISSA CAVALCANTI DE SOUSA MEDEIROS	A inclusão como agir frente ao sofrimento e a outros impedimentos em contextos de ensino na pandemia da covid-19
HS0056	MARIANA FRANZ MARROQUIM	Crítica feminista estadunidense (Ano IV): Políticas sexuais
HS0739	MARIA CECILIA PESSOA COELHO LINHARES	Crítica Feminista estadunidense (Ano IV): Estudos sobre Deficiência
HS1152	ISA PAULA RODRIGUES MORAIS	Contexto de circulação da literatura espanhola no Brasil no século XXI
HS0733	BYANKA SOUZA SILVA	Processamento fonológico de línguas estrangeiras em sala de aula: diferenças tipológicas e de ruídos de fundo
HS0046	CAROLINA MENDONCA DE PINHO SILVA	Uma análise feminista dos contos de Virginia Woolf
HS0043	LARISSA TAVARES DE FREITAS	Crítica feminista estadunidense: Mulheres de cor Mujeres de color Women of color
HS1030	BRUNA MARIA SANTOS ALVES DE NORONHA	De Pecola Breedlove à Lula Ann : outremização e colorismo em Toni Morrison.
HS0958	BIANCKA ELLEN BARACHO WANDERLEY	ESTUDOS INTERSECCIONAIS
HS0451	GABRIELLA AGUIAR PEREIRA	GRUPO DE ESTUDO: VERTENTES DA TEORIA (DE)COLONIAL E O FEMINISMO TERCEIRO-MUNDISTA NA LITERATURA LATINA NOS ESTADOS UNIDOS
HS0305	ANDREA MARLEY CHAGAS CAMARA	Contexto de circulação da literatura francesa no Brasil no século XXI
HS1153	DEISE LEITE SANTOS	Contexto de circulação da literatura francesa no Brasil no século XXI: estudo de um projeto de tradução
HS0988	FLAVIA EDUARDA SANTOS WERNECK	ESTUDOS DECOLONIAIS NAS LITERATURAS NEGRO-BRASILEIRAS
HS0047	NICOLE ANIZIO MARIANO DE SA	Uma análise feminista do romance Between the Acts de Virginia Woolf
HS0409	NIERY PEREIRA TRAJANO	Processos semântico-cognitivos na compreensão da espacialidade
HS0633	ANDERSON SANTOS BEZERRA	PANDEMIA E CANCELAMENTO DE SUJEITOS -CELEBRIDADES NO SITE DE NOTÍCIAS G1
HS0674	REBECA LIMONGI DE MORAIS PEREIRA	A FUNÇÃO-AUTOR EM VLOGS NO CIBERESPAÇO
HS0523	ESTER DA SILVA ALBUQUERQUE	Os gêneros textuais digitais: variedades e características linguísticas do chat.
HS0226	KALINE JERONIMO LOPES	Historiografia das políticas públicas para a língua portuguesa no Brasil (1831-1840)
HS0781	ELDER HENRIQUE DE PADUA SANTANA	Construção de Design Experimental para investigar o processamento de reflexivos em bilingues: Usando a técnica de Maze Task
HS0368	GISELLE MAYRA FEITOZA AGUIAR DE SOUZA	Mapeamento do conhecimento sobre ensino de língua portuguesa publicado em periódicos brasileiros
HS0384	SAMARA HELLENN JUVITO DA COSTA	Processamento de informações linguístico-visuais na compreensão da espacialidade
HS0759	SOFIA EUFRASIO SPERIDIAO	Construção de Design Experimental para investigar o processamento de reflexivos em Português Brasileiro: Usando a técnica de Maze Task
HS0447	MARINA FLORENCIO DA SILVA	Concepção de ciência nos relatórios de iniciação científica em Linguística Literatura e Sociologia e sua relação com a cultura disciplinar
HS1155	FELIPE LUIZ BORBA FRANCO	DIDATIZAÇÃO DO CONHECIMENTO EM SEMÂNTICA: ESTRATÉGIAS REFLEXIVAS PARA O ENSINO DE PORTUGUÊS LÍNGUA NÃO MATERNA
HS0574	LARYSSA LUANNA RIBEIRO DE SALES	Possiblidades sintáticas dos pronomes substantivos átonos me te e lhe: uma análise dos comentários no chat de uma oitiva da CPI da covid do senado brasileiro.
HS1272	THAYRINNY BARBOSA DA SILVA	O estranho e a ética da amizade
HS0853	WELISON DOUGLAS DOS SANTOS PEREIRA	Bibliometria dos Estudos da Tradução Literária no Brasil: principais fontes teóricas dos Estudos da Tradução Literária em Programas de Pós-Graduação em Tradução
OU1063	BRISA DUARTE	MEDIÇÃO DA CAPACIDADE DE INTERNACIONALIZAÇÃO DAS EMPRESAS PARAIBANAS: Pesquisa Geral e Gestão
OU0870	ALICE TORREAO DA FONSECA	MEDIÇÃO DA CAPACIDADE DE INTERNACIONALIZAÇÃO DAS EMPRESAS PARAIBANAS
OU1028	ANA LUIZA GOMES DA SILVA	MEDIÇÃO DA CAPACIDADE DE INTERNACIONALIZAÇÃO DAS EMPRESAS PARAIBANAS: Pesquisa Geral e Análise do Marketing
OU1096	MARIANA LIMA DOS SANTOS	Formação de mediadores e interpretes: mapeamento local
OU0865	ALIA FARIAS COSTA DE OLIVEIRA	OBSERVATÓRIO DE MEDIAÇÕES INTERCULTURAIS E NEGOCIAÇÕES INTERNACIONAIS NO MERCADO E NO MUNDO
OU0872	ISABELLE FERNANDES MEDEIROS	MEDIÇÃO DA CAPACIDADE DE INTERNACIONALIZAÇÃO DAS EMPRESAS PARAIBANAS: Pesquisa Geral Produto e Logística
HS1204	JOAO GABRIEL RODRIGUES GOMES	Estrangeiros e hospitalidade
HS0696	FILIPE AUGUSTO DE OLIVEIRA	Cordel em quadrinhos: crítica do processo na obra Moeda da sorte
HS0105	PETRA JULIA SANTOS DE AZEVEDO	A relação do perdão interpessoal com a abertura cognitiva a mudança autoestima e esperança no futuro em vítimas de violência política
HS0685	GABRIELA BAYMA REMOS FERNANDES	Assédio moral no trabalho: produção em língua inglesa
HS0308	YASMIN SANTOS DE ARGOLO	AVALIAÇÃO PRELIMINAR DO PERFIL PSICOLÓGICO DE UMA AMOSTRA DE USUÁRIOS DA CLÍNICA-ESCOLA DE PSICOLOGIA
HS1290	JOSE ORLANDO CAMELO DA SILVA	Avaliação da visão de cores em pessoas com e sem histórico de COVID-19
HS0130	LUCAS EURIKES MELO VASCONCELOS	A relação trabalho e saúde mental dos fisioterapeutas que atuam na linha de frente da pandemia da Covid 19
HS1043	JONIOSTENES DE SOUZA VICENTE	A SAÚDE MENTAL DAS MULHERES DA COMUNIDADE EM TEMPOS DA PANDEMIA DA COVID-19
HS1040	PALOMA CLEMENTINO DANTAS	CRENÇAS NORMATIVAS ACERCA DA PREVENÇÃO DO CONSUMO DE ÁLCOOL ENTRE JOVENS NO CONTEXTO DA PANDEMIA DE COVID-19: UMA EXPLICAÇÃO PAUTADA NA TEORIA DO COMPORTAMENTO PLANEJADO
HS1045	LUCA SILVA TAVARES	CRENÇAS COMPORTAMENTAIS ACERCA DA PREVENÇÃO DO CONSUMO DE ÁLCOOL ENTRE JOVENS NO CONTEXTO DA PANDEMIA DE COVID-19: UMA EXPLICAÇÃO PAUTADA NA TEORIA DO COMPORTAMENTO PLANEJADO
HS1064	IZOLDA MARIA PEREIRA LEITE	CRENÇAS DE CONTROLE ACERCA DA PREVENÇÃO DO CONSUMO DE ÁLCOOL ENTRE JOVENS NO CONTEXTO DA PANDEMIA DE COVID-19: UMA EXPLICAÇÃO PAUTADA NA TEORIA DO COMPORTAMENTO PLANEJADO.
HS0033	DAYANE GABRIELLE DO NASCIMENTO DIAS	Adaptação da Medida: Civic  Moral Disengagement para o Contexto Brasileiro
HS0530	ANNA DHARA GUIMARAES TANNUSS	Dehumanization in Romantic Relationships Scale: evidências psicométricas no contexto brasileiro
HS0189	ALESSANDRA DO NASCIMENTO COSTA	PANDEMIA E HOMESCHOOLING COMPULSÓRIO
HS0022	MAYANE MAIA RODRIGUES	Saúde Mental e Identidade de Gênero
HS0859	THAIS EMANUELE GALDINO PESSOA	Relações Do Uso Do Instagram Com A Autoestima A Satisfação Com A Imagem Corporal e o Bem-estar Psicológico.
HS0581	ANILAYNE REBECA DE AZEVEDO SILVA	O conceito de interação e a cognição social infantil: um estudo de levantamento em bases de dados científicas
HS0730	MARIA LUIZA FERREIRA DANTAS	A política nacional de emprego em João Pessoa: análise dos índices de inserção
HS0286	MATHEUS VASCONCELOS CASTELLIANO	Trajetória de vida de jovens trabalhadores que buscam emprego: aprofundamento das desigualdades a partir do gênero e raça
HS0250	MANUELE MARIA GOMES DOS SANTOS	Habilidades e interesses dos jovens que buscam o Sine
HS0413	HERVYLLA DA COSTA ALMEIDA	Projetos de vida e orientação profissional de jovens
HS0852	JOSE MARCOS NASCIMENTO DE SOUSA	Saúde Mental e população LGBTQIA+
HS0930	NATHALIA KOKKONEN DOS SANTOS	A INSERÇÃO PRECOCE NO TRABALHO DE JOVENS QUE CUMPREM MEDIDAS SOCIOEDUCATIVAS DE PRIVAÇÃO DE LIBERDADE
HS1187	MARCOS VINICIO ANCHIETA DA SILVA JUNIOR	Influencia dos fatores sociodemográficos e período do evento estressor precoce vivenciado na evocação de memorias autobiográficas em adultos
HS1194	REGINALDO RAVEL FREIRE CARDOSO	Especificidade e latência da memória autobiográfica e histórico de eventos estressores precoces em adultos: um estudo comparativo
HS0632	ANA BEATRIZ BATISTA MAIA MACEDO	Padronização do teste do labirinto em Y para avaliação da memória de trabalho em camundongos
HS0943	TACIANE CAVALCANTI DO AMARAL	OS EFEITOS DE MÚSICAS NO BEM ESTAR DE MULHERES BRASILEIRAS: O PAPEL MODERADOR DA AUTO ESTIMA E DA PERSONALIDADE
HS1154	RANIELLYSON ALEF BORGES DE ARAUJO	Atualização e desenvolvimento de software para avaliação das funções visuais básicas
HS1026	GABRIELA FERREIRA DOS SANTOS TINOCO	Estratégias de Cuidado com a Saúde Mental das Mulheres da Comunidade Santa Bárbara
HS0322	MARIA BEATRIZ BEZERRA MOTA	O perdão interpessoal em vítimas de violência política por contextos: família amizades e trabalho
HS1191	FELIPPE DA SILVA E SOUZA	Relação entre varredura ocular em cenas de interações sociais e percepção de estilo parental em adolescentes
HS0133	TAMIRES ALMEIDA DA COSTA LIMA	ANÁLISE QUANTITATIVA DAS IMPLICAÇÕES DA PANDEMIA DO COVID-19 PARA OS PROFISSIONAIS DE SAÚDE EM UNIDADES DE TERAPIA INTENSIVA (UTI)
HS0582	LIVIA HENRIQUE LEITE	A inserção de psicólogas(os) escolares na rede pública municipal de educação: processo histórico concepções e intervenções em escolas do município de João Pessoa (PB)
HS0547	TAINAH VICTORIA DE MEDEIROS MATHIAS	Varredura ocular em cenas de interações sociais de adolescentes e sua relação com estilo de apego e parentalidade dos pais
HS0902	ARTHUR ANTUNES PEREIRA COSTA	Análise da estrutura das redes perineuronais no sistema corticolímbico de ratos infantes submetidos ao processo de codificação de memória aversiva
HS0839	RAFAELLA ELLEN DE ANDRADE MARINHO	Investigação das áreas neurais engajadas na codificação da memória aversiva na fase da infância em ratos
HS0458	ANNE CAROLINE NASCIMENTO DA SILVA	A INSERÇÃO PRECOCE NO TRABALHO DE MENINOS ADOLESCENTES QUE CUMPREM MEDIDAS SOCIOEDUCATIVAS DE PRIVAÇÃO DE LIBERDADE
HS0288	LISSANDRA JUSTO ANIBAL DE SOUSA	A INSERÇÃO PRECOCE NO TRABALHO DE MENINOS ADOLESCENTES QUE CUMPREM MEDIDAS SOCIOEDUCATIVAS DE PRIVAÇÃO DE LIBERDADE
HS0172	SABRINA MARIA SOUZA TAVARES	A INSERÇÃO PRECOCE NO TRABALHO DE JOVENS QUE CUMPREM MEDIDAS SOCIOEDUCATIVAS DE PRIVAÇÃO DE LIBERDADE
HS0127	GARDENIA MARIA MATIAS DE OLIVEIRA	A INSERÇÃO PRECOCE NO TRABALHO DE MENINAS ADOLESCENTES QUE CUMPREM MEDIDAS SOCIOEDUCATIVAS PROVISÓRIA DE INTERNAÇÃO E DE SEMILIBERDADE
HS1138	ANA LUISA ADISSI MACHADO	Trabalho prescrito trabalho real e real da atividade: experiências de reconhecimento e sofrimento no trabalho de profissionais de saúde no contexto da pandemia pelo covid-19
HS0793	ELOÁ ALMEIDA DA COSTA	CRISE E AJUSTE NO GOVERNO TEMER  UMA PONTE PARA QUAL FUTURO?
HS1275	MARIA IMACULADA DE ANDRADE MORAIS	A QUESTÃO DA LUTA DE CLASSES EM MARX SOB A PERSPECTIVA ONTOLÓGICA DO TRABALHADOR COMO SUJEITO POLÍTICO (FASE 1)
HS0505	MARIA BERNADETE RODRIGUES DO NASCIMENTO	A compreensão do processo de escolarização sob a perspectiva dos apenados do Sílvio Porto: uma reflexão para à vida?
HS0978	FRANCISCA FERREIRA DE SOUZA PEDROSA	Levantamento das dissertações e teses dos estados de RORAIMA RONDÔNIA E PARÁ nas áreas de Serviço Social e Educação (2000-2010)
HS1010	FRANCIELE LOURENCO ALVES	Levantamento das dissertações e teses dos estados do AMAZONAS ACRE E AMAPÁ nas áreas de Serviço Social e Educação (2000-2010) e cruzamento dos resultados de toda Região Norte
HS0745	PATRICIA ALBUQUERQUE MEDEIROS	ETNOMAPEAMENTO GESTÃO SOCIOTERRITORIAL PESCADORAS ARTESANAIS: Uma realidade em movimento na pandemia do Covid-19 na RESEX Acaú/Goiana
HS1269	ISLA REBECA DE LIMA MONTEIRO	HEGEL E O TRABALHO COMO FORMADOR DA CONSCIÊNCIA E DA VIDA ÉTICA (FASE 2)
HS0350	ERICK DOUGLLAS DOS SANTOS	A produção docente da UFPB  e sua articulação com a politica de direitos humanos e a Justiça de Transição
HS0351	MARIA BETANIA GOMES DA SILVA	Impasses e desafios postos aos assistentes sociais que atuam na Política de Assistência Social no contexto da Covid-19
HS1125	JAQUELINE FIGUEREDO SILVA	Os impactos da pandemia da covid-19 no trabalho de assistentes sociais na política de saúde nos municípios do estado da Paraíba
HS0779	PABLO HENRIQUE DO NASCIMENTO VASCONCELOS	PROTEÇÃO SOCIAL NA CRISE SANITÁRIA E HUMANITÁRIA DO COVID-19 NOS TERRITÓRIOS DE PESCA ARTESANAL NA RESEX ACAÚ/GOIANA PARAÍBA PERNAMBUCO
HS0435	THAIS LOPES VASCONCELOS	O DESENVOLVIMENTO DESIGUAL E COMBINADO NA ANÁLISE DO CAPITALISMO BRASILEIRO
HS0678	ANTONIO PEDRO CASQUEIRO DOS SANTOS	Ordem e regresso: o lobby militar na construção de uma nova ordem constitucional
HS0855	NATALIA DE MELO MEDEIROS	O impacto da pandemia na dimensão metodológica das atividades de Assessoria Jurídica Universitária Popular
HS0377	VICTOR DE OLIVEIRA MARTINS	O STF E A CRISE DEMOCRÁTICA: a controvérsia pública em torno da gestão da pandemia
OU0609	ANNA KAROLYNA BENTO COSTA	CONFLITOS TERRITORIAIS NA COMUNIDADE TRADICIONAL E RIBEIRINHA DO PORTO DO CAPIM - JOÃO PESSOA/PB
HS0268	MARIA CLARA GOMES DO NASCIMENTO	A importância da atuação dos movimentos sociais pela conquista de direitos na Constituição Federal de 1988: mobilização dificuldades e a participação ativa do movimento feminista na ANC
HS0752	BEATRIZ SOUSA DE ALBUQUERQUE	A crise do cuidado e a crise do coronavírus: uma crítica a partir feminismo materialista
HS0346	CHEISA DE ARROXELAS MACEDO PEREIRA	Tráfico de drogas e Homicídios de Mulheres: Perfil das Vítimas e Contexto dos Crimes
HS0371	GISELE MONTEIRO PEREIRA	O STF E A CRISE DEMOCRÁTICA: a controvérsia pública em torno do inquérito das fake news
OU0690	MARIA STEPHANNE BESERRA CARDOSO	CONFLITOS POR TERRA E ÁGUA NA PARAÍBA E A SITUAÇÃO DOS ATINGIDOS POR GRANDES OBRAS HÍDRICAS
HS0376	JULIA EDUARDA ALMEIDA CORREIA CORDEIRO	O STF E A CRISE DEMOCRÁTICA: a controvérsia pública em torno da ideologia de gênero
HS0170	ISABELA DATIVO SENA	Princípio da legalidade e segurança jurídica tributária: a interpretação da Constituição segundo o Supremo Tribunal Federal.
OU0967	MARIA KARYNNA RIOS DO NASCIMENTO SANTOS	RACISMO QUILOMBOS E CONFLITOS TERRITORIAIS
HS0731	LUIZ FERNANDO DE OLIVEIRA	Análise comparada da utilização de savior siblings nas experiências brasileira e portuguesa
HS0074	CRISTIAN RENNER VIRGINIO DA SILVA	Princípio da legalidade tributária e atividade fiscal do Estado: a segurança jurídica como instrumento de garantia dos direitos fundamentais ao contribuinte na cidade.
HS0734	LEONARDO DOURADO MELO	O STF E A CRISE DEMOCRÁTICA: a controvérsia pública em torno do inquérito dos atos antidemocráticos
HS0600	MARIA BARBATO PALMA	O lobby trabalhista e a nova Constituição: impacto representatividade e a ampliação de direitos
HS0462	ELLEN NUNES RODRIGUES SOARES	Tráfico de Drogas e Homicídios de Mulheres: Uma Revisão Sistemática da Literatura
HS0722	MARIA MANNUELLA DE MELO ALMEIDA	O STF E A CRISE DEMOCRÁTICA: a controvérsia pública em torno da violência policial letal nas favelas do Rio de Janeiro
HS1303	THAIS EDUARDA LIMA DA SILVA	POLÍTICAS PÚBLICAS DE PROMOÇAO DO ACESSO À TERRA PARA MULHERES NO BRASIL E GARANTIA DO DIREITO À ALIMENTAÇÃO
HS0205	REBECA MARIA ESTRELA VIEIRA	ALIMENTAÇÃO E GÊNERO: A CONSTRUÇÃO HISTÓRICO-JURÍDICA DO DIREITO AO ACESSO À TERRA E À ALIMENTAÇÃO ADEQUADA DAS MULHERES NO BRASIL
HS0622	NATHALIA DE SOUZA QUEIROZ	Função Social da Empresa
HS0628	ANTONIO LUCAS LIRA PEREIRA	DIREITO DO TRABALHO EM TEMPOS DE PANDEMIA: INFLUXOS NEOLIBERAIS NAS RELAÇÕES LABORAIS
HS0567	MARINA GOMES BARBOSA	Perspectiva comparada da decretação da perda de mandato de mandato e de anulação de eleições na legislação eleitoral latino-americana
HS0754	ANGELO GABRIEL DE A BARBOSA AGNOLETI	Análise qualitativa da instrumentalização do voto eletrônico: um estudo comparado entre os Estados Unidos da América e a América Latina frente às suas últimas eleições presidenciais
HS0559	ANDRIELLY RUTH FIGUEIROA DO NASCIMENTO	PARASSUBORDINAÇÃO DIGITAL COMO ELEMENTO CARACTERIZADOR DAS NOVAS FORMAS DE TRABALHO RELACIONADAS À UBERIZAÇÃO
HS0138	ALINE MIRANDA DE CARVALHO	Experiência de incorporação do direito e da jurisprudência convencional: potencialidades e desafios
HS0124	JOSE JONAS MANGUEIRA DA SILVA	Análise Qualitativa dos Homicídios Praticados com o Emprego de Armas de Fogo na Cidade de João Pessoa - PB
HS0667	LAIZA SARINHO BEZERRA	O Brasil frente a Decisões Emblemáticas da Corte Interamericana de Direitos Humanos: marcos inaugurais
HS0145	SARAH NOBREGA ESCOREL	ANÁLISE POLÍTICO CRIMINAL DAS NORMATIVAS VIGENTES DE COMÉRCIO PORTE E POSSE DE ARMAS DE FOGO NO BRASIL
HS0981	MARIA CECILIA MACENA GAMA	OS INSTRUMENTOS DO DIREITO INTERNACIONAL PELA IGUALDADE DE GÊNERO PARA A CIÊNCIA E A EDUCAÇÃO SUPERIOR
HS0586	GUILHERME MORAIS REGIS DE LUCENA	O papel da ONU na proteção do patrimônio cultural frente às mudanças climáticas
HS0677	LUCAS FELIPE CABRAL DE AQUINO	O Papel do Direito Internacional na Proteção do Patrimônio Cultural Religioso face às Mudanças Climáticas
HS0118	SERGIO RICARDO DOS SANTOS ALFREDO	Os Domínios da Aprendizagem de Docentes Mulheres na Universidade Federal da Paraíba
HS1031	MARIA DE FATIMA VELOSO DE MEDEIROS	Implicações do Programa a Trama das Emoções na Atenção Plena Engajamento e Bem-Estar
HS0235	PATRICIO DA SILVA FONTES	Avaliação comparativa entre fatores de trabalhabilidade e a capacidade para o trabalho de trabalhadores em idade ativa de trabalho através do WAI.
HS1059	IVONALDO VINICIUS DE MELO FERREIRA	Implicações do Programa a Trama das Emoções no Desenvolvimento de Competências Socioemocionais
HS0183	RIZIA KELLY RAMOS DE SALES	NÍVEIS DE CONCEPÇÃO MULTIDIMENSIONAL DA SUSTENTABILIDADE (CMS) DE ESTUDANTES EM INSTITUIÇÕES PÚBLICAS DE ENSINO SUPERIOR PESSOENSE
HS1032	JOAN VITOR DELFINO MEDEIROS	Levantamento e análise de indicadores de qualidade da educação básica
HS1131	ANA MARCIA BARBOSA FERNANDES ROLIM	Implicações do Programa a Trama das Emoções no Autoconhecimento
HS0266	GILVAN JOSE DOS SANTOS JUNIOR	NÍVEIS DE CONCEPÇÃO MULTIDIMENSIONAL DA SUSTENTABILIDADE (CMS) DE ESTUDANTES EM INSTITUIÇÕES PRIVADAS DE ENSINO SUPERIOR PESSOENSE
HS0026	ANA KARENINA DANTAS SILVESTRE LEAL	Relações de Trabalho e de Gênero em Carreiras Docentes Femininas: Um estudo na Universidade Federal da Paraíba
HS0903	SAMUEL MARINHO DE ALBUQUERQUE	Análise do efeito covid-19 sobre o retorno mercado acionário brasileiro
HS1066	RAYSSA LAIZE CEZAR LEONCIO	O uso de metodologias ativas de aprendizagem no ensino remoto nos cursos de Administração
OU0412	TALYTA RAFFAELA BARBOSA DE MEDEIROS	O reconhecimento do protagonismo e liderança das mulheres no ambiente de comunidades em situação de vulnerabilidade durante a pandemia de Covid 19
HS0162	WERLLESON WILLER MOURA SILVA	Utilizar o problema de transporte como solução para determinar o menor custo ou o maior lucro nas operações.
HS0297	DEBORA RAQUEL FERREIRA DA SILVA GOMES	Entendendo o impacto do desenho do trabalho sobre as pessoas e organizações através da aplicação da ferramenta WDQ associada aos fatores de trabalhabilidade segundo os servidores da UFPB.
HS1215	AMANDA VIRGINIA DE LEMOS MADEIRO	COMO DIMINUIR ESSA DOR NO PEITO? O TRATAMENTO DO CÂNCER DE MAMA EM HOSPITAIS PÚBLICOS PELA PERSPECTIVA DA PESQUISA TRANSFORMATIVA DO SERVIÇO
HS0032	AMENA RUTE ALMEIDA CAVALCANTE	Representação das Inteligências Acadêmicas Múltiplas em Ciência da Informação no Brasil: uma análise integrativa a partir dos docentes vinculados a Programas de Pós-graduação da Região Sul e Sudeste
HS0010	ANA CARLA AMARAL ALVES	ANÁLISE DA PRODUÇÃO CIENTÍFICA SOBRE COVID-19 EM FONTES DE INFORMAÇÃO INDÍGENA DISPONÍVEIS NO PORTAL DE PERIÓDICOS DA CAPES
HS0598	FEBRANIA FERNANDES VIEIRA BRAGA	Proposta de reconfiguração das abordagens disciplinares inovadoras em Gestão da Informação e do Conhecimento aos Programas de Pós-Graduação em Ciência da Informação no Brasil
HS0626	APOLONIO GRACIANO DA SILVA NETO	Representação das Inteligências Acadêmicas Múltiplas em Ciência da Informação no Brasil: uma análise integrativa a partir dos docentes vinculados aos Programas de Pós-graduação da Região Norte Nordeste e Centro-oeste
HS0245	VANESSA NUNES CARDOSO	Mediação da Informação no Instagram AcolherGênero
HS0232	ARYELLE DE OLIVEIRA TEODOSIO	POR ENTRE O SABER QUE EXISTE O CONHECIMENTO E O FREQUENTAR MUSEUS E INSTITUIÇÕES CULTURAIS
HS0552	GISLAYNE PEREZ THEODORO	Patrimônio Cultural da Ciência e Tecnologia no Campus I da UFPB: registros memoriais
HS0212	MARIA EDUARDA DOS SANTOS SILVA	WEBSITES  ENTRE O NACIONAL E O LOCAL: as pesquisas em Arquivologia como coadjuvantes para o avanço a área no Brasil.
HS0128	JORGE CLEITON FERREIRA DA SILVA	O Produtivismo acadêmico e seu impacto na atividade dos doutorandos dos Programas de Pós-Graduação em Ciência da Informação das Regiões Norte Nordeste e Centro-Oeste do Brasil
HS0732	REBECA KLYWIANN MULATINHO CARDONE	O PROTAGONISMO SOCIAL DAS MULHERES NO ENSINO DE BIBLIOTECONOMIA NA REGIÃO SUDESTE DO BRASIL
HS1164	MARIA EDUARDA DANTAS HARDMAN URTIGA	Recuperação de conteúdos temáticos de folhetos de cordel no sítio Memórias da Poesia Popular
HS1144	REBEKA ROSANA DA SILVA SANTANA	Concentração e especialização da indústria de transformação e extrativa na região Centro-Oeste e em suas microrregiões no período de 1994-2019.
HS0277	ALANA SATO	Análise da conjuntura do mercado de trabalho do Nordeste e da Paraíba
HS0278	PABLO RODRIGUES DE CASTRO	Análise da conjuntura do mercado de trabalho brasileiro
HS1266	JOSE GULHERME DE LIMA ANDRADE	Comércio intraindustria e o mercado de trabalho brasileiro
ET0072	GUSTAVO HENRIQUE MAIA DIAS	Implementando um processo de testes de software ágeis para projetos acadêmicos e times remotos
HS1274	EDSON FIRMINO DA SILVA FILHO	Valoração da Bacia do Rio Gramame
HS0380	GABRIEL SOUZA DE LIRA	Pagamento por Serviços Ambientais (PSA): Uma Proposta para Bacia Hidrográfica do Rio Gramame.
HS0342	RAFAEL MACEDO DE LIMA	ESTUDO DE MODELOS PREDITIVOS PARA GERAÇÃO DE INFORMAÇÕES GERENCIAIS PARA EMPRESAS PATROCINADORAS DE ENTIDADES FECHADAS DE PREVIDÊNCIA COMPLEMENTAR
HS0834	MARIA ISAURA DA COSTA NETA	Análise dos efeitos da crise causada pela Covid-19 na Book-Tax Difference (BTD) de empresas brasileiras
HS0330	ADRIELLE MARCELINO MACEDO	FINANÇAS COMPORTAMENTAIS E A RELAÇÃO ENTRE O VOLUME DE BUSCA NA INTERNET E O EFEITO MANADA EM TEMPOS DE CRISE
HS1170	KATIA KARINA MEDEIROS LISBOA	MAPEAMENTO DAS ESTRATÉGIAS FINANCEIRAS EM PEQUENOS NEGÓCIOS
HS1119	FABIO MEDEIROS RODRIGUES	Impacto da Estrutura de Propriedade e Controle do Conselho de Administração e da Remuneração Executiva sobre o Desempenho das Empresas Listadas na B3
HS0815	JESSICA MICHELLY SOUZA DE AZEVEDO	Indicadores-chave dos relacionamentos com clientes das Operadoras Privadas de Planos Odontológicos na Gestão da Crise da Pandemia do Covid-19.
HS0329	DANILO AMORIM DE SA	Pirâmides financeiras e vieses comportamentais dos investidores: Uma Revisão Sistemática da Literatura (RSL)
HS0915	IANNESKA BARRETO DE LIMA	ESTUDO SOBRE OS REFLEXOS DAS DECISÕES GERENCIAIS NA CONDIÇÃO FINANCEIRA E  ATUARIAL DOS REGIMES PRÓPRIOS DE PREVIDÊNCIA SOCIAL.
HS0918	RAYANE BEZERRA DA SILVA	ANÁLISE QUALITATIVA DO REFLEXO DAS DECISÕES GERENCIAIS NA CONDIÇÃO FINANCEIRA E  ATUARIAL DOS REGIMES PRÓPRIOS DE PREVIDÊNCIA SOCIAL.
HS1282	BRUNO DE BRITO CASTRO	O sentimento das empresas de capital aberto do Brasil sobre COVID-19 declarados em earnings releases
HS0443	LAIS DA CUNHA FALCAO	Uso de governo eletrônico por idosos: perfil e desafios no contexto brasileiro
HS0464	ANA ANDREASI FORTI E SILVA	Objetivos do Desenvolvimento Sustentável e a Paz no Brasil: os desafios apresentados pela violência do Estado
HS0890	LETICIA BURITI DE ARAUJO FERNANDES	Capacidades de Antiacesso e Negação de Área da Marinha do Brasil
HS1148	MARIA CECILIA NERES FERNANDES	Os Tigres do Sudeste Asiático: o processo de industrialização das maiores economias da ASEAN nos anos de 1990 a 2015
HS0456	MARIA EDUARDA BORGES BARBOSA	Capacidades de Antiacesso e Negação de Área do Exército Brasileiro
HS0679	CINTHYA ARAUJO GOMES	Capacidades de Antiacesso e Negação de Área da Força Aérea Brasileira
HS0042	HANNA CRUZ DE AZEVEDO MAIA	O Processo Decisório do ONU Mulheres: atores regras e projetos
HS0743	JADE ABREU DE FREITAS	Os atores não-estatais na governança ambiental marinha global: o estado da arte
HS0725	AGNES MARIA FREITAS AMARAL	Os atores não-estatais na governança ambiental marinha global: uma análise comparada
HS0974	RAQUEL GONCALVES DANTAS	Governança da Cadeia Agroextrativista de Valor Global do Açaí na Amazônia Setentrional.
HS0799	ARETHA FAUSTINO DE ARAUJO	Juventude e Construção da Paz no Brasil: uma revisão sistemática da literatura
HS0744	ANA CLARA BRASILEIRO RODRIGUES	A agenda feminista nos Objetivos de Desenvolvimento do Milênio e nos Objetivos de Desenvolvimento Sustentável
HS0701	ROMBERG DE SA GONDIM	COLETA E ANÁLISE DE DADOS SOBRE DIFUSÃO E APROPRIAÇÃO DA AGENDA 2030 NO NORDESTE BRASILEIRO
HS1068	FELIPE RODRIGUES ALVES	A inserção das maiores economias latino-americanas nas cadeias globais de valor: o processo de industrialização entre os anos de 1990 e 2015
HS1112	RAYNNARA LAURENTINO RODRIGUES	O Indicador de Integração dos Setores Exportadores com a Economia Local: os graus de enclave da AL e da ASEAN entre 1995 a 2018
HS0888	SARAH GABRIELLE LOPES CONSERVA	Uma volta ao mundo da Política Exterior do Brasil em 10 PEBCASTS - A PEB do final da II Grande Guerra aos dias atuais.
HS0057	GUSTAVO SOARES FELIX LIMA	Propriedade intelectual saúde global e desenvolvimento humano
HS0344	KENJI ARANHA SATO	MODELAGEM E PROTOTIPAÇÃO DE ARQUITETURA CONCEITUAL DE SISTEMA PARA ANÁLISE DE ATOS INTERNACIONAIS EM SEGURANÇA ENERGÉTICA
HS0135	WAGNER LEITE DOS SANTOS	Apontamentos sobre o Curriculo: considerações sobre o racismo no processo de formação em dança
HS1024	JESSICA JESSE FELIX SEVERO	Por uma educação antirracista em dança: dança genocídio e aquilombamento
HS1166	HUGO FELIX DA SILVA	Valores e fundamentos das cosmovisões africanas para fins educacionais e de pesquisa no campo da dança
HS0185	RAYRANE MELYSSA LIMA ARAGAO	Frequências somáticas: aberturas do corpo ao tempo espiralar.
HS0393	JAMYSSON IAN LIMA SOUZA	Composição em dança a partir da observação dos grupos que protestam nos espaços públicos e suas conexões involuntárias.
HS0841	THIAGO FERREIRA REIMBERG PINTO	Vivo ou morto: considerações sobre o ensino de teatro como projeto genocida
HS0740	LUCAS LOBIANCO AZARIAS	BIENAIS DE ARTES VISUAIS NO NORDESTE BRASILEIRO - O IMPACTO DA PANDEMIA DO COVID-19
HS0193	VICTOR HUGO BORBA DA SILVA	ACERVOS DE ARTES VISUAIS NO NORDESTE BRASILEIRO - O IMPACTO DA PANDEMIA DO COVID-19
HS0093	MARCOS ANTONIO FERNANDES VELOSO	Processos de construção do som no cinema e seus potenciais para propiciar a acessibilidade da imagem na audiodescrição
HS0068	SAMUEL MARINHO RODRIGUES DE PONTES	Os gêneros cinematográficos e seus impactos no processo de audiodescrição
HS0067	THIAGO PONTES VIRGINIO	Roteiros cinematográficos e seu potencial de interface com roteiros de audiodescrição
HS0069	MARIA LUIZA RAMOS	Relações familiares e amorosas no filme A vida invisível de Karim Ainouz
HS0445	DANILO DOS SANTOS ARAUJO	Comunicação e Saúde no Cárcere: temas linguagens e instrumentos adequados às demandas de mulheres encarceradas em situação de Pandemia
HS1298	CAIO RIBEIRO LEITE GUILHERME	Convergências midiáticas em cenário local
HS1296	MYLLENA HELLEN SILVA DA COSTA	Mapa de Mídia: agentes produtores e convergências na Região Metropolitana de João Pessoa.
HS0866	JOSE RODRIGO CAVALCANTI DE MENEZES	Restrições à comunicação e à ressocialização no Sistema Carcerário durante a Pandemia de Covid-19 no Nordeste brasileiro
HS0444	GIOVANNA VITORIA DE ARAUJO ALVES	Vivências de mulheres privadas de liberdade no Presídio Maria Júlia Maranhão durante a Pandemia de Covid-19
HS0143	MARIVONE DOS SANTOS SANTANA	O que quero com a música?: adultos com outras ocupações profissionais que buscam aulas de sanfona
HS0651	JOAO VITOR NOBREGA VIEIRA	Timbres das festas e danças de herança africana
HS0227	LIVIA FIGUEIREDO DE ALENCAR E SILVA	Acervo digital José Siqueira: obras para piano
HS1252	ARIEL QUEIROZ ALMEIDA	Relações entre música e política no campo da educação musical brasileira
HS0180	ELEN FIRMINO DE SANTANA	Uma análise do estado da arte e circulação de conhecimento no campo do ensino e aprendizagem de instrumento musical na escola a partir dos Anais da ANPPON e ABEM dos anos de 2016 a 2021
HS0703	MATTEWS ASAPH DOMINGUES SOL SOL	Timbres das festas e danças de herança lusitana
HS1251	KATILLY JOYCE PAULINO DE MEDEIROS	Relações entre música e política no campo da etnomusicologia brasileira
HS0976	LUIZ MANOEL PEREIRA FILHO	Covid-19 na imprensa: um olhar sobre as fontes de informação na noticiabilidade sobre a pandemia.
HS0261	ESDRAS ALVES DE OLIVEIRA	Práticas discursivas de segurança na regulação do distanciamento e isolamento sociais em portais de noticias paraibanos
HS1205	LEONARDO JOSE BATISTA DE ALCANTARA	A gestão da pandemia em portais de noticias:biopolitica biopoder mecanismos de segurança
HS0714	CRISLAINE DA COSTA HONORIO	Estratégias de enfrentamento à fake news em tempos de Covid-19 adotadas pela Fundação Oswaldo Cruz e Secretaria Estadual de Saúde da Paraíba
HS1121	EVA MARIA DE PONTES LIMA TAVARES DE FARIAS	Coleta e Construção do Banco de Dados para análise do impacto das estratégias na performance musical dos participantes do Projeto de Aperfeiçoamento e Capacitação em Performance Musical
HS1007	LIDIANA DE CASTRO LIMA BANDEIRA	COMENTÁRIOS GERADOS PELOS USUÁRIOS SOBRE MEIOS DE HOSPEDAGEM DE JOÃO PESSOA - PB: DESVENDANDO A EXPERIÊNCIA DOS HÓSPEDES EM TEMPOS DE PANDEMIA
HS1056	RACHEL SILVA FROTA	UMA ANÁLISE COMPARATIVA DOS INDICADORES DE DESEMPENHO UTILIZADOS PELAS EMPRESAS HOTELEIRAS DAS CIDADES DE JOÃO PESSOA/PB E DE VILA REAL/PT NA PERSPECTIVA DO BALANCED SCORECARD
HS0928	GREYCE KETHLLE SILVA SOUSA	Sistemas de informação e qualificação no turismo da região turística Rota Sanhauá-PB
HS0916	MARIA CLARA VIRGINIO ARARUNA FORMIGA	Condições de acessibilidade para turistas idosos em restaurantes localizados na orla de João Pessoa-PB
HS0979	GIRLENE FLORENCIO DE SOUZA	Planejamento do desenvolvimento regional e integração da região turística Rota Sanhauá-PB
HS1286	RAQUEL ALVES DOS SANTOS	Turismo de Base Comunitária (TBC) e Empreendedorismo Feminino: a importância da mulher para o desenvolvimento turístico na comunidade rural de Chã de Jardim município de Areia (PB).
HS1005	MARIANNA DE BRITO TRANIN DE MAGALHAES	O Turismo de Base Comunitária e sua repercussão na produção do espaço litorâneo nos estados de Sergipe e Bahia
HS0028	KAIQUE APARECIDO GONCALVES E SILVA	O SAGRADO EM CLARICE LISPECTOR À PROCURA DA COISA
HS1036	TULIO DA SILVA MARQUES	A FORMAÇÃO DE EDUCADORES DE ACORDO COM A POLÍTICA DE EDUCAÇÃO DO CAMPO
HS1060	GIVANILTON DE ARAÚJO BARBOSA	CONCEPÇÃO DE FORMAÇÃO DE EDUCADORES DA EDUCAÇÃO DO CAMPO
HS0618	MARIA JOSE SANTOS DA COSTA	ESTUDO DO RESPEITO ENTRE AS INTERAÇÕES ENTRE EDUCANDOS: BASE PARA O RESPEITO MÚTUO?
HS1027	DENISE D'ARC DOS SANTOS REIS	ATIVIDADES EM GRUPO EM TURMAS MULTISSERIADAS: ESTUDO DA INTERAÇÃO PROFESSOR-EDUCANDOS
HS1079	MYLENA COSTA DA SILVA	ANÁLISE DOS ITENS DE CONHECIMENTO ESPECÍFICO DAS PROVAS DO ENADE DE LICENCIATURA:  a contextualização como perspectiva
HS0041	EMMILY DAIANE DA SILVA	ENTRE DOCUMENTOS ICONOGRAFIAS E AS LIÇÕES DE UMA CARTILHA PARA ALFABETIZAÇÃO DE JOVENS E ADULTOS (MEB 1961  1963): MEMÓRIAS E REPRESENTAÇÕES
HS0055	FRANCULINA LIRA MATIAS	Ensino secundário na Paraíba: concessão de auxílio e subvenção aos estabelecimentos de ensino particulares (1961-1971)
HS1083	JAKELINE FLORENCIO DA SILVA	ANÁLISE DOS ITENS DE CONHECIMENTO GERAL DAS PROVAS DO ENADE DE LICENCIATURA:  a contextualização como perspectiva
HS0064	THAIS GABRIELLE DE AGUIAR MENDES PRAZIM	Processo formativo do professor secundário a emergência dos espaços de sociabilidades (1846-1864)
HS0192	RHAFAELA CASTELO BRANCO CIRILO CARVALHO	Intelectuais ideias e sujeitos: Um esboço do itinerário intelectual de Carrington da Costa e a Escola Nova
HS0076	VANESSA COSTA SILVA	O ofício de professor no Lyceu Parahybano por entre regulações e regramentos (1846-1864)
HS0034	MICHELE DA SILVA ANDRADE	A LEI 10.639/03 E A FORMAÇÃO DE PROFESSORES/AS PARA EDUCAÇÃO BÁSICA: A EDUCAÇÃO PARA AS RELAÇÕES ÉTNICO-RACIAIS UMA ESCOLA DA REDE MUNICIPAL DE ENSINO DE JOÃO PESSOA
HS1075	MARIA CLARA SENA DA SILVA	PAISAGENS DO HORROR EM REALENGO: INVESTIGANDO RELAÇÕES ENTRE DISCURSOS SOBRE UMA ESCOLA CARIOCA E O MASSACRE NELA OCORRIDO EM 2011
HS1095	VITAL FABRICIO DO NASCIMENTO	PAISAGENS DO HORROR EM SUZANO: INVESTIGANDO RELAÇÕES ENTRE DISCURSOS SOBRE UMA ESCOLA PAULISTA E O MASSACRE NELA OCORRIDO EM 2019
HS1129	RENATA HELLENA MIRANDA FREIRE DE LIMA	INVESTIGAÇÃO SOBRE A CONCEPÇÃO DO PROFESSOR DE BIOLOGIA ACERCA DA RELAÇÃO TEORIA E PRÁTICA NA REDE PÚBLICA DA PARAÍBA
HS0672	MARCOS ANTONIO BEZERRA DA SILVA JUNIOR	APLICAÇÃO DO MODELO DESENVOLVIDO PARA O SISTEMA DE ALERTA NO CENTRO DE EDUCAÇÃO DA UNIVERSIDADE FEDERAL DA PARAÍBA
HS0683	JOSE LUCAS BATISTA DOS SANTOS	DESENVOLVIMENTO DE UMA PÁGINA WEB PARA APRESENTAÇÃO DE DADOS DO SISTEMA DE ALERTA DO CENTRO DE EDUCAÇÃO
HS1135	LEONICE JUVENCIO DOS SANTOS	INVESTIGAÇÃO SOBRE A RELAÇÃO TEORIA E PRÁTICA NOS DOCUMENTOS OFICIAIS E NOS MATERIAIS DIDÁTICOS QUE ORIENTAM O FAZER DOCENTE DO PROFISSIONAL DE BIOLOGIA NA REDE PÚBLICA DA PARAÍBA
HS0151	EDUARDO DE SOUZA LIMA	Saúde pela Educação: Médicos e Educação Escolar na Província da Paraíba
HS0237	MARIA DAS VICTORIAS FELINTO DOS SANTOS	Comunicação suplementar e alternativa para o processo de ensino-aprendizagem na Educação Infantil
HS1306	WILLIAM FERREIRA DA SILVA	O cinema como recurso auxiliar do ensino escolar na educação infantil: uma análise arqueológica da Revista Cinearte
HS1314	HERLLA PALMEIRA MELQUIADES LOUVEM	Escutando a comunidade cigana de Sousa valorizando a escolarização.
HS1038	LUCAS GABRIEL CHAVES GONCALVES	Estudo acerca da evasão e permanência no curso de Licenciatura em Pedagogia com Área de Aprofundamento em Educação do Campo/CE UFPB - Campus I - 2018 a 2021: percepção dos professores e estudantes.
HS1087	CRISTIANE CARDOSO DIAS	Estudo das Políticas Educacionais para a Educação das Relações Étnico-raciais da Documentação Científica do PPGE/UFPB (2009-2014) e desenvolvimento de materiais pedagógicos para a Educação Superior
HS0513	LILYA RAQUEL MARINHO E SILVA	INCLUSÃO E ACESSIBILIDADE NA UNIVERSIDADE FEDERAL DA PARAÍBA: olhares de alunos apoiadores e estudantes com deficiência
HS0054	SABRINA BEZERRA LEAL	O enunciado da gestão educacional na ordem do discurso político-pedagógico: análise dos documentos jurídicos
HS0363	LUANA VIEIRA BATISTA	Representações sociais de alunas e alunos de Pedagogia sobre homens na Pedagogia
HS0140	ANDREIA CAROLINA DE OLIVEIRA SERAFIM	Homens na Pedagogia: motivações e perspectivas de inserção profissional
HS1302	JADE RODRIGUES DO AMARAL	Letrados negros na Parahyba do Norte nas últimas décadas do século XIX e início do XX - Ricardo Rocha e José Manuel dos Anjos
HS0349	CRISTIANO SEVERINO DE OLIVEIRA FILHO	Mapeamento da produção acadêmica regional em pesquisas (auto)biográficas de docentes de Geografia
HS0442	PALOMA EMANUELE DA COSTA NASCIMENTO FERNANDES	Pesquisas sobre o curso de Pedagogia em produções acadêmicas de graduação e pós-graduação no CE-UFPB
HS0094	LEONARDO FERREIRA DA SILVA	Mapeamento da produção acadêmica regional em pesquisas (auto)biográficas de docentes de Biologia
HS0776	LIDIANE MARIA DOS SANTOS FARIAS	ESTADO DA ARTE DA PRODUÇÃO SOBRE INTELECTUAIS NEGROS/AS
HS1294	CLEBSON MATEUS DE LACERDA	Como vive um/a professor/a primário/a. Sobrevivências e subsistências. Província da Parahyba do Norte. 1866- 1870
HS0987	LIDIANE DA SILVA	As políticas do ensino superior do governo Bolsonaro: feições e contradições;
HS0492	JÉSSICA SANTANA DOS SANTOS	Ensino por investigação e pesquisa na Educação em Saúde  elaboração de sequências ou atividades de ensino
HS1199	ELOISA MONTEIRO DOS SANTOS	A MALACOLOGIA NO BRASIL: ANÁLISE DE CONTEÚDO DAS PESQUISAS REALIZADAS E PUBLICADOS NOS ANAIS DO EBRAM (1999  2019)
HS1133	MARIA CAROLINA GOMES MONTEIRO	A FORMAÇÃO DE PROFESSORES DE GEOGRAFIA NA UEPB: MUDANÇAS E DESAFIOS DA NOVA REFORMA CURRICULAR
HS1004	RITA DE CASSIA SANTOS DE LIRA	A FORMAÇÃO DE PROFESSORES DE GEOGRAFIA NA UFPB E UFCG: MUDANÇAS E DESAFIOS DA NOVA REFORMA CURRICULAR
HS0200	YANE KETHLLE DOS SANTOS FIDELIS	As fontes documentais locais como contribuições para educação do campo e da cidade.
HS0004	MARIA DE DEUS DOS SANTOS FREIRE	A circulação de livros de instrução e educação nos jornais da Paraíba no Século XIX - parte III
HS1255	LAYSLA DA SILVA XAVIER	ANÁLISE DAS TEMÁTICAS AMBIENTAIS NOS LIVROS DIDÁTICOS DE CIÊNCIAS (6º ao 9º ano) APROVADOS PELO PNLD 2020
HS1130	JOAO VICTOR RAMOS XAVIER	EXPERIÊNCIAS EM EDUCAÇÃO POPULAR NA PARAÍBA ANALISADAS  NO PROGRAMA DE PÓS-GRADUAÇÃO EM EDUCAÇÃO (PPGE) DA UNIVERSIDADE FEDERAL DA PARAÍBA NA DÉCADA DE 1990
HS1197	RAIANA CAROL ROSAS MARTINS	O JORNAL A UNIÃO COMO FONTE HISTÓRICA EDUCACIONAL
HS0224	MARIA GABRIELA VICENTE SOARES	Agressão e Autismo: análise de posts do Instagram de autistas jovens e adultos
HS0571	KETHELYN LAY BASILIO NUNES DE BRITO	Análise de conteúdo sobre autismo em posts do Instagram de autistas jovens e adultos
HS0519	MICKAELLE FERNANDES CORDEIRO	Empatia e Autismo: análise de posts do Instagram de autistas jovens e adultos
HS0949	BIANCA KARINE COELHO FORMIGA	APRENDIZAGEM NA VELHICE SOB A ÓPTICA DAS CIÊNCIAS  UMA REVISÃO SISTEMÁTICA A LITERATURA
HS0051	VITORIA BEZERRA COELHO SANTOS	Evidências de validade de critério para uma bateria de avaliação das funções executivas
HS0037	MARIA EDUARDA DENOBILE TORRES	Bateria de avaliação das funções executivas  versão infantil (BAFE-INF): análise dos critérios de parada quantidade de itens e tempo médio de execução
HS0065	LAYSE PEREIRA DA COSTA	Evidências psicométricas da Bateria de Avaliação das Funções Executivas  versão infantil (BAFE-INF)
