ALUNO	ORIENTADOR	GRANDE_AREA	AREA	SUB_AREA	ESPECIALIDADE
JOAO ALFREDO MONTE MELO DE BARROS	ISAAC NEWTON GUIMARAES ANDRADE	Ciências da Saúde	Medicina	Clínica Médica	Cardiologia
MARIA HELENA ALVES DA SILVA	AGANEIDE CASTILHO PALITOT	Ciências da Saúde	Medicina	Clínica Médica	Oftalmologia
GABRIEL ANGELO FERREIRA NORAT	CARLOS ROBERTO CARVALHO LEITE	Ciências da Saúde	Medicina	Cirurgia	Cirurgia Gastroenterologia
AXEL RAVANELLO	CARLOS ROBERTO CARVALHO LEITE	Ciências da Saúde	Medicina	Cirurgia	Cirurgia Gastroenterologia
DANIELLY LEITE VIDAL	CARLOS ROBERTO CARVALHO LEITE	Ciências da Saúde	Medicina	Cirurgia	Cirurgia Gastroenterologia
RAYANE STEFFANY NUNES	AGANEIDE CASTILHO PALITOT	Ciências da Saúde	Medicina	Clínica Médica	Oftalmologia
ANDREZA KETTLYN SALES DE ARAUJO	AGANEIDE CASTILHO PALITOT	Ciências da Saúde	Medicina	Clínica Médica	Oftalmologia
ITALO DE MELO CAMARA	AGANEIDE CASTILHO PALITOT	Ciências da Saúde	Medicina	Cirurgia	Cirurgia Oftalmológica
MATEUS BRITO TAVARES	AGANEIDE CASTILHO PALITOT	Ciências da Saúde	Medicina	Cirurgia	Cirurgia Oftalmológica
MARCILIO FERREIRA DE PAIVA FILHO	JANA LUIZA TOSCANO MENDES DE OLIVEIRA	Ciências da Saúde	Medicina	Clínica Médica	Oftalmologia
WANESSA ALVES DE CARVALHO	CRISTIANA MARQUES DE ARAUJO	Ciências da Saúde	Medicina	Clínica Médica	Cardiologia
LORENNA GOUVEIA LOPES	RILVA LOPES DE SOUSA MUNOZ	Ciências da Saúde	Saúde Coletiva	Saúde Pública	nan
RAMON GONCALVES BRAZ	RILVA LOPES DE SOUSA MUNOZ	Ciências da Saúde	Saúde Coletiva	Saúde Pública	nan
IASMIN NUNES DUARTE	RILVA LOPES DE SOUSA MUNOZ	Ciências da Saúde	Saúde Coletiva	Saúde Pública	nan
MARIO CESAR PEREIRA DE AQUINO	RILVA LOPES DE SOUSA MUNOZ	Ciências da Saúde	Saúde Coletiva	Saúde Pública	nan
GABRIELA DE ALCANTARA FONSECA	EUTILIA ANDRADE MEDEIROS FREIRE	Ciências da Saúde	Medicina	Clínica Médica	nan
DIOGO DE AZEVEDO RESENDE DE ALBUQUERQUE	MARCELO DANTAS TAVARES DE MELO	Ciências da Saúde	Medicina	Clínica Médica	Pneumologia
ANDRESSA ALVES DE CARVALHO	CRISTIANA MARQUES DE ARAUJO	Ciências da Saúde	Medicina	Clínica Médica	Cardiologia
LEONARDO ROSA SANTOS	MAURUS MARQUES DE ALMEIDA HOLANDA	Ciências da Saúde	Medicina	Clínica Médica	Neurologia
PATRICIA OLIVEIRA LIMA DE MACEDO	EUTILIA ANDRADE MEDEIROS FREIRE	Ciências da Saúde	Medicina	Clínica Médica	nan
DAVI COUTINHO MARCELINO GUERRA LEONE	MARCELO DANTAS TAVARES DE MELO	Ciências da Saúde	Medicina	Clínica Médica	Pneumologia
KAMILLA AZEVEDO BRINGEL	MARCELO DANTAS TAVARES DE MELO	Ciências da Saúde	Medicina	Clínica Médica	Pneumologia
DANYELLE SOARES GOUVEIA DA SILVA	GILKA PAIVA OLIVEIRA COSTA	Ciências da Saúde	Medicina	Saúde Materno-Infantil	nan
LETICIA REZENDE LIMA	MONICA SOUZA DE MIRANDA HENRIQUES	Ciências da Saúde	Medicina	Clínica Médica	Gastroenterologia
HERISSON RODRIGUES DE OLIVEIRA	MAURUS MARQUES DE ALMEIDA HOLANDA	Ciências da Saúde	Medicina	Cirurgia	Neurocirurgia
ERICH BARBOSA ALBUQUERQUE SALES	ESTACIO AMARO DA SILVA JUNIOR	Ciências da Saúde	Medicina	Psiquiatria	nan
RENATA BARBOSA DE ANDRADE	ESTACIO AMARO DA SILVA JUNIOR	Ciências da Saúde	Medicina	Psiquiatria	nan
LAURA LISSA SOARES MEIRELLES	ESTACIO AMARO DA SILVA JUNIOR	Ciências da Saúde	Medicina	Psiquiatria	nan
FABIO ANTONIO SERRA DE LIMA JUNIOR	ANDRE TELIS DE VILELA ARAUJO	Ciências da Saúde	Medicina	Cirurgia	Cirurgia Cardiovascular
RENAN FURTADO DE ALMEIDA MENDES	ANDRE TELIS DE VILELA ARAUJO	Ciências da Saúde	Medicina	Cirurgia	Cirurgia Cardiovascular
VITORIA MONTENEGRO SILVA	CRISTINA WIDE PISSETTI	Ciências da Saúde	Medicina	Saúde Materno-Infantil	nan
PAULO GARCIA NORMANDO	EDUARDO SERGIO SOARES SOUSA	Ciências da Saúde	Saúde Coletiva	Saúde Pública	nan
RODRIGO ELTON FERREIRA RODRIGUES	EDUARDO SERGIO SOARES SOUSA	Ciências da Saúde	Saúde Coletiva	Saúde Pública	nan
RUAN LUCAS MARINHO DE OLIVEIRA	EDUARDO SERGIO SOARES SOUSA	Ciências da Saúde	Saúde Coletiva	Saúde Pública	nan
AYLA NOBREGA ANDRE	SABINA BASTOS MAIA	Ciências da Saúde	Medicina	Saúde Materno-Infantil	nan
VICTORIA RACHEL SILVA DE SALES	SABINA BASTOS MAIA	Ciências da Saúde	Medicina	Saúde Materno-Infantil	nan
VICTOR BARBOSA ASSIS	CRISTINA WIDE PISSETTI	Ciências da Saúde	Medicina	Saúde Materno-Infantil	nan
RAYANNE TROCOLI CARVALHO	AURELIANA BARBOZA DA SILVA	Ciências da Saúde	Medicina	Saúde Materno-Infantil	nan
LARISSA MANUELA VIEIRA ROQUE	AURELIANA BARBOZA DA SILVA	Ciências da Saúde	Medicina	Saúde Materno-Infantil	nan
AMANDA DE ASSUNCAO SANTIAGO FERNANDES	CRISTINA WIDE PISSETTI	Ciências da Saúde	Medicina	Saúde Materno-Infantil	nan
CLARISSA GIOVANA LUNA DE OLIVEIRA	MARILIA DENISE DE SARAIVA BARBOSA	Ciências da Saúde	Medicina	Saúde Materno-Infantil	nan
LEONARDO TORREAO BEZERRA CAVALCANTI	ERNANI VIEIRA DE VASCONCELOS FILHO	Ciências da Saúde	Medicina	Psiquiatria	nan
GLAUDIR DONATO PINTO JUNIOR	ERNANI VIEIRA DE VASCONCELOS FILHO	Ciências da Saúde	Medicina	Psiquiatria	nan
MARIA PAULA VINAGRE DIAS	ERNANI VIEIRA DE VASCONCELOS FILHO	Ciências da Saúde	Medicina	Psiquiatria	nan
DAIANA DE PAIVA GOMES	DANIELLA DE SOUZA BARBOSA	Ciências da Saúde	Saúde Coletiva	Saúde Pública	nan
SARA REBECA DA SILVA OLIVEIRA	PEDRO JOSÉ SANTOS CARNEIRO CRUZ	Ciências da Saúde	Saúde Coletiva	Saúde Pública	nan
LUCAS COSTA NUNES	GABRIELLA BARRETO SOARES	Ciências da Saúde	Saúde Coletiva	Saúde Pública	nan
CONCEICAO APARECIDA DE SOUSA FORMIGA	GABRIELLA BARRETO SOARES	Ciências da Saúde	Saúde Coletiva	Saúde Pública	nan
JOSE VITOR ALECIO RODRIGUES	ERNANI VIEIRA DE VASCONCELOS FILHO	Ciências da Saúde	Medicina	Clínica Médica	Neurologia
JOAO VICTOR BEZERRA RAMOS	JULIANA SOUSA SOARES DE ARAUJO	Ciências da Saúde	Medicina	Saúde Materno-Infantil	nan
RAQUEL VELOSO DO NASCIMENTO	DANIELLA DE SOUZA BARBOSA	Ciências da Saúde	Saúde Coletiva	Saúde Pública	nan
YASMIN MARIA SATIRO CRUZ TAVARES	DANIELLA DE SOUZA BARBOSA	Ciências da Saúde	Saúde Coletiva	Saúde Pública	nan
LETICIA MARANHAO DA SILVA ARAGAO	DANIELLA DE SOUZA BARBOSA	Ciências da Saúde	Saúde Coletiva	Saúde Pública	nan
ANDRE PONTES LEITAO	ALEXANDRE JOSE DE MELO NETO	Ciências da Saúde	Saúde Coletiva	Epidemiologia	nan
JOAO GUSTAVO XAVIER DE QUEIROZ	ANDRE PETRAGLIA SASSI	Ciências da Saúde	Saúde Coletiva	Saúde Pública	nan
DANIELLE MORAIS ROSOLEM	ANDRE PETRAGLIA SASSI	Ciências da Saúde	Saúde Coletiva	Saúde Pública	nan
LAURA COURA NARDY	RICARDO DE SOUSA SOARES	Ciências da Saúde	Saúde Coletiva	Saúde Pública	nan
YASMIN GUIMARAES SILVA	JULIANA SAMPAIO	Ciências da Saúde	Saúde Coletiva	Saúde Pública	nan
LUAN DOMINGUES DA SILVA	JULIANA SAMPAIO	Ciências da Saúde	Saúde Coletiva	Saúde Pública	nan
MATHEUS FELIPE DE MACEDO FREIRE	JULIANA SAMPAIO	Ciências da Saúde	Saúde Coletiva	Saúde Pública	nan
BIANCA NOBREGA DE MEDEIROS BATISTA	ANDRE LUIS BONIFACIO DE CARVALHO	Ciências da Saúde	Saúde Coletiva	Saúde Pública	nan
DANILO DA SILVA FERREIRA	GABRIELLA BARRETO SOARES	Ciências da Saúde	Saúde Coletiva	Saúde Pública	nan
MATIAS AIDAN CUNHA DE SOUSA	JULIANA SAMPAIO	Ciências da Saúde	Saúde Coletiva	Medicina Preventiva	nan
RILARE SILVA VIEIRA	JULIANA SOUSA SOARES DE ARAUJO	Ciências da Saúde	Medicina	Saúde Materno-Infantil	nan
EMANUEL NASCIMENTO NUNES	ESTHER BASTOS PALITOT	Ciências da Saúde	Medicina	Clínica Médica	Dermatologia
PEDRO NASCIMENTO ARAUJO BRITO	PEDRO JOSÉ SANTOS CARNEIRO CRUZ	Ciências da Saúde	Saúde Coletiva	Saúde Pública	nan
AMANDA DATIVO SENA	RICARDO DE SOUSA SOARES	Ciências da Saúde	Saúde Coletiva	Saúde Pública	nan
WAGNER FELIX DE SOUSA	ESTHER BASTOS PALITOT	Ciências da Saúde	Medicina	Clínica Médica	Dermatologia
BEATRIZ MESQUITA GUERRA CAVALCANTE DE OLIVEIRA	ESTHER BASTOS PALITOT	Ciências da Saúde	Medicina	Clínica Médica	Dermatologia
MARIA EDUARDA SILVA DIAS	JULIANA SAMPAIO	Ciências da Saúde	Saúde Coletiva	Saúde Pública	nan
JULIA DE MELO NUNES	JULIANA SOUSA SOARES DE ARAUJO	Ciências da Saúde	Medicina	Saúde Materno-Infantil	nan
ADEGILDO ROLIM DE ABREU JUNIOR	JUAN CARLOS RAMOS GONCALVES	Ciências Biológicas	Farmacologia	Farmacologia Bioquímica e Molecular	nan
ISABELLY SOARES DE MEDEIROS HENRIQUES	SOCRATES GOLZIO DOS SANTOS	Multidisciplinar	Interdisciplinar	Saúde e Biológicas	nan
JOSE ALVES DE LIMA NETO	WALLERI CHRISTINI TORELLI REIS	Ciências da Saúde	Saúde Coletiva	Saúde Pública	nan
RAMON RAMOS MARQUES DE SOUZA	MARIANNA VIEIRA SOBRAL	Ciências da Saúde	Farmácia	Análise Toxicológica	nan
LUAN HENRIQUE VIEIRA DUARTE	SILVANA TERESA LACERDA JALES	Ciências da Saúde	Farmácia	Farmacotecnia	nan
KARINNE KELLY GADELHA MARQUES	JUAN CARLOS RAMOS GONCALVES	Ciências Biológicas	Farmacologia	Farmacologia Bioquímica e Molecular	nan
THYAGO SANTOS SOUSA	WALICYRANISON PLINIO DA SILVA ROCHA	Ciências Biológicas	Microbiologia	Biologia e Fisiologia dos Microorganismos	Micologia
EMANUELA CARLA DA SILVA LUIZ	JOSE MARIA BARBOSA FILHO	Ciências da Saúde	Farmácia	Farmacognosia	nan
JULIANA SCHOSSLER DE FRANCA	LEONIA MARIA BATISTA	Ciências da Saúde	Farmácia	Farmacognosia	nan
VINICIUS DA SILVA MARREIRO	DANIELE IDALINO JANEBRO XIMENES	Ciências da Saúde	Farmácia	Análise Toxicológica	nan
EVYLLEN MYLLENA CARDOSO SOARES	ISAC ALMEIDA DE MEDEIROS	Ciências da Saúde	Farmácia	Farmacognosia	nan
ADHONIAS CORREIA DOS SANTOS	ISAC ALMEIDA DE MEDEIROS	Ciências da Saúde	Farmácia	Farmacognosia	nan
RENATHA TUANNY NICACIO BORGES	WALLERI CHRISTINI TORELLI REIS	Ciências da Saúde	Saúde Coletiva	Saúde Pública	nan
PAULO BRUNO ARAUJO LOUREIRO	MARIANNA VIEIRA SOBRAL	Ciências da Saúde	Farmácia	Análise Toxicológica	nan
MARIANA FREIRE CAETANO DE FIGUEIREDO	ISLANIA GISELIA ALBUQUERQUE GONCALVES	Ciências Biológicas	Farmacologia	Farmacologia Cardiorenal	nan
VITORIA REGINA VENTURA NUNES	DAMIAO PERGENTINO DE SOUSA	Ciências da Saúde	Farmácia	Farmacognosia	nan
LARISSA ALVES DA SILVA	FELIPE QUEIROGA SARMENTO GUERRA	Ciências da Saúde	Farmácia	Farmacognosia	nan
MARIA BEATRIZ MENDES NUNES	MARCELO SOBRAL DA SILVA	Ciências da Saúde	Farmácia	Farmacognosia	nan
VITORIA PEREIRA ALVES	LEONIA MARIA BATISTA	Ciências da Saúde	Farmácia	Farmacognosia	nan
ANDREIA BARROS DE OLIVEIRA	FABIOLA BERNARDO CARNEIRO	Ciências da Saúde	Farmácia	Farmacotecnia	nan
CARLOS EDUARDO DA SILVA CARVALHO	GABRIEL RODRIGUES MARTINS DE FREITAS	Ciências da Saúde	Saúde Coletiva	Epidemiologia	nan
NAYARA BEATRIZ HEAAP ROCHA FERREIRA	GABRIEL RODRIGUES MARTINS DE FREITAS	Ciências da Saúde	Saúde Coletiva	Epidemiologia	nan
ROMILDO PINHEIRO DA SILVA	MARGARETH DE FATIMA FORMIGA MELO DINIZ	Ciências Biológicas	Farmacologia	Toxicologia	nan
PEDRO DOUGLAS ALVES BRAGA	MARIA DE FATIMA VANDERLEI DE SOUZA	Ciências da Saúde	Farmácia	Farmacognosia	nan
GRAZIELA MARIA DE ARAUJO PEREIRA	FRANCISCO HUMBERTO XAVIER JÚNIOR	Ciências da Saúde	Farmácia	Farmacotecnia	nan
ANA FLAVIA CHAVES UCHOA	FRANCISCO HUMBERTO XAVIER JÚNIOR	Ciências da Saúde	Farmácia	Farmacotecnia	nan
THALITA ALVES DE SOUSA	LUCIANA LUCENA ARANHA DE MACEDO	Ciências da Saúde	Farmácia	Farmacotecnia	nan
ANDREZA LIVIA GOMES FIGUEREDO	WALICYRANISON PLINIO DA SILVA ROCHA	Ciências da Saúde	Medicina	Clínica Médica	Dermatologia
DAIANY MARIA CLAUDINO FRANCELINO	BAGNOLIA ARAUJO COSTA	Ciências Biológicas	Farmacologia	Farmacologia Geral	nan
JOAO MARCOS ARAUJO DA SILVA	ELOIZA HELENA CAMPANA	Ciências Biológicas	Microbiologia	Microbiologia Aplicada	Microbiologia Médica
MAGDALENA SILVA FARIAS LEAL	ELOIZA HELENA CAMPANA	Ciências Biológicas	Microbiologia	Microbiologia Aplicada	Microbiologia Médica
BIANCA ALVES DE SOUSA	LAURO SANTOS FILHO	Ciências Biológicas	Microbiologia	Microbiologia Aplicada	Microbiologia Médica
CAMYLLA ARAUJO CORREIA	DAMIAO PERGENTINO DE SOUSA	Ciências da Saúde	Farmácia	Farmacognosia	nan
BRENA FREIRE DE OLIVEIRA CLAUDINO	BAGNOLIA ARAUJO COSTA	Ciências Biológicas	Farmacologia	Farmacologia Geral	nan
MYLLENA LUSTOSA CABRAL GOMES	ISLANIA GISELIA ALBUQUERQUE GONCALVES	Ciências Biológicas	Farmacologia	Farmacologia Cardiorenal	nan
MARIANA CAVALCANTE FONSECA	FELIPE QUEIROGA SARMENTO GUERRA	Ciências da Saúde	Farmácia	Farmacognosia	nan
ANA LUIZA DE SA TELES E LIMA	MARCELO SOBRAL DA SILVA	Ciências da Saúde	Farmácia	Farmacognosia	nan
BRUNO PEREIRA DA LUZ	WALLERI CHRISTINI TORELLI REIS	Ciências da Saúde	Saúde Coletiva	Saúde Pública	nan
GERALDO MOISES WANDERLEY AMORIM	MARIANNA VIEIRA SOBRAL	Ciências da Saúde	Farmácia	Análise Toxicológica	nan
THAIS TRAJANO LIMA	THAIS TELES DE SOUZA	Ciências da Saúde	Saúde Coletiva	Saúde Pública	nan
MARCOS RAFAEL DO NASCIMENTO ALVES	THAIS TELES DE SOUZA	Ciências da Saúde	Saúde Coletiva	Saúde Pública	nan
GUSTAVO ANDERSON GOMES PINTO	THAIS TELES DE SOUZA	Ciências da Saúde	Saúde Coletiva	Saúde Pública	nan
ADEMIR ERNESTO RODRIGUES NETO	JOCIANELLE MARIA FELIX FERNANDES NUNES	Ciências da Saúde	Odontologia	Odontologia Social e Preventiva	nan
MATHEUS SIMOES MEDEIROS	EDUARDO DIAS RIBEIRO	Ciências da Saúde	Odontologia	Cirurgia Buco-Maxilo-Facial	nan
AMANDA PEREIRA FERRAZ	LAISE NASCIMENTO CORREIA LIMA	Ciências da Saúde	Odontologia	Odontologia Social e Preventiva	nan
TIFANY SHELA ALBUQUERQUE BORBA DE ANDRADE	LAISE NASCIMENTO CORREIA LIMA	Ciências da Saúde	Odontologia	Odontologia Social e Preventiva	nan
LUCAS DAVID AMORIM STOCK	WILTON WILNEY NASCIMENTO PADILHA	Ciências da Saúde	Saúde Coletiva	Epidemiologia	nan
PAULO VITOR DE SOUZA SILVA	TALITHA RODRIGUES RIBEIRO FERNANDES PESSOA	Ciências da Saúde	Saúde Coletiva	Saúde Pública	nan
EDUARDA GOMES ONOFRE DE ARAÚJO	CLAUDIA BATISTA MELO	Multidisciplinar	Interdisciplinar	Saúde e Biológicas	nan
LARIANNE DE SOUSA MOISES	WILTON WILNEY NASCIMENTO PADILHA	Ciências da Saúde	Saúde Coletiva	Epidemiologia	nan
GLEIZIELLE NAYANE COUTINHO BRAZ DE ARAUJO	CLAUDIA HELENA SOARES DE MORAIS FREITAS	Ciências da Saúde	Saúde Coletiva	Saúde Pública	nan
PALLOMA CHRISTINE QUEIROGA GOMES DA COSTA	RICARDO DIAS DE CASTRO	Ciências da Saúde	Odontologia	Clínica Odontológica	nan
GLEYCYELLY RODRIGUES ARAUJO	RICARDO DIAS DE CASTRO	Ciências da Saúde	Odontologia	Clínica Odontológica	nan
FRANCISCO NALDO GOMES FILHO	LEOPOLDINA DE F DANTAS DE ALMEIDA	Ciências da Saúde	Odontologia	Clínica Odontológica	nan
LUIZA PEIXOTO DOS SANTOS CAVALCANTE	PAULO ROGERIO FERRETI BONAN	Ciências da Saúde	Odontologia	Materiais Odontológicos	nan
RAIANA GURGEL DE QUEIROZ	FABIO CORREIA SAMPAIO	Ciências da Saúde	Odontologia	Odontologia Social e Preventiva	nan
MARIA CAROLINA FERNANDES DOS SANTOS	PAULO ROGERIO FERRETI BONAN	Ciências da Saúde	Odontologia	Materiais Odontológicos	nan
SAMARA LAVINNYA SERRANO DE SOUZA ARAUJO	FABIO CORREIA SAMPAIO	Ciências da Saúde	Odontologia	Odontologia Social e Preventiva	nan
RILARY RODRIGUES FEITOSA	CLAUDIA BATISTA MELO	Multidisciplinar	Interdisciplinar	Saúde e Biológicas	nan
LETÍCIA REGINA MARQUES BESERRA	CLAUDIA BATISTA MELO	Ciências da Saúde	Odontologia	Clínica Odontológica	nan
LUCIANA LEONIA SOARES FREIRE	EDSON HILAN GOMES DE LUCENA	Ciências da Saúde	Odontologia	Odontologia Social e Preventiva	nan
BARBARA RACHELLI FARIAS TEIXEIRA	FRANKLIN DELANO SOARES FORTE	Ciências da Saúde	Saúde Coletiva	Saúde Pública	nan
JOAO BRUNO DE OLIVEIRA BARBOSA	FRANKLIN DELANO SOARES FORTE	Ciências da Saúde	Saúde Coletiva	Saúde Pública	nan
RAYLE DINIZ ANDRADE	BIANCA MARQUES SANTIAGO	Ciências da Saúde	Odontologia	Odontologia Social e Preventiva	nan
LEONARDO NONATO ANDRADE SANTOS	BIANCA MARQUES SANTIAGO	Ciências da Saúde	Odontologia	Odontologia Social e Preventiva	nan
VICTOR BORGES DA SILVA	SIMONE ALVES DE SOUSA	Ciências da Saúde	Saúde Coletiva	Epidemiologia	nan
CLARA RAMALHO VIEIRA DE LUCENA	JOCIANELLE MARIA FELIX FERNANDES NUNES	Ciências da Saúde	Odontologia	Odontologia Social e Preventiva	nan
LIVIA VALERIA LINS E SILVA	SABRINA GARCIA DE AQUINO	Ciências da Saúde	Odontologia	Periodontia	nan
LEONARDO DE FREITAS FERREIRA	YURI WANDERLEY CAVALCANTI	Ciências da Saúde	Odontologia	Odontologia Social e Preventiva	nan
ANDERSON NOBREGA DOS SANTOS	BIANCA MARQUES SANTIAGO	Ciências da Saúde	Odontologia	Odontologia Social e Preventiva	nan
LUANA SOUZA AMORIM	SABRINA GARCIA DE AQUINO	Ciências da Saúde	Odontologia	Periodontia	nan
LARYSSA MOREIRA DIAS	ELIANE BATISTA DE MEDEIROS SERPA	Ciências da Saúde	Odontologia	Odontopediatria	nan
MARIA ALICE DA SILVA FERREIRA	WILTON WILNEY NASCIMENTO PADILHA	Ciências da Saúde	Saúde Coletiva	Epidemiologia	nan
CARLA JESSICA MEDEIROS SILVA	MARIA SUELI MARQUES SOARES	Ciências da Saúde	Odontologia	Clínica Odontológica	nan
LUCAS XAVIER BEZERRA DE MENEZES	EDSON HILAN GOMES DE LUCENA	Ciências da Saúde	Odontologia	Odontologia Social e Preventiva	nan
MARTHA QUITERIA SILVA HENRIQUES	TALITHA RODRIGUES RIBEIRO FERNANDES PESSOA	Ciências da Saúde	Saúde Coletiva	Saúde Pública	nan
JESSILY MEDEIROS QUARESMA	CLAUDIA HELENA SOARES DE MORAIS FREITAS	Ciências da Saúde	Saúde Coletiva	Saúde Pública	nan
IASMIM LIMA MARQUES	LEOPOLDINA DE F DANTAS DE ALMEIDA	Ciências da Saúde	Odontologia	Odontologia Social e Preventiva	nan
CAMILLA FREIRE DE BRITO BASTOS	LEOPOLDINA DE F DANTAS DE ALMEIDA	Ciências da Saúde	Odontologia	Odontologia Social e Preventiva	nan
HUGO DA COSTA GOUVEIA	WILTON WILNEY NASCIMENTO PADILHA	Ciências da Saúde	Saúde Coletiva	Epidemiologia	nan
JOZILDO MORAIS MUNIZ FILHO	WILTON WILNEY NASCIMENTO PADILHA	Ciências da Saúde	Saúde Coletiva	Epidemiologia	nan
JULIANA MARIA DA PENHA FREIRE SILVA	JOSE CAZUZA DE FARIAS JUNIOR	Ciências da Saúde	Educação Física	nan	nan
MIKAELL BARBOSA DE LIMA	ELIZARA CAROLINA MARIN	Ciências da Saúde	Educação Física	nan	nan
AMANDA STEFANNY DE LIMA OLIVEIRA	ELIZARA CAROLINA MARIN	Ciências da Saúde	Educação Física	nan	nan
CESAR VERCOSA DIAS	LEONARDO DE SOUSA FORTES	Ciências da Saúde	Educação Física	nan	nan
IGOR BARROS DA SILVA LIMA	LEONARDO DE SOUSA FORTES	Ciências da Saúde	Educação Física	nan	nan
AMANDA MARIA DE SALLES SANTOS E SILVA	YTALO MOTA SOARES	Ciências da Saúde	Educação Física	nan	nan
LIGIA CAROLINE MARTINS SILVESTRE	JORGE FERNANDO HERMIDA AVEIRO	Ciências Humanas	Educação	Fundamentos da Educação	nan
ESTHER HANNAH FALCAO RANGEL MOREIRA	IRAQUITAN DE OLIVEIRA CAMINHA	Ciências da Saúde	Educação Física	nan	nan
LARISSA AGUIAR ALVES	JACIRA DOS SANTOS OLIVEIRA	Ciências da Saúde	Enfermagem	Enfermagem Médico-Cirúrgica	nan
LAUREMILIA MARIA GOMES PEREIRA	MARIA ELIANE MOREIRA FREIRE	Ciências da Saúde	Enfermagem	Enfermagem de Doenças Contagiosas	nan
JORDANA DA SILVA SOUZA	JOCELLY DE ARAUJO FERREIRA	Ciências da Saúde	Enfermagem	Enfermagem Médico-Cirúrgica	nan
HELOYSA WALESKA SOARES FERNANDES	STELLA COSTA VALDEVINO	Ciências da Saúde	Enfermagem	Enfermagem de Saúde Pública	nan
CAROLAYNE PEREIRA DE SOUZA	STELLA COSTA VALDEVINO	Ciências da Saúde	Enfermagem	Enfermagem de Saúde Pública	nan
BRENDA SHAYANNY ROCHA RIBEIRO	ORIANA DEYZE CORREIA PAIVA LEADEBAL	Ciências da Saúde	Enfermagem	Enfermagem de Doenças Contagiosas	nan
CECÍLIA ALEXANDRINA DE FARIAS PONTES	KATIA NEYLA DE FREITAS MACEDO COSTA	Ciências da Saúde	Enfermagem	Enfermagem de Saúde Pública	nan
MATHEUS GOMES ROSENDO	ANA CRISTINA DE OLIVEIRA E SILVA	Ciências da Saúde	Enfermagem	Enfermagem de Doenças Contagiosas	nan
ISADORA DOS SANTOS MACIEL	LENILMA BENTO DE ARAUJO MENESES	Ciências da Saúde	Saúde Coletiva	Saúde Pública	nan
JULIA SABRINA GOMES DE MAGALHAES	LENILMA BENTO DE ARAUJO MENESES	Ciências da Saúde	Saúde Coletiva	Saúde Pública	nan
CLARICE DOS SANTOS BEZERRA	JACIRA DOS SANTOS OLIVEIRA	Ciências da Saúde	Enfermagem	Enfermagem Médico-Cirúrgica	nan
NATHALIA RAFAELA DA COSTA GALDINO	ORIANA DEYZE CORREIA PAIVA LEADEBAL	Ciências da Saúde	Enfermagem	Enfermagem de Doenças Contagiosas	nan
JEFFERSON DA SILVA SOARES	RAFAELLA QUEIROGA SOUTO	Ciências da Saúde	Enfermagem	Enfermagem Médico-Cirúrgica	nan
ANA CAROLINA DOS SANTOS	RAFAELLA QUEIROGA SOUTO	Ciências da Saúde	Enfermagem	Enfermagem Médico-Cirúrgica	nan
RAYSA MATIAS DANTAS	JOAO EUCLIDES FERNANDES BRAGA	Ciências da Saúde	Enfermagem	Enfermagem Psiquiátrica	nan
NATALIA SOUZA BESERRA	ANNE JAQUELYNE ROQUE BARRETO	Ciências da Saúde	Enfermagem	Enfermagem de Saúde Pública	nan
IANA SAMELLA ALCANTARA DE LIMA	MARIA DE LOURDES DE FARIAS PONTES	Ciências da Saúde	Enfermagem	Enfermagem de Saúde Pública	nan
AMANDA ELLEN COSTA DA SILVA	MARIA DE LOURDES DE FARIAS PONTES	Ciências da Saúde	Enfermagem	Enfermagem de Saúde Pública	nan
RENATA MIRELLA BRASIL DA SILVA LIMA	MARIA DE LOURDES DE FARIAS PONTES	Ciências da Saúde	Enfermagem	Enfermagem de Saúde Pública	nan
GIULIA ALFREDO MOREIRA	ANNA LUIZA CASTRO GOMES	Ciências da Saúde	Saúde Coletiva	Saúde Pública	nan
ISLI MARIA OLIVEIRA MARTINS	WAGLANIA DE MENDONCA FAUSTINO	Ciências da Saúde	Enfermagem	Enfermagem Obstétrica	nan
FABRICIA ALVES PEREIRA	LUANA RODRIGUES DE ALMEIDA	Ciências da Saúde	Enfermagem	Enfermagem de Saúde Pública	nan
ANTONIO DOS SANTOS SABINO	SELENE CORDEIRO VASCONCELOS	Ciências da Saúde	Enfermagem	Enfermagem Psiquiátrica	nan
NATHALIA PEREIRA DE ANDRADE	NILZA MARIA CUNHA	Ciências da Saúde	Enfermagem	Enfermagem de Saúde Pública	nan
EMILIA CAROLINA FELIX ROSAS DE VASCONCELOS	SUSANNE PINHEIRO COSTA E SILVA	Ciências da Saúde	Enfermagem	Enfermagem de Saúde Pública	nan
LUIZA MARIA DE OLIVEIRA	RAFAELLA QUEIROGA SOUTO	Ciências da Saúde	Enfermagem	Enfermagem de Saúde Pública	nan
MAYSE GABRIELLE DE LIMA BARBOSA	KENYA DE LIMA SILVA	Ciências da Saúde	Enfermagem	Enfermagem Pediátrica	nan
MARIA CLARA PAIVA NOBREGA	VIVIANE ROLIM DE HOLANDA	Ciências da Saúde	Enfermagem	Enfermagem Obstétrica	nan
EDUARDA CORDEIRO D OLIVEIRA ALVES	RAFAELLA QUEIROGA SOUTO	Ciências da Saúde	Enfermagem	Enfermagem Médico-Cirúrgica	nan
MATHEUS FARIAS RAPOSO	RAFAELLA QUEIROGA SOUTO	Ciências da Saúde	Enfermagem	Enfermagem Médico-Cirúrgica	nan
MILENA SILVA BEZERRA	ANNE JAQUELYNE ROQUE BARRETO	Ciências da Saúde	Enfermagem	Enfermagem de Saúde Pública	nan
MACIBERTHA RIBEIRO DA COSTA	LUANA RODRIGUES DE ALMEIDA	Ciências da Saúde	Enfermagem	Enfermagem de Saúde Pública	nan
KELAINE PEREIRA APRIGIO SILVA	SUSANNE PINHEIRO COSTA E SILVA	Ciências da Saúde	Enfermagem	Enfermagem de Saúde Pública	nan
JAYNE MUNIZ FERNANDES	FABIANA DE ANDRADE CAVALCANTE OLIVEIRA	Ciências Biológicas	Farmacologia	Farmacologia Geral	nan
LIVIA FERNANDA FONSECA DOS SANTOS	BRUNO HENRIQUE ANDRADE GALVAO	Ciências Biológicas	Microbiologia	Microbiologia Aplicada	Microbiologia Médica
MAYARA DA SILVA FALCAO	LIANA CLEBIA DE MORAIS PORDEUS	Ciências Humanas	Psicologia	Psicologia Fisiológica	Estimulação Elétrica e com Drogas; Comportamento
ALEXYA MIKELLE TEIXEIRA CAVALCANTI	FABIANA DE ANDRADE CAVALCANTE OLIVEIRA	Ciências Biológicas	Farmacologia	Farmacologia Geral	nan
LUANA BARBARA RODRIGUES DE FRANCA	DIEGO NUNES GUEDES	Ciências da Saúde	Odontologia	Odontologia Social e Preventiva	nan
NICOLE CARNEIRO SOUZA	BRUNO HENRIQUE ANDRADE GALVAO	Ciências Biológicas	Microbiologia	Microbiologia Aplicada	Microbiologia Médica
PALOMA MARIA DA SILVA CANDIDO	WALLACE FELIPE BLOHEM PESSOA	Ciências Biológicas	Microbiologia	Microbiologia Aplicada	nan
GISELLY GABRIELY BARBOSA DE LIRA ARAUJO	WALLACE FELIPE BLOHEM PESSOA	Ciências Biológicas	Microbiologia	Microbiologia Aplicada	nan
MARIANA FLORENCIO MENDES TEJO	CALIANDRA MARIA BEZERRA LUNA LIMA	Ciências Biológicas	Microbiologia	Biologia e Fisiologia dos Microorganismos	nan
GLAUCIELLE RAMALHO UCHOA	JOELMA RODRIGUES DE SOUZA	Ciências Biológicas	Imunologia	Imunologia Celular	nan
WELLINGTON LIMA DA SILVA SOBRINHO	LIANA CLEBIA DE MORAIS PORDEUS	Ciências Humanas	Psicologia	Psicologia Fisiológica	Estimulação Elétrica e com Drogas; Comportamento
BRENA FERREIRA DOS SANTOS	NAIARA NAIANA DEJANI	Ciências Biológicas	Imunologia	Imunologia Celular	nan
NATAN GOMES EMMANUEL	WALLACE FELIPE BLOHEM PESSOA	Ciências Biológicas	Microbiologia	Microbiologia Aplicada	Microbiologia Médica
MARIA LUIZA EMILIO LEAL	GISELY MARIA FREIRE ABILIO DE CASTRO	Ciências da Saúde	Odontologia	Odontologia Social e Preventiva	nan
DANIELA LETICIA TORRES SILVA	FABIO MARCEL DA SILVA SANTOS	Ciências Biológicas	Parasitologia	Helmintologia de Parasitos	Helmintologia Humana
ALISSA MARIA DE OLIVEIRA MARTINS	FABIANA DE ANDRADE CAVALCANTE OLIVEIRA	Ciências Biológicas	Farmacologia	Farmacologia Geral	nan
MARIANA DE ASSIS VALVERDE	WALLACE FELIPE BLOHEM PESSOA	Ciências Biológicas	Microbiologia	Microbiologia Aplicada	Microbiologia Médica
MARIA CAROLINE LOURENCO DE LIMA	MARILIA GABRIELA DOS SANTOS CAVALCANTI	Ciências Biológicas	Parasitologia	Protozoologia de Parasitos	Protozoologia Parasitária Humana
MIRELA MONICA FRANCA DA COSTA	KARLA VERUSKA MARQUES CAVALCANTE DA COSTA	Ciências da Saúde	Farmácia	Análise e Controle de Medicamentos	nan
REGINA COELI RAMOS MONTEIRO DE ARAUJO	GISELY MARIA FREIRE ABILIO DE CASTRO	Ciências da Saúde	Odontologia	Odontologia Social e Preventiva	nan
GABRIEL NUNES MACHADO DE OLIVEIRA	LUIZ HENRIQUE CESAR VASCONCELOS	Ciências Biológicas	Farmacologia	Farmacologia Cardiorenal	nan
ISIS NIKIELLEN DE QUEIROZ BARBOSA	ADRIANO FRANCISCO ALVES	Ciências da Saúde	Medicina	Anatomia Patológica e Patologia Clínica	nan
MARIA CAROLINA DE PAIVA SOUSA	ADRIANO FRANCISCO ALVES	Ciências da Saúde	Medicina	Anatomia Patológica e Patologia Clínica	nan
ANA BEATRIZ RODRIGUES DOS SANTOS	ADRIANO FRANCISCO ALVES	Ciências da Saúde	Medicina	Anatomia Patológica e Patologia Clínica	nan
LARISSA AZEVEDO DANTAS	REINALDO NOBREGA DE ALMEIDA	Ciências Biológicas	Farmacologia	Neuropsicofarmacologia	nan
LARISSA CAROLINE CAVALCANTE DE ARAUJO	FABIO MARCEL DA SILVA SANTOS	Ciências Biológicas	Parasitologia	Helmintologia de Parasitos	Helmintologia Humana
LETICIA DE OLIVEIRA SOUZA	CLAUDIO ROBERTO BEZERRA DOS SANTOS	Ciências da Saúde	Medicina	Clínica Médica	nan
MARIANA OLIVEIRA MARIANO DA SILVA	BRUNO HENRIQUE ANDRADE GALVAO	Ciências Biológicas	Microbiologia	Microbiologia Aplicada	Microbiologia Médica
LUIS EDUARDO DE MOURA BARBOSA	JOSE SOARES DO NASCIMENTO	Ciências da Saúde	Medicina	Clínica Médica	Doenças Infecciosas e Parasitárias
BEATRIZ IANNI PORDEUS SARMENTO	JOSE SOARES DO NASCIMENTO	Ciências da Saúde	Medicina	Clínica Médica	Doenças Infecciosas e Parasitárias
SUELLEN BERNARDO DE QUEIROZ	VINICIUS PIETTA PEREZ	Ciências Biológicas	Microbiologia	Microbiologia Aplicada	Microbiologia Médica
JORHANNA ISABELLE ARAUJO DE BRITO GOMES	VINICIUS PIETTA PEREZ	Ciências Biológicas	Microbiologia	Microbiologia Aplicada	Microbiologia Médica
PEDRO SOARES DINIZ	VINICIUS PIETTA PEREZ	Ciências Biológicas	Microbiologia	Microbiologia Aplicada	Microbiologia Médica
EVELLYN PEREIRA DE MELO	LIANA CLEBIA DE MORAIS PORDEUS	Ciências da Saúde	Medicina	Psiquiatria	nan
MATHEUS VICTOR DE SOUZA LAURENTINO	NAIARA NAIANA DEJANI	Ciências Biológicas	Imunologia	Imunologia Celular	nan
VYTOR LUCAS CAVALCANTI BELARMINO	NAIARA NAIANA DEJANI	Ciências Biológicas	Imunologia	Imunologia Celular	nan
LUIZA GRISI LIANZA BESSA	THAIS JOSY CASTRO FREIRE DE ASSIS	Ciências da Saúde	Fisioterapia e Terapia Ocupacional	nan	nan
ANA KAROLINY DE SOUZA GOMES	THAIS JOSY CASTRO FREIRE DE ASSIS	Ciências da Saúde	Fisioterapia e Terapia Ocupacional	nan	nan
ANALUIZA BATISTA DURAND	KATIA SUELY QUEIROZ SILVA RIBEIRO	Ciências da Saúde	Fisioterapia e Terapia Ocupacional	nan	nan
ANA GABRIELA SOARES DE SOUSA	CARINA CARVALHO CORREIA COUTINHO	Ciências da Saúde	Fisioterapia e Terapia Ocupacional	nan	nan
TAYLLA FERNANDA DOS SANTOS PEREIRA	CARINA CARVALHO CORREIA COUTINHO	Ciências da Saúde	Fisioterapia e Terapia Ocupacional	nan	nan
GABRIELE DE AQUINO DANTAS	CRISTINA KATYA TORRES TEIXEIRA MENDES	Ciências da Saúde	Medicina	Saúde Materno-Infantil	nan
PAULO LUIZ DE OLIVEIRA NETO	ADRIANA CARLA COSTA RIBEIRO CLEMENTINO	Ciências da Saúde	Fisioterapia e Terapia Ocupacional	nan	nan
LUISA ELLEN TARGINO SANTOS	ADRIANA CARLA COSTA RIBEIRO CLEMENTINO	Ciências da Saúde	Fisioterapia e Terapia Ocupacional	nan	nan
AMANDA DO NASCIMENTO OLIVEIRA CARNEIRO	ADRIANA CARLA COSTA RIBEIRO CLEMENTINO	Ciências da Saúde	Fisioterapia e Terapia Ocupacional	nan	nan
VITORIA FERREIRA CALADO	ADRIANA CARLA COSTA RIBEIRO CLEMENTINO	Ciências da Saúde	Fisioterapia e Terapia Ocupacional	nan	nan
FRANSUELIDA DA CONCEICAO SOARES	JUERILA MOREIRA BARRETO	Ciências da Saúde	Fisioterapia e Terapia Ocupacional	nan	nan
LEILA RAFAELA ALVES BRAGA	CRISTINA KATYA TORRES TEIXEIRA MENDES	Ciências da Saúde	Fisioterapia e Terapia Ocupacional	nan	nan
MAYZA LEITE FELIX MACIEL	ROBSON DA FONSECA NEVES	Ciências da Saúde	Fisioterapia e Terapia Ocupacional	nan	nan
AMANDA KELLY DA SILVA BATISTA	VALÉRIA MAYALY ALVES DE OLIVEIRA	Ciências da Saúde	Fisioterapia e Terapia Ocupacional	nan	nan
JANAYNNA NUNES DE ARAUJO	VALÉRIA MAYALY ALVES DE OLIVEIRA	Ciências da Saúde	Fisioterapia e Terapia Ocupacional	nan	nan
CAMILLA ARAUJO DA SILVA	JUERILA MOREIRA BARRETO	Ciências da Saúde	Fisioterapia e Terapia Ocupacional	nan	nan
ANA BEATRIZ DE ALBUQUERQUE OLIVEIRA	LIGIA RAQUEL ORTIZ GOMES STOLT	Ciências da Saúde	Saúde Coletiva	Epidemiologia	nan
ELAYNE DE SOUSA LOPES	LIGIA RAQUEL ORTIZ GOMES STOLT	Ciências da Saúde	Saúde Coletiva	Epidemiologia	nan
MARIA EDUARDA BEZERRA SALES QUEIROZ	SUELLEN MARY MARINHO DOS SANTOS ANDRADE	Ciências da Saúde	Fisioterapia e Terapia Ocupacional	nan	nan
LILIANE CARLA LOPES DE ARAUJO LUIS	CRISTINA KATYA TORRES TEIXEIRA MENDES	Ciências da Saúde	Fisioterapia e Terapia Ocupacional	nan	nan
JOAO VICTOR DOS SANTOS FELIX	EDUARDO ERIKO TENÓRIO DE FRANÇA	Ciências da Saúde	Fisioterapia e Terapia Ocupacional	nan	nan
ELIENE LETICIA DA SILVA BEZERRA	JOSE JAMACY DE ALMEIDA FERREIRA	Ciências da Saúde	Fisioterapia e Terapia Ocupacional	nan	nan
DAVI BORGES SOARES	JOSE JAMACY DE ALMEIDA FERREIRA	Ciências da Saúde	Fisioterapia e Terapia Ocupacional	nan	nan
LARISSA PEREIRA COSTA	SUELLEN MARY MARINHO DOS SANTOS ANDRADE	Ciências da Saúde	Fisioterapia e Terapia Ocupacional	nan	nan
GEICIANA KELLY DELGADO MARTINS	LEANDRO DE ARAUJO PERNAMBUCO	Ciências da Saúde	Fonoaudiologia	nan	nan
YASMIM PEREIRA DE ANDRADE	ISABELLE CAHINO DELGADO	Ciências da Saúde	Fonoaudiologia	nan	nan
FABIO MAGERO RIBEIRO DA SILVA	HANNALICE GOTTSCHALCK CAVALCANTI	Ciências da Saúde	Fonoaudiologia	nan	nan
GABRIELLA LUCENA FEITOSA	MARIA FABIANA BONFIM DE LIMA SILVA	Ciências da Saúde	Fonoaudiologia	nan	nan
BRUNA ALVES RODRIGUES	ANNA ALICE FIGUEIREDO DE ALMEIDA QUEIROZ	Ciências da Saúde	Fonoaudiologia	nan	nan
GIOVANNA DA SILVA MARTINS	LEANDRO DE ARAUJO PERNAMBUCO	Ciências da Saúde	Fonoaudiologia	nan	nan
FERNANDA NORAH HENRIQUES CARDOZO	PRISCILA OLIVEIRA COSTA SILVA	Ciências da Saúde	Fonoaudiologia	nan	nan
MARIA EDUARDA DE OLIVEIRA BARBOSA CAVALCANTE	PRISCILA OLIVEIRA COSTA SILVA	Ciências da Saúde	Fonoaudiologia	nan	nan
MAYRA HADASSA FERREIRA SILVA	MARIA FABIANA BONFIM DE LIMA SILVA	Ciências da Saúde	Fonoaudiologia	nan	nan
IRIS FREITAS REGIS	GIORVAN ANDERSON DOS SANTOS ALVES	Ciências da Saúde	Fonoaudiologia	nan	nan
GIGLYENE FERREIRA DE PAIVA MONTEIRO	ANNA ALICE FIGUEIREDO DE ALMEIDA QUEIROZ	Ciências da Saúde	Fonoaudiologia	nan	nan
HANNA VENANCIO DOS SANTOS	ANNA ALICE FIGUEIREDO DE ALMEIDA QUEIROZ	Ciências da Saúde	Fonoaudiologia	nan	nan
ANDRESSA CABRAL RIBEIRO	DÉBORA VASCONCELOS CORREIA	Ciências da Saúde	Fonoaudiologia	nan	nan
JULIANA ARAUJO LEITE	HANNALICE GOTTSCHALCK CAVALCANTI	Ciências da Saúde	Fonoaudiologia	nan	nan
MARIA MILENA SOUSA DE BRITO	ISABELLE CAHINO DELGADO	Ciências da Saúde	Fonoaudiologia	nan	nan
CATARINA OLIVEIRA ALENCAR DE ALMEIDA	MARINE RAQUEL DINIZ DA ROSA	Ciências da Saúde	Fonoaudiologia	nan	nan
MARIA SA GURGEL LINHARES ALVES	LEANDRO DE ARAUJO PERNAMBUCO	Ciências da Saúde	Fonoaudiologia	nan	nan
JULIANNY DE SOUZA ALVES	LUCIANA PIMENTEL FERNANDES DE MELO	Ciências da Saúde	Fonoaudiologia	nan	nan
LUIZ CLAUDIO BARBOSA DE ALMEIDA MELO	GIORVAN ANDERSON DOS SANTOS ALVES	Ciências da Saúde	Fonoaudiologia	nan	nan
NATALIA DE FARIAS LIRA	LUCIANE SPINELLI DE FIGUEIREDO PESSOA	Ciências da Saúde	Fonoaudiologia	nan	nan
HELMANA DE MACEDO NUNES	MARIA FABIANA BONFIM DE LIMA SILVA	Ciências da Saúde	Fonoaudiologia	nan	nan
ANA BEATRIZ SANTANA DE MORAIS	MARIA FABIANA BONFIM DE LIMA SILVA	Ciências da Saúde	Fonoaudiologia	nan	nan
KEZIA ALVES NASCIMENTO	LEONARDO WANDERLEY LOPES	Ciências da Saúde	Fonoaudiologia	nan	nan
WILLIANA DE OLIVEIRA SILVEIRA	PRISCILA OLIVEIRA COSTA SILVA	Ciências da Saúde	Fonoaudiologia	nan	nan
LILIANE KALINE ARAUJO DE LIMA	MARINE RAQUEL DINIZ DA ROSA	Ciências da Saúde	Fonoaudiologia	nan	nan
JESSICA FIGUEIREDO DE MEDEIROS	MARINE RAQUEL DINIZ DA ROSA	Ciências da Saúde	Fonoaudiologia	nan	nan
DANIEL DANTAS DA SILVA	ANDRE DE SA BRAGA OLIVEIRA	Ciências Biológicas	Morfologia	Anatomia	Anatomia Humana
ANDRESSA GABRIELLA DUARTE DE QUEIROZ	ANDRE DE SA BRAGA OLIVEIRA	Ciências Biológicas	Morfologia	Anatomia	Anatomia Humana
LETICIA LEITE CAVALCANTE	ANDRE DE SA BRAGA OLIVEIRA	Ciências Biológicas	Morfologia	Anatomia	Anatomia Humana
THAIS DE SOUZA DE MATOS	ARTHUR WILLIAN DE LIMA BRASIL	Ciências Agrárias	Medicina Veterinária	Medicina Veterinária Preventiva	Doenças Infecciosas de Animais
BEATRIZ FRANCO DE SA OLIVEIRA	ARTHUR WILLIAN DE LIMA BRASIL	Ciências Agrárias	Medicina Veterinária	Medicina Veterinária Preventiva	Doenças Infecciosas de Animais
CAMILLA VANESSA ARAUJO SOARES	ANDRE DE SA BRAGA OLIVEIRA	Ciências da Saúde	Medicina	Cirurgia	Neurocirurgia
VITORIA REGIA ROLIM NUNES	ANDRESSA FEITOSA BEZERRA DE OLIVEIRA	Ciências da Saúde	Odontologia	Odontologia Social e Preventiva	nan
ARTHUR FELIPE DE BRITO ANDRADE	ANDRESSA FEITOSA BEZERRA DE OLIVEIRA	Ciências da Saúde	Odontologia	Odontologia Social e Preventiva	nan
JULIELLEN LUIZ DA CUNHA	ANDRESSA FEITOSA BEZERRA DE OLIVEIRA	Ciências da Saúde	Odontologia	Odontologia Social e Preventiva	nan
ANDERSON GOMES FORTE	ANDRESSA FEITOSA BEZERRA DE OLIVEIRA	Ciências da Saúde	Odontologia	Odontologia Social e Preventiva	nan
ANDRE LUIZ PINTO FABRICIO RIBEIRO	ANDRE DE SA BRAGA OLIVEIRA	Ciências da Saúde	Medicina	Cirurgia	Neurocirurgia
ANA MIKAELLY DOS SANTOS SILVA	LUCIANA BARBOSA SOUSA DE LUCENA	Ciências da Saúde	Odontologia	Cirurgia Buco-Maxilo-Facial	nan
ISRAEL DE MELO GOMES	RAFAELA LIRA FORMIGA CAVALCANTI DE LIMA	Ciências da Saúde	Nutrição	Análise Nutricional de População	nan
ARTUR D ANGELO DA SILVA ANDRADE	JAILANE DE SOUZA AQUINO	Ciências da Saúde	Nutrição	Bioquímica da Nutrição	nan
MARIA FRANCISCA DA CONCEICAO MACIEL TARGINO	CINTHIA KARLA RODRIGUES DO MONTE GUEDES	Ciências da Saúde	Nutrição	Dietética	nan
SONIELLSON DE LIMA FERREIRA	JAILANE DE SOUZA AQUINO	Ciências da Saúde	Nutrição	Bioquímica da Nutrição	nan
RAQUEL MORAES PIMENTEL	MARIA DA CONCEICAO RODRIGUES GONCALVES	Ciências da Saúde	Nutrição	Análise Nutricional de População	nan
RANIELE BATISTA DE SOUSA	PAMELA RODRIGUES MARTINS LINS	Ciências da Saúde	Nutrição	Análise Nutricional de População	nan
MARIA LAYS FONSECA DA SILVA	KATIA RAU DE ALMEIDA CALLOU	Ciências da Saúde	Nutrição	Dietética	nan
GABRIELI DUARTE FARIAS	CARMEM SILVIA LAUREANO DALLE PIAGGE	Ciências da Saúde	Odontologia	Clínica Odontológica	nan
MARIA THAIS SOARES DE MACÊDO	ISABELA ALBUQUERQUE PASSOS FARIAS	Ciências da Saúde	Odontologia	Odontologia Social e Preventiva	nan
LETICIA LOPES LEUTHIER	LUCIANA FERRAZ GOMINHO	Ciências da Saúde	Odontologia	Endodontia	nan
BRUNO ALBUQUERQUE DANTAS	TULIO PESSOA DE ARAUJO	Ciências da Saúde	Odontologia	Odontologia Social e Preventiva	nan
LAIS RODRIGUES DA SILVA	RAQUEL VENANCIO FERNANDES DANTAS	Ciências da Saúde	Odontologia	Materiais Odontológicos	nan
KIRA MARIA DE SOUSA ANDRADE	ANDRE ULISSES DANTAS BATISTA	Ciências da Saúde	Odontologia	Clínica Odontológica	nan
LARYSSA MYLENNA MADRUGA BARBOSA	SONIA SAEGER MEIRELES MONTE RASO	Ciências da Saúde	Odontologia	Materiais Odontológicos	nan
ANA TAFET NASCIMENTO ALEXANDRE	TULIO PESSOA DE ARAUJO	Ciências da Saúde	Odontologia	Odontologia Social e Preventiva	nan
ANDRESSA PEREIRA DAS MERCES SANTANA	FABIO LUIZ CUNHA DASSUNCAO	Ciências da Saúde	Odontologia	Odontologia Social e Preventiva	nan
MARIA VITORIA FRAGOSO VERCOSA	FABIO LUIZ CUNHA DASSUNCAO	Ciências da Saúde	Odontologia	Odontologia Social e Preventiva	nan
FERNANDA MENDES SANTANA	RAQUEL VENANCIO FERNANDES DANTAS	Ciências da Saúde	Odontologia	Materiais Odontológicos	nan
HELOISA NUNES BRANDAO	DUCIA CALDAS COSME DA TRINDADE	Ciências da Saúde	Odontologia	Clínica Odontológica	nan
THIAGO LUCAS DA SILVA PEREIRA	TULIO PESSOA DE ARAUJO	Ciências da Saúde	Odontologia	Odontologia Social e Preventiva	nan
JESSICA BONIFACIO DE CARVALHO	ROBINSOM VIEGAS MONTENEGRO	Ciências da Saúde	Odontologia	Materiais Odontológicos	nan
HUGO HENRIQUE CAMPELO DE ANDRADE	DUCIA CALDAS COSME DA TRINDADE	Ciências da Saúde	Odontologia	Clínica Odontológica	nan
ANTONIO VELOSO CORREIA NETO	TULIO PESSOA DE ARAUJO	Ciências da Saúde	Odontologia	Odontologia Social e Preventiva	nan
HANIEL LAURENTINO FERREIRA DOS SANTOS	TULIO PESSOA DE ARAUJO	Ciências da Saúde	Odontologia	Odontologia Social e Preventiva	nan
RAFAELA DUTRA ALVES	LUCIANO ELIAS DA CRUZ PEREZ	Ciências da Saúde	Odontologia	Materiais Odontológicos	nan
ANDSON JANUARIO DE JESUS	MARCELE JARDIM PIMENTEL	Ciências da Saúde	Odontologia	Materiais Odontológicos	nan
BEATRIZ BARROS VIANA	ANA KARINA MACIEL DE ANDRADE	Ciências da Saúde	Odontologia	Materiais Odontológicos	nan
GIDERLANE DAIANNY DE SOUZA SILVA	ANDRE ULISSES DANTAS BATISTA	Ciências da Saúde	Odontologia	Clínica Odontológica	nan
JULIANE EVELYN MOREIRA DE AZEVEDO	HUGO RAMALHO SARMENTO	Ciências da Saúde	Odontologia	Clínica Odontológica	nan
WILLIAN CARLOS PORFÍRIO ALVES	DAYANE FRANCO BARROS MANGUEIRA LEITE	Ciências da Saúde	Odontologia	Odontologia Social e Preventiva	nan
INACIO LUCAS CAVALCANTE DA SILVA	ANA CAROLLYNE DANTAS DE LIMA	Ciências da Saúde	Fisioterapia e Terapia Ocupacional	nan	nan
SUELEN VIRGINIA PATRICIO DE MELO	MARILIA MEYER BREGALDA	Ciências da Saúde	Educação Física	nan	nan
KAROLAINE VITORIA MACEDO DO NASCIMENTO	MARILIA MEYER BREGALDA	Ciências da Saúde	Educação Física	nan	nan
EULALIA LUANA BARBOSA LIMA	CLARICE RIBEIRO SOARES ARAUJO	Ciências da Saúde	Fisioterapia e Terapia Ocupacional	nan	nan
NATALIA DE VASCONCELOS PESSOA GALINDO RAMOS	CLARICE RIBEIRO SOARES ARAUJO	Ciências da Saúde	Fisioterapia e Terapia Ocupacional	nan	nan
LUIZA LACERDA DE OLIVEIRA CASSALI DE AZEVEDO	CLARICE RIBEIRO SOARES ARAUJO	Ciências da Saúde	Fisioterapia e Terapia Ocupacional	nan	nan
HENRIQUE MARTINS RANGEL	RONALDO RODRIGUES SARMENTO	Ciências da Saúde	Medicina	Anatomia Patológica e Patologia Clínica	nan
JOSEFA WYARA TOMAZ DA SILVA	RONALDO RODRIGUES SARMENTO	Ciências da Saúde	Medicina	Anatomia Patológica e Patologia Clínica	nan
AGATHA OLIVEIRA DE CASTRO	ANA CAROLINA BERNARDES DULGHEROFF	Ciências Biológicas	Parasitologia	Helmintologia de Parasitos	nan
INGRID BEATRIZ BRAZ OLIVEIRA	RONALDO RODRIGUES SARMENTO	Ciências da Saúde	Medicina	Anatomia Patológica e Patologia Clínica	nan
ANA JÚLIA FIDELIS VALENTIM	RONALDO RODRIGUES SARMENTO	Ciências da Saúde	Medicina	Anatomia Patológica e Patologia Clínica	nan
BRENDA TOMAZ DE MORAIS	RONALDO RODRIGUES SARMENTO	Ciências da Saúde	Medicina	Anatomia Patológica e Patologia Clínica	nan
LOUYSE JERONIMO DE MORAIS	RONALDO RODRIGUES SARMENTO	Ciências da Saúde	Medicina	Anatomia Patológica e Patologia Clínica	nan
ALAN FRAZÃO DA SILVA	LUCIO ROBERTO CANCADO CASTELLANO	Ciências Biológicas	Imunologia	Imunologia Aplicada	nan
THELES GABRIEL SILVEIRA CHAVES	FERNANDA MARIA CHIANCA DA SILVA	Ciências da Saúde	Saúde Coletiva	Saúde Pública	nan
ERIVANNA KARLENE DOS SANTOS OLIVEIRA	SIMONE HELENA DOS SANTOS OLIVEIRA	Ciências da Saúde	Enfermagem	Enfermagem Médico-Cirúrgica	nan
RAYANE MONTEIRO SILVEIRA	SIMONE HELENA DOS SANTOS OLIVEIRA	Ciências da Saúde	Enfermagem	Enfermagem Médico-Cirúrgica	nan
BRUNA ALVES DA SILVA	ANA CAROLINA BERNARDES DULGHEROFF	Ciências Biológicas	Parasitologia	Helmintologia de Parasitos	nan
MARIA JULLYANNA FERREIRA MARQUES	JOÃO FELIPE BEZERRA	Ciências da Saúde	Farmácia	Análise Toxicológica	nan
FERNANDO SOARES DA SILVA NETO	CARMEM GABRIELA GOMES DE FIGUEIREDO	Ciências Biológicas	Bioquímica	Biologia Molecular	nan
RYTA DE KASSIA ALBUQUERQUE DOS PRAZERES	ANA CAROLINA BERNARDES DULGHEROFF	Ciências da Saúde	Saúde Coletiva	Medicina Preventiva	nan
VINICIUS GOUVEIA MARTINS DE OLIVEIRA	MARCIA REGINA PIUVEZAM	Ciências Biológicas	Imunologia	Imunologia Celular	nan
BRUNO VINICIUS DA SILVA MOURA	MARCIA REGINA PIUVEZAM	Ciências Biológicas	Imunologia	Imunologia Celular	nan
