PROFESSOR	GRANDE_AREA	AREA	SUB_AREA	ESPECIALIDADE
ISAAC NEWTON GUIMARAES ANDRADE	Ciências da Saúde	Medicina	Clínica Médica	Cardiologia
AGANEIDE CASTILHO PALITOT	Ciências da Saúde	Medicina	Clínica Médica	Oftalmologia
CARLOS ROBERTO CARVALHO LEITE	Ciências da Saúde	Medicina	Cirurgia	Cirurgia Gastroenterologia
CARLOS ROBERTO CARVALHO LEITE	Ciências da Saúde	Medicina	Cirurgia	Cirurgia Gastroenterologia
CARLOS ROBERTO CARVALHO LEITE	Ciências da Saúde	Medicina	Cirurgia	Cirurgia Gastroenterologia
AGANEIDE CASTILHO PALITOT	Ciências da Saúde	Medicina	Clínica Médica	Oftalmologia
AGANEIDE CASTILHO PALITOT	Ciências da Saúde	Medicina	Clínica Médica	Oftalmologia
AGANEIDE CASTILHO PALITOT	Ciências da Saúde	Medicina	Cirurgia	Cirurgia Oftalmológica
AGANEIDE CASTILHO PALITOT	Ciências da Saúde	Medicina	Cirurgia	Cirurgia Oftalmológica
JANA LUIZA TOSCANO MENDES DE OLIVEIRA	Ciências da Saúde	Medicina	Clínica Médica	Oftalmologia
CRISTIANA MARQUES DE ARAUJO	Ciências da Saúde	Medicina	Clínica Médica	Cardiologia
RILVA LOPES DE SOUSA MUNOZ	Ciências da Saúde	Saúde Coletiva	Saúde Pública	nan
RILVA LOPES DE SOUSA MUNOZ	Ciências da Saúde	Saúde Coletiva	Saúde Pública	nan
RILVA LOPES DE SOUSA MUNOZ	Ciências da Saúde	Saúde Coletiva	Saúde Pública	nan
RILVA LOPES DE SOUSA MUNOZ	Ciências da Saúde	Saúde Coletiva	Saúde Pública	nan
EUTILIA ANDRADE MEDEIROS FREIRE	Ciências da Saúde	Medicina	Clínica Médica	nan
MARCELO DANTAS TAVARES DE MELO	Ciências da Saúde	Medicina	Clínica Médica	Pneumologia
CRISTIANA MARQUES DE ARAUJO	Ciências da Saúde	Medicina	Clínica Médica	Cardiologia
MAURUS MARQUES DE ALMEIDA HOLANDA	Ciências da Saúde	Medicina	Clínica Médica	Neurologia
EUTILIA ANDRADE MEDEIROS FREIRE	Ciências da Saúde	Medicina	Clínica Médica	nan
MARCELO DANTAS TAVARES DE MELO	Ciências da Saúde	Medicina	Clínica Médica	Pneumologia
MARCELO DANTAS TAVARES DE MELO	Ciências da Saúde	Medicina	Clínica Médica	Pneumologia
GILKA PAIVA OLIVEIRA COSTA	Ciências da Saúde	Medicina	Saúde Materno-Infantil	nan
MONICA SOUZA DE MIRANDA HENRIQUES	Ciências da Saúde	Medicina	Clínica Médica	Gastroenterologia
MAURUS MARQUES DE ALMEIDA HOLANDA	Ciências da Saúde	Medicina	Cirurgia	Neurocirurgia
ESTACIO AMARO DA SILVA JUNIOR	Ciências da Saúde	Medicina	Psiquiatria	nan
ESTACIO AMARO DA SILVA JUNIOR	Ciências da Saúde	Medicina	Psiquiatria	nan
ESTACIO AMARO DA SILVA JUNIOR	Ciências da Saúde	Medicina	Psiquiatria	nan
ANDRE TELIS DE VILELA ARAUJO	Ciências da Saúde	Medicina	Cirurgia	Cirurgia Cardiovascular
ANDRE TELIS DE VILELA ARAUJO	Ciências da Saúde	Medicina	Cirurgia	Cirurgia Cardiovascular
CRISTINA WIDE PISSETTI	Ciências da Saúde	Medicina	Saúde Materno-Infantil	nan
EDUARDO SERGIO SOARES SOUSA	Ciências da Saúde	Saúde Coletiva	Saúde Pública	nan
EDUARDO SERGIO SOARES SOUSA	Ciências da Saúde	Saúde Coletiva	Saúde Pública	nan
EDUARDO SERGIO SOARES SOUSA	Ciências da Saúde	Saúde Coletiva	Saúde Pública	nan
SABINA BASTOS MAIA	Ciências da Saúde	Medicina	Saúde Materno-Infantil	nan
SABINA BASTOS MAIA	Ciências da Saúde	Medicina	Saúde Materno-Infantil	nan
CRISTINA WIDE PISSETTI	Ciências da Saúde	Medicina	Saúde Materno-Infantil	nan
AURELIANA BARBOZA DA SILVA	Ciências da Saúde	Medicina	Saúde Materno-Infantil	nan
AURELIANA BARBOZA DA SILVA	Ciências da Saúde	Medicina	Saúde Materno-Infantil	nan
CRISTINA WIDE PISSETTI	Ciências da Saúde	Medicina	Saúde Materno-Infantil	nan
MARILIA DENISE DE SARAIVA BARBOSA	Ciências da Saúde	Medicina	Saúde Materno-Infantil	nan
ERNANI VIEIRA DE VASCONCELOS FILHO	Ciências da Saúde	Medicina	Psiquiatria	nan
ERNANI VIEIRA DE VASCONCELOS FILHO	Ciências da Saúde	Medicina	Psiquiatria	nan
ERNANI VIEIRA DE VASCONCELOS FILHO	Ciências da Saúde	Medicina	Psiquiatria	nan
DANIELLA DE SOUZA BARBOSA	Ciências da Saúde	Saúde Coletiva	Saúde Pública	nan
PEDRO JOSÉ SANTOS CARNEIRO CRUZ	Ciências da Saúde	Saúde Coletiva	Saúde Pública	nan
GABRIELLA BARRETO SOARES	Ciências da Saúde	Saúde Coletiva	Saúde Pública	nan
GABRIELLA BARRETO SOARES	Ciências da Saúde	Saúde Coletiva	Saúde Pública	nan
ERNANI VIEIRA DE VASCONCELOS FILHO	Ciências da Saúde	Medicina	Clínica Médica	Neurologia
JULIANA SOUSA SOARES DE ARAUJO	Ciências da Saúde	Medicina	Saúde Materno-Infantil	nan
DANIELLA DE SOUZA BARBOSA	Ciências da Saúde	Saúde Coletiva	Saúde Pública	nan
DANIELLA DE SOUZA BARBOSA	Ciências da Saúde	Saúde Coletiva	Saúde Pública	nan
DANIELLA DE SOUZA BARBOSA	Ciências da Saúde	Saúde Coletiva	Saúde Pública	nan
ALEXANDRE JOSE DE MELO NETO	Ciências da Saúde	Saúde Coletiva	Epidemiologia	nan
ANDRE PETRAGLIA SASSI	Ciências da Saúde	Saúde Coletiva	Saúde Pública	nan
ANDRE PETRAGLIA SASSI	Ciências da Saúde	Saúde Coletiva	Saúde Pública	nan
RICARDO DE SOUSA SOARES	Ciências da Saúde	Saúde Coletiva	Saúde Pública	nan
JULIANA SAMPAIO	Ciências da Saúde	Saúde Coletiva	Saúde Pública	nan
JULIANA SAMPAIO	Ciências da Saúde	Saúde Coletiva	Saúde Pública	nan
JULIANA SAMPAIO	Ciências da Saúde	Saúde Coletiva	Saúde Pública	nan
ANDRE LUIS BONIFACIO DE CARVALHO	Ciências da Saúde	Saúde Coletiva	Saúde Pública	nan
GABRIELLA BARRETO SOARES	Ciências da Saúde	Saúde Coletiva	Saúde Pública	nan
JULIANA SAMPAIO	Ciências da Saúde	Saúde Coletiva	Medicina Preventiva	nan
JULIANA SOUSA SOARES DE ARAUJO	Ciências da Saúde	Medicina	Saúde Materno-Infantil	nan
ESTHER BASTOS PALITOT	Ciências da Saúde	Medicina	Clínica Médica	Dermatologia
PEDRO JOSÉ SANTOS CARNEIRO CRUZ	Ciências da Saúde	Saúde Coletiva	Saúde Pública	nan
RICARDO DE SOUSA SOARES	Ciências da Saúde	Saúde Coletiva	Saúde Pública	nan
ESTHER BASTOS PALITOT	Ciências da Saúde	Medicina	Clínica Médica	Dermatologia
ESTHER BASTOS PALITOT	Ciências da Saúde	Medicina	Clínica Médica	Dermatologia
JULIANA SAMPAIO	Ciências da Saúde	Saúde Coletiva	Saúde Pública	nan
JULIANA SOUSA SOARES DE ARAUJO	Ciências da Saúde	Medicina	Saúde Materno-Infantil	nan
JUAN CARLOS RAMOS GONCALVES	Ciências Biológicas	Farmacologia	Farmacologia Bioquímica e Molecular	nan
SOCRATES GOLZIO DOS SANTOS	Multidisciplinar	Interdisciplinar	Saúde e Biológicas	nan
WALLERI CHRISTINI TORELLI REIS	Ciências da Saúde	Saúde Coletiva	Saúde Pública	nan
MARIANNA VIEIRA SOBRAL	Ciências da Saúde	Farmácia	Análise Toxicológica	nan
SILVANA TERESA LACERDA JALES	Ciências da Saúde	Farmácia	Farmacotecnia	nan
JUAN CARLOS RAMOS GONCALVES	Ciências Biológicas	Farmacologia	Farmacologia Bioquímica e Molecular	nan
WALICYRANISON PLINIO DA SILVA ROCHA	Ciências Biológicas	Microbiologia	Biologia e Fisiologia dos Microorganismos	Micologia
JOSE MARIA BARBOSA FILHO	Ciências da Saúde	Farmácia	Farmacognosia	nan
LEONIA MARIA BATISTA	Ciências da Saúde	Farmácia	Farmacognosia	nan
DANIELE IDALINO JANEBRO XIMENES	Ciências da Saúde	Farmácia	Análise Toxicológica	nan
ISAC ALMEIDA DE MEDEIROS	Ciências da Saúde	Farmácia	Farmacognosia	nan
ISAC ALMEIDA DE MEDEIROS	Ciências da Saúde	Farmácia	Farmacognosia	nan
WALLERI CHRISTINI TORELLI REIS	Ciências da Saúde	Saúde Coletiva	Saúde Pública	nan
MARIANNA VIEIRA SOBRAL	Ciências da Saúde	Farmácia	Análise Toxicológica	nan
ISLANIA GISELIA ALBUQUERQUE GONCALVES	Ciências Biológicas	Farmacologia	Farmacologia Cardiorenal	nan
DAMIAO PERGENTINO DE SOUSA	Ciências da Saúde	Farmácia	Farmacognosia	nan
FELIPE QUEIROGA SARMENTO GUERRA	Ciências da Saúde	Farmácia	Farmacognosia	nan
MARCELO SOBRAL DA SILVA	Ciências da Saúde	Farmácia	Farmacognosia	nan
LEONIA MARIA BATISTA	Ciências da Saúde	Farmácia	Farmacognosia	nan
FABIOLA BERNARDO CARNEIRO	Ciências da Saúde	Farmácia	Farmacotecnia	nan
GABRIEL RODRIGUES MARTINS DE FREITAS	Ciências da Saúde	Saúde Coletiva	Epidemiologia	nan
GABRIEL RODRIGUES MARTINS DE FREITAS	Ciências da Saúde	Saúde Coletiva	Epidemiologia	nan
MARGARETH DE FATIMA FORMIGA MELO DINIZ	Ciências Biológicas	Farmacologia	Toxicologia	nan
MARIA DE FATIMA VANDERLEI DE SOUZA	Ciências da Saúde	Farmácia	Farmacognosia	nan
FRANCISCO HUMBERTO XAVIER JÚNIOR	Ciências da Saúde	Farmácia	Farmacotecnia	nan
FRANCISCO HUMBERTO XAVIER JÚNIOR	Ciências da Saúde	Farmácia	Farmacotecnia	nan
LUCIANA LUCENA ARANHA DE MACEDO	Ciências da Saúde	Farmácia	Farmacotecnia	nan
WALICYRANISON PLINIO DA SILVA ROCHA	Ciências da Saúde	Medicina	Clínica Médica	Dermatologia
BAGNOLIA ARAUJO COSTA	Ciências Biológicas	Farmacologia	Farmacologia Geral	nan
ELOIZA HELENA CAMPANA	Ciências Biológicas	Microbiologia	Microbiologia Aplicada	Microbiologia Médica
ELOIZA HELENA CAMPANA	Ciências Biológicas	Microbiologia	Microbiologia Aplicada	Microbiologia Médica
LAURO SANTOS FILHO	Ciências Biológicas	Microbiologia	Microbiologia Aplicada	Microbiologia Médica
DAMIAO PERGENTINO DE SOUSA	Ciências da Saúde	Farmácia	Farmacognosia	nan
BAGNOLIA ARAUJO COSTA	Ciências Biológicas	Farmacologia	Farmacologia Geral	nan
ISLANIA GISELIA ALBUQUERQUE GONCALVES	Ciências Biológicas	Farmacologia	Farmacologia Cardiorenal	nan
FELIPE QUEIROGA SARMENTO GUERRA	Ciências da Saúde	Farmácia	Farmacognosia	nan
MARCELO SOBRAL DA SILVA	Ciências da Saúde	Farmácia	Farmacognosia	nan
WALLERI CHRISTINI TORELLI REIS	Ciências da Saúde	Saúde Coletiva	Saúde Pública	nan
MARIANNA VIEIRA SOBRAL	Ciências da Saúde	Farmácia	Análise Toxicológica	nan
THAIS TELES DE SOUZA	Ciências da Saúde	Saúde Coletiva	Saúde Pública	nan
THAIS TELES DE SOUZA	Ciências da Saúde	Saúde Coletiva	Saúde Pública	nan
THAIS TELES DE SOUZA	Ciências da Saúde	Saúde Coletiva	Saúde Pública	nan
JOCIANELLE MARIA FELIX FERNANDES NUNES	Ciências da Saúde	Odontologia	Odontologia Social e Preventiva	nan
EDUARDO DIAS RIBEIRO	Ciências da Saúde	Odontologia	Cirurgia Buco-Maxilo-Facial	nan
LAISE NASCIMENTO CORREIA LIMA	Ciências da Saúde	Odontologia	Odontologia Social e Preventiva	nan
LAISE NASCIMENTO CORREIA LIMA	Ciências da Saúde	Odontologia	Odontologia Social e Preventiva	nan
WILTON WILNEY NASCIMENTO PADILHA	Ciências da Saúde	Saúde Coletiva	Epidemiologia	nan
TALITHA RODRIGUES RIBEIRO FERNANDES PESSOA	Ciências da Saúde	Saúde Coletiva	Saúde Pública	nan
CLAUDIA BATISTA MELO	Multidisciplinar	Interdisciplinar	Saúde e Biológicas	nan
WILTON WILNEY NASCIMENTO PADILHA	Ciências da Saúde	Saúde Coletiva	Epidemiologia	nan
CLAUDIA HELENA SOARES DE MORAIS FREITAS	Ciências da Saúde	Saúde Coletiva	Saúde Pública	nan
RICARDO DIAS DE CASTRO	Ciências da Saúde	Odontologia	Clínica Odontológica	nan
RICARDO DIAS DE CASTRO	Ciências da Saúde	Odontologia	Clínica Odontológica	nan
LEOPOLDINA DE F DANTAS DE ALMEIDA	Ciências da Saúde	Odontologia	Clínica Odontológica	nan
PAULO ROGERIO FERRETI BONAN	Ciências da Saúde	Odontologia	Materiais Odontológicos	nan
FABIO CORREIA SAMPAIO	Ciências da Saúde	Odontologia	Odontologia Social e Preventiva	nan
PAULO ROGERIO FERRETI BONAN	Ciências da Saúde	Odontologia	Materiais Odontológicos	nan
FABIO CORREIA SAMPAIO	Ciências da Saúde	Odontologia	Odontologia Social e Preventiva	nan
CLAUDIA BATISTA MELO	Multidisciplinar	Interdisciplinar	Saúde e Biológicas	nan
CLAUDIA BATISTA MELO	Ciências da Saúde	Odontologia	Clínica Odontológica	nan
EDSON HILAN GOMES DE LUCENA	Ciências da Saúde	Odontologia	Odontologia Social e Preventiva	nan
FRANKLIN DELANO SOARES FORTE	Ciências da Saúde	Saúde Coletiva	Saúde Pública	nan
FRANKLIN DELANO SOARES FORTE	Ciências da Saúde	Saúde Coletiva	Saúde Pública	nan
BIANCA MARQUES SANTIAGO	Ciências da Saúde	Odontologia	Odontologia Social e Preventiva	nan
BIANCA MARQUES SANTIAGO	Ciências da Saúde	Odontologia	Odontologia Social e Preventiva	nan
SIMONE ALVES DE SOUSA	Ciências da Saúde	Saúde Coletiva	Epidemiologia	nan
JOCIANELLE MARIA FELIX FERNANDES NUNES	Ciências da Saúde	Odontologia	Odontologia Social e Preventiva	nan
SABRINA GARCIA DE AQUINO	Ciências da Saúde	Odontologia	Periodontia	nan
YURI WANDERLEY CAVALCANTI	Ciências da Saúde	Odontologia	Odontologia Social e Preventiva	nan
BIANCA MARQUES SANTIAGO	Ciências da Saúde	Odontologia	Odontologia Social e Preventiva	nan
SABRINA GARCIA DE AQUINO	Ciências da Saúde	Odontologia	Periodontia	nan
ELIANE BATISTA DE MEDEIROS SERPA	Ciências da Saúde	Odontologia	Odontopediatria	nan
WILTON WILNEY NASCIMENTO PADILHA	Ciências da Saúde	Saúde Coletiva	Epidemiologia	nan
MARIA SUELI MARQUES SOARES	Ciências da Saúde	Odontologia	Clínica Odontológica	nan
EDSON HILAN GOMES DE LUCENA	Ciências da Saúde	Odontologia	Odontologia Social e Preventiva	nan
TALITHA RODRIGUES RIBEIRO FERNANDES PESSOA	Ciências da Saúde	Saúde Coletiva	Saúde Pública	nan
CLAUDIA HELENA SOARES DE MORAIS FREITAS	Ciências da Saúde	Saúde Coletiva	Saúde Pública	nan
LEOPOLDINA DE F DANTAS DE ALMEIDA	Ciências da Saúde	Odontologia	Odontologia Social e Preventiva	nan
LEOPOLDINA DE F DANTAS DE ALMEIDA	Ciências da Saúde	Odontologia	Odontologia Social e Preventiva	nan
WILTON WILNEY NASCIMENTO PADILHA	Ciências da Saúde	Saúde Coletiva	Epidemiologia	nan
WILTON WILNEY NASCIMENTO PADILHA	Ciências da Saúde	Saúde Coletiva	Epidemiologia	nan
JOSE CAZUZA DE FARIAS JUNIOR	Ciências da Saúde	Educação Física	nan	nan
ELIZARA CAROLINA MARIN	Ciências da Saúde	Educação Física	nan	nan
ELIZARA CAROLINA MARIN	Ciências da Saúde	Educação Física	nan	nan
LEONARDO DE SOUSA FORTES	Ciências da Saúde	Educação Física	nan	nan
LEONARDO DE SOUSA FORTES	Ciências da Saúde	Educação Física	nan	nan
YTALO MOTA SOARES	Ciências da Saúde	Educação Física	nan	nan
JORGE FERNANDO HERMIDA AVEIRO	Ciências Humanas	Educação	Fundamentos da Educação	nan
IRAQUITAN DE OLIVEIRA CAMINHA	Ciências da Saúde	Educação Física	nan	nan
JACIRA DOS SANTOS OLIVEIRA	Ciências da Saúde	Enfermagem	Enfermagem Médico-Cirúrgica	nan
MARIA ELIANE MOREIRA FREIRE	Ciências da Saúde	Enfermagem	Enfermagem de Doenças Contagiosas	nan
JOCELLY DE ARAUJO FERREIRA	Ciências da Saúde	Enfermagem	Enfermagem Médico-Cirúrgica	nan
STELLA COSTA VALDEVINO	Ciências da Saúde	Enfermagem	Enfermagem de Saúde Pública	nan
STELLA COSTA VALDEVINO	Ciências da Saúde	Enfermagem	Enfermagem de Saúde Pública	nan
ORIANA DEYZE CORREIA PAIVA LEADEBAL	Ciências da Saúde	Enfermagem	Enfermagem de Doenças Contagiosas	nan
KATIA NEYLA DE FREITAS MACEDO COSTA	Ciências da Saúde	Enfermagem	Enfermagem de Saúde Pública	nan
ANA CRISTINA DE OLIVEIRA E SILVA	Ciências da Saúde	Enfermagem	Enfermagem de Doenças Contagiosas	nan
LENILMA BENTO DE ARAUJO MENESES	Ciências da Saúde	Saúde Coletiva	Saúde Pública	nan
LENILMA BENTO DE ARAUJO MENESES	Ciências da Saúde	Saúde Coletiva	Saúde Pública	nan
JACIRA DOS SANTOS OLIVEIRA	Ciências da Saúde	Enfermagem	Enfermagem Médico-Cirúrgica	nan
ORIANA DEYZE CORREIA PAIVA LEADEBAL	Ciências da Saúde	Enfermagem	Enfermagem de Doenças Contagiosas	nan
RAFAELLA QUEIROGA SOUTO	Ciências da Saúde	Enfermagem	Enfermagem Médico-Cirúrgica	nan
RAFAELLA QUEIROGA SOUTO	Ciências da Saúde	Enfermagem	Enfermagem Médico-Cirúrgica	nan
JOAO EUCLIDES FERNANDES BRAGA	Ciências da Saúde	Enfermagem	Enfermagem Psiquiátrica	nan
ANNE JAQUELYNE ROQUE BARRETO	Ciências da Saúde	Enfermagem	Enfermagem de Saúde Pública	nan
MARIA DE LOURDES DE FARIAS PONTES	Ciências da Saúde	Enfermagem	Enfermagem de Saúde Pública	nan
MARIA DE LOURDES DE FARIAS PONTES	Ciências da Saúde	Enfermagem	Enfermagem de Saúde Pública	nan
MARIA DE LOURDES DE FARIAS PONTES	Ciências da Saúde	Enfermagem	Enfermagem de Saúde Pública	nan
ANNA LUIZA CASTRO GOMES	Ciências da Saúde	Saúde Coletiva	Saúde Pública	nan
WAGLANIA DE MENDONCA FAUSTINO	Ciências da Saúde	Enfermagem	Enfermagem Obstétrica	nan
LUANA RODRIGUES DE ALMEIDA	Ciências da Saúde	Enfermagem	Enfermagem de Saúde Pública	nan
SELENE CORDEIRO VASCONCELOS	Ciências da Saúde	Enfermagem	Enfermagem Psiquiátrica	nan
NILZA MARIA CUNHA	Ciências da Saúde	Enfermagem	Enfermagem de Saúde Pública	nan
SUSANNE PINHEIRO COSTA E SILVA	Ciências da Saúde	Enfermagem	Enfermagem de Saúde Pública	nan
RAFAELLA QUEIROGA SOUTO	Ciências da Saúde	Enfermagem	Enfermagem de Saúde Pública	nan
KENYA DE LIMA SILVA	Ciências da Saúde	Enfermagem	Enfermagem Pediátrica	nan
VIVIANE ROLIM DE HOLANDA	Ciências da Saúde	Enfermagem	Enfermagem Obstétrica	nan
RAFAELLA QUEIROGA SOUTO	Ciências da Saúde	Enfermagem	Enfermagem Médico-Cirúrgica	nan
RAFAELLA QUEIROGA SOUTO	Ciências da Saúde	Enfermagem	Enfermagem Médico-Cirúrgica	nan
ANNE JAQUELYNE ROQUE BARRETO	Ciências da Saúde	Enfermagem	Enfermagem de Saúde Pública	nan
LUANA RODRIGUES DE ALMEIDA	Ciências da Saúde	Enfermagem	Enfermagem de Saúde Pública	nan
SUSANNE PINHEIRO COSTA E SILVA	Ciências da Saúde	Enfermagem	Enfermagem de Saúde Pública	nan
FABIANA DE ANDRADE CAVALCANTE OLIVEIRA	Ciências Biológicas	Farmacologia	Farmacologia Geral	nan
BRUNO HENRIQUE ANDRADE GALVAO	Ciências Biológicas	Microbiologia	Microbiologia Aplicada	Microbiologia Médica
LIANA CLEBIA DE MORAIS PORDEUS	Ciências Humanas	Psicologia	Psicologia Fisiológica	Estimulação Elétrica e com Drogas; Comportamento
FABIANA DE ANDRADE CAVALCANTE OLIVEIRA	Ciências Biológicas	Farmacologia	Farmacologia Geral	nan
DIEGO NUNES GUEDES	Ciências da Saúde	Odontologia	Odontologia Social e Preventiva	nan
BRUNO HENRIQUE ANDRADE GALVAO	Ciências Biológicas	Microbiologia	Microbiologia Aplicada	Microbiologia Médica
WALLACE FELIPE BLOHEM PESSOA	Ciências Biológicas	Microbiologia	Microbiologia Aplicada	nan
WALLACE FELIPE BLOHEM PESSOA	Ciências Biológicas	Microbiologia	Microbiologia Aplicada	nan
CALIANDRA MARIA BEZERRA LUNA LIMA	Ciências Biológicas	Microbiologia	Biologia e Fisiologia dos Microorganismos	nan
JOELMA RODRIGUES DE SOUZA	Ciências Biológicas	Imunologia	Imunologia Celular	nan
LIANA CLEBIA DE MORAIS PORDEUS	Ciências Humanas	Psicologia	Psicologia Fisiológica	Estimulação Elétrica e com Drogas; Comportamento
NAIARA NAIANA DEJANI	Ciências Biológicas	Imunologia	Imunologia Celular	nan
WALLACE FELIPE BLOHEM PESSOA	Ciências Biológicas	Microbiologia	Microbiologia Aplicada	Microbiologia Médica
GISELY MARIA FREIRE ABILIO DE CASTRO	Ciências da Saúde	Odontologia	Odontologia Social e Preventiva	nan
FABIO MARCEL DA SILVA SANTOS	Ciências Biológicas	Parasitologia	Helmintologia de Parasitos	Helmintologia Humana
FABIANA DE ANDRADE CAVALCANTE OLIVEIRA	Ciências Biológicas	Farmacologia	Farmacologia Geral	nan
WALLACE FELIPE BLOHEM PESSOA	Ciências Biológicas	Microbiologia	Microbiologia Aplicada	Microbiologia Médica
MARILIA GABRIELA DOS SANTOS CAVALCANTI	Ciências Biológicas	Parasitologia	Protozoologia de Parasitos	Protozoologia Parasitária Humana
KARLA VERUSKA MARQUES CAVALCANTE DA COSTA	Ciências da Saúde	Farmácia	Análise e Controle de Medicamentos	nan
GISELY MARIA FREIRE ABILIO DE CASTRO	Ciências da Saúde	Odontologia	Odontologia Social e Preventiva	nan
LUIZ HENRIQUE CESAR VASCONCELOS	Ciências Biológicas	Farmacologia	Farmacologia Cardiorenal	nan
ADRIANO FRANCISCO ALVES	Ciências da Saúde	Medicina	Anatomia Patológica e Patologia Clínica	nan
ADRIANO FRANCISCO ALVES	Ciências da Saúde	Medicina	Anatomia Patológica e Patologia Clínica	nan
ADRIANO FRANCISCO ALVES	Ciências da Saúde	Medicina	Anatomia Patológica e Patologia Clínica	nan
REINALDO NOBREGA DE ALMEIDA	Ciências Biológicas	Farmacologia	Neuropsicofarmacologia	nan
FABIO MARCEL DA SILVA SANTOS	Ciências Biológicas	Parasitologia	Helmintologia de Parasitos	Helmintologia Humana
CLAUDIO ROBERTO BEZERRA DOS SANTOS	Ciências da Saúde	Medicina	Clínica Médica	nan
BRUNO HENRIQUE ANDRADE GALVAO	Ciências Biológicas	Microbiologia	Microbiologia Aplicada	Microbiologia Médica
JOSE SOARES DO NASCIMENTO	Ciências da Saúde	Medicina	Clínica Médica	Doenças Infecciosas e Parasitárias
JOSE SOARES DO NASCIMENTO	Ciências da Saúde	Medicina	Clínica Médica	Doenças Infecciosas e Parasitárias
VINICIUS PIETTA PEREZ	Ciências Biológicas	Microbiologia	Microbiologia Aplicada	Microbiologia Médica
VINICIUS PIETTA PEREZ	Ciências Biológicas	Microbiologia	Microbiologia Aplicada	Microbiologia Médica
VINICIUS PIETTA PEREZ	Ciências Biológicas	Microbiologia	Microbiologia Aplicada	Microbiologia Médica
LIANA CLEBIA DE MORAIS PORDEUS	Ciências da Saúde	Medicina	Psiquiatria	nan
NAIARA NAIANA DEJANI	Ciências Biológicas	Imunologia	Imunologia Celular	nan
NAIARA NAIANA DEJANI	Ciências Biológicas	Imunologia	Imunologia Celular	nan
THAIS JOSY CASTRO FREIRE DE ASSIS	Ciências da Saúde	Fisioterapia e Terapia Ocupacional	nan	nan
THAIS JOSY CASTRO FREIRE DE ASSIS	Ciências da Saúde	Fisioterapia e Terapia Ocupacional	nan	nan
KATIA SUELY QUEIROZ SILVA RIBEIRO	Ciências da Saúde	Fisioterapia e Terapia Ocupacional	nan	nan
CARINA CARVALHO CORREIA COUTINHO	Ciências da Saúde	Fisioterapia e Terapia Ocupacional	nan	nan
CARINA CARVALHO CORREIA COUTINHO	Ciências da Saúde	Fisioterapia e Terapia Ocupacional	nan	nan
CRISTINA KATYA TORRES TEIXEIRA MENDES	Ciências da Saúde	Medicina	Saúde Materno-Infantil	nan
ADRIANA CARLA COSTA RIBEIRO CLEMENTINO	Ciências da Saúde	Fisioterapia e Terapia Ocupacional	nan	nan
ADRIANA CARLA COSTA RIBEIRO CLEMENTINO	Ciências da Saúde	Fisioterapia e Terapia Ocupacional	nan	nan
ADRIANA CARLA COSTA RIBEIRO CLEMENTINO	Ciências da Saúde	Fisioterapia e Terapia Ocupacional	nan	nan
ADRIANA CARLA COSTA RIBEIRO CLEMENTINO	Ciências da Saúde	Fisioterapia e Terapia Ocupacional	nan	nan
JUERILA MOREIRA BARRETO	Ciências da Saúde	Fisioterapia e Terapia Ocupacional	nan	nan
CRISTINA KATYA TORRES TEIXEIRA MENDES	Ciências da Saúde	Fisioterapia e Terapia Ocupacional	nan	nan
ROBSON DA FONSECA NEVES	Ciências da Saúde	Fisioterapia e Terapia Ocupacional	nan	nan
VALÉRIA MAYALY ALVES DE OLIVEIRA	Ciências da Saúde	Fisioterapia e Terapia Ocupacional	nan	nan
VALÉRIA MAYALY ALVES DE OLIVEIRA	Ciências da Saúde	Fisioterapia e Terapia Ocupacional	nan	nan
JUERILA MOREIRA BARRETO	Ciências da Saúde	Fisioterapia e Terapia Ocupacional	nan	nan
LIGIA RAQUEL ORTIZ GOMES STOLT	Ciências da Saúde	Saúde Coletiva	Epidemiologia	nan
LIGIA RAQUEL ORTIZ GOMES STOLT	Ciências da Saúde	Saúde Coletiva	Epidemiologia	nan
SUELLEN MARY MARINHO DOS SANTOS ANDRADE	Ciências da Saúde	Fisioterapia e Terapia Ocupacional	nan	nan
CRISTINA KATYA TORRES TEIXEIRA MENDES	Ciências da Saúde	Fisioterapia e Terapia Ocupacional	nan	nan
EDUARDO ERIKO TENÓRIO DE FRANÇA	Ciências da Saúde	Fisioterapia e Terapia Ocupacional	nan	nan
JOSE JAMACY DE ALMEIDA FERREIRA	Ciências da Saúde	Fisioterapia e Terapia Ocupacional	nan	nan
JOSE JAMACY DE ALMEIDA FERREIRA	Ciências da Saúde	Fisioterapia e Terapia Ocupacional	nan	nan
SUELLEN MARY MARINHO DOS SANTOS ANDRADE	Ciências da Saúde	Fisioterapia e Terapia Ocupacional	nan	nan
LEANDRO DE ARAUJO PERNAMBUCO	Ciências da Saúde	Fonoaudiologia	nan	nan
ISABELLE CAHINO DELGADO	Ciências da Saúde	Fonoaudiologia	nan	nan
HANNALICE GOTTSCHALCK CAVALCANTI	Ciências da Saúde	Fonoaudiologia	nan	nan
MARIA FABIANA BONFIM DE LIMA SILVA	Ciências da Saúde	Fonoaudiologia	nan	nan
ANNA ALICE FIGUEIREDO DE ALMEIDA QUEIROZ	Ciências da Saúde	Fonoaudiologia	nan	nan
LEANDRO DE ARAUJO PERNAMBUCO	Ciências da Saúde	Fonoaudiologia	nan	nan
PRISCILA OLIVEIRA COSTA SILVA	Ciências da Saúde	Fonoaudiologia	nan	nan
PRISCILA OLIVEIRA COSTA SILVA	Ciências da Saúde	Fonoaudiologia	nan	nan
MARIA FABIANA BONFIM DE LIMA SILVA	Ciências da Saúde	Fonoaudiologia	nan	nan
GIORVAN ANDERSON DOS SANTOS ALVES	Ciências da Saúde	Fonoaudiologia	nan	nan
ANNA ALICE FIGUEIREDO DE ALMEIDA QUEIROZ	Ciências da Saúde	Fonoaudiologia	nan	nan
ANNA ALICE FIGUEIREDO DE ALMEIDA QUEIROZ	Ciências da Saúde	Fonoaudiologia	nan	nan
DÉBORA VASCONCELOS CORREIA	Ciências da Saúde	Fonoaudiologia	nan	nan
HANNALICE GOTTSCHALCK CAVALCANTI	Ciências da Saúde	Fonoaudiologia	nan	nan
ISABELLE CAHINO DELGADO	Ciências da Saúde	Fonoaudiologia	nan	nan
MARINE RAQUEL DINIZ DA ROSA	Ciências da Saúde	Fonoaudiologia	nan	nan
LEANDRO DE ARAUJO PERNAMBUCO	Ciências da Saúde	Fonoaudiologia	nan	nan
LUCIANA PIMENTEL FERNANDES DE MELO	Ciências da Saúde	Fonoaudiologia	nan	nan
GIORVAN ANDERSON DOS SANTOS ALVES	Ciências da Saúde	Fonoaudiologia	nan	nan
LUCIANE SPINELLI DE FIGUEIREDO PESSOA	Ciências da Saúde	Fonoaudiologia	nan	nan
MARIA FABIANA BONFIM DE LIMA SILVA	Ciências da Saúde	Fonoaudiologia	nan	nan
MARIA FABIANA BONFIM DE LIMA SILVA	Ciências da Saúde	Fonoaudiologia	nan	nan
LEONARDO WANDERLEY LOPES	Ciências da Saúde	Fonoaudiologia	nan	nan
PRISCILA OLIVEIRA COSTA SILVA	Ciências da Saúde	Fonoaudiologia	nan	nan
MARINE RAQUEL DINIZ DA ROSA	Ciências da Saúde	Fonoaudiologia	nan	nan
MARINE RAQUEL DINIZ DA ROSA	Ciências da Saúde	Fonoaudiologia	nan	nan
ANDRE DE SA BRAGA OLIVEIRA	Ciências Biológicas	Morfologia	Anatomia	Anatomia Humana
ANDRE DE SA BRAGA OLIVEIRA	Ciências Biológicas	Morfologia	Anatomia	Anatomia Humana
ANDRE DE SA BRAGA OLIVEIRA	Ciências Biológicas	Morfologia	Anatomia	Anatomia Humana
ARTHUR WILLIAN DE LIMA BRASIL	Ciências Agrárias	Medicina Veterinária	Medicina Veterinária Preventiva	Doenças Infecciosas de Animais
ARTHUR WILLIAN DE LIMA BRASIL	Ciências Agrárias	Medicina Veterinária	Medicina Veterinária Preventiva	Doenças Infecciosas de Animais
ANDRE DE SA BRAGA OLIVEIRA	Ciências da Saúde	Medicina	Cirurgia	Neurocirurgia
ANDRESSA FEITOSA BEZERRA DE OLIVEIRA	Ciências da Saúde	Odontologia	Odontologia Social e Preventiva	nan
ANDRESSA FEITOSA BEZERRA DE OLIVEIRA	Ciências da Saúde	Odontologia	Odontologia Social e Preventiva	nan
ANDRESSA FEITOSA BEZERRA DE OLIVEIRA	Ciências da Saúde	Odontologia	Odontologia Social e Preventiva	nan
ANDRESSA FEITOSA BEZERRA DE OLIVEIRA	Ciências da Saúde	Odontologia	Odontologia Social e Preventiva	nan
ANDRE DE SA BRAGA OLIVEIRA	Ciências da Saúde	Medicina	Cirurgia	Neurocirurgia
LUCIANA BARBOSA SOUSA DE LUCENA	Ciências da Saúde	Odontologia	Cirurgia Buco-Maxilo-Facial	nan
RAFAELA LIRA FORMIGA CAVALCANTI DE LIMA	Ciências da Saúde	Nutrição	Análise Nutricional de População	nan
JAILANE DE SOUZA AQUINO	Ciências da Saúde	Nutrição	Bioquímica da Nutrição	nan
CINTHIA KARLA RODRIGUES DO MONTE GUEDES	Ciências da Saúde	Nutrição	Dietética	nan
JAILANE DE SOUZA AQUINO	Ciências da Saúde	Nutrição	Bioquímica da Nutrição	nan
MARIA DA CONCEICAO RODRIGUES GONCALVES	Ciências da Saúde	Nutrição	Análise Nutricional de População	nan
PAMELA RODRIGUES MARTINS LINS	Ciências da Saúde	Nutrição	Análise Nutricional de População	nan
KATIA RAU DE ALMEIDA CALLOU	Ciências da Saúde	Nutrição	Dietética	nan
CARMEM SILVIA LAUREANO DALLE PIAGGE	Ciências da Saúde	Odontologia	Clínica Odontológica	nan
ISABELA ALBUQUERQUE PASSOS FARIAS	Ciências da Saúde	Odontologia	Odontologia Social e Preventiva	nan
LUCIANA FERRAZ GOMINHO	Ciências da Saúde	Odontologia	Endodontia	nan
TULIO PESSOA DE ARAUJO	Ciências da Saúde	Odontologia	Odontologia Social e Preventiva	nan
RAQUEL VENANCIO FERNANDES DANTAS	Ciências da Saúde	Odontologia	Materiais Odontológicos	nan
ANDRE ULISSES DANTAS BATISTA	Ciências da Saúde	Odontologia	Clínica Odontológica	nan
SONIA SAEGER MEIRELES MONTE RASO	Ciências da Saúde	Odontologia	Materiais Odontológicos	nan
TULIO PESSOA DE ARAUJO	Ciências da Saúde	Odontologia	Odontologia Social e Preventiva	nan
FABIO LUIZ CUNHA DASSUNCAO	Ciências da Saúde	Odontologia	Odontologia Social e Preventiva	nan
FABIO LUIZ CUNHA DASSUNCAO	Ciências da Saúde	Odontologia	Odontologia Social e Preventiva	nan
RAQUEL VENANCIO FERNANDES DANTAS	Ciências da Saúde	Odontologia	Materiais Odontológicos	nan
DUCIA CALDAS COSME DA TRINDADE	Ciências da Saúde	Odontologia	Clínica Odontológica	nan
TULIO PESSOA DE ARAUJO	Ciências da Saúde	Odontologia	Odontologia Social e Preventiva	nan
ROBINSOM VIEGAS MONTENEGRO	Ciências da Saúde	Odontologia	Materiais Odontológicos	nan
DUCIA CALDAS COSME DA TRINDADE	Ciências da Saúde	Odontologia	Clínica Odontológica	nan
TULIO PESSOA DE ARAUJO	Ciências da Saúde	Odontologia	Odontologia Social e Preventiva	nan
TULIO PESSOA DE ARAUJO	Ciências da Saúde	Odontologia	Odontologia Social e Preventiva	nan
LUCIANO ELIAS DA CRUZ PEREZ	Ciências da Saúde	Odontologia	Materiais Odontológicos	nan
MARCELE JARDIM PIMENTEL	Ciências da Saúde	Odontologia	Materiais Odontológicos	nan
ANA KARINA MACIEL DE ANDRADE	Ciências da Saúde	Odontologia	Materiais Odontológicos	nan
ANDRE ULISSES DANTAS BATISTA	Ciências da Saúde	Odontologia	Clínica Odontológica	nan
HUGO RAMALHO SARMENTO	Ciências da Saúde	Odontologia	Clínica Odontológica	nan
DAYANE FRANCO BARROS MANGUEIRA LEITE	Ciências da Saúde	Odontologia	Odontologia Social e Preventiva	nan
ANA CAROLLYNE DANTAS DE LIMA	Ciências da Saúde	Fisioterapia e Terapia Ocupacional	nan	nan
MARILIA MEYER BREGALDA	Ciências da Saúde	Educação Física	nan	nan
MARILIA MEYER BREGALDA	Ciências da Saúde	Educação Física	nan	nan
CLARICE RIBEIRO SOARES ARAUJO	Ciências da Saúde	Fisioterapia e Terapia Ocupacional	nan	nan
CLARICE RIBEIRO SOARES ARAUJO	Ciências da Saúde	Fisioterapia e Terapia Ocupacional	nan	nan
CLARICE RIBEIRO SOARES ARAUJO	Ciências da Saúde	Fisioterapia e Terapia Ocupacional	nan	nan
RONALDO RODRIGUES SARMENTO	Ciências da Saúde	Medicina	Anatomia Patológica e Patologia Clínica	nan
RONALDO RODRIGUES SARMENTO	Ciências da Saúde	Medicina	Anatomia Patológica e Patologia Clínica	nan
ANA CAROLINA BERNARDES DULGHEROFF	Ciências Biológicas	Parasitologia	Helmintologia de Parasitos	nan
RONALDO RODRIGUES SARMENTO	Ciências da Saúde	Medicina	Anatomia Patológica e Patologia Clínica	nan
RONALDO RODRIGUES SARMENTO	Ciências da Saúde	Medicina	Anatomia Patológica e Patologia Clínica	nan
RONALDO RODRIGUES SARMENTO	Ciências da Saúde	Medicina	Anatomia Patológica e Patologia Clínica	nan
RONALDO RODRIGUES SARMENTO	Ciências da Saúde	Medicina	Anatomia Patológica e Patologia Clínica	nan
LUCIO ROBERTO CANCADO CASTELLANO	Ciências Biológicas	Imunologia	Imunologia Aplicada	nan
FERNANDA MARIA CHIANCA DA SILVA	Ciências da Saúde	Saúde Coletiva	Saúde Pública	nan
SIMONE HELENA DOS SANTOS OLIVEIRA	Ciências da Saúde	Enfermagem	Enfermagem Médico-Cirúrgica	nan
SIMONE HELENA DOS SANTOS OLIVEIRA	Ciências da Saúde	Enfermagem	Enfermagem Médico-Cirúrgica	nan
ANA CAROLINA BERNARDES DULGHEROFF	Ciências Biológicas	Parasitologia	Helmintologia de Parasitos	nan
JOÃO FELIPE BEZERRA	Ciências da Saúde	Farmácia	Análise Toxicológica	nan
CARMEM GABRIELA GOMES DE FIGUEIREDO	Ciências Biológicas	Bioquímica	Biologia Molecular	nan
ANA CAROLINA BERNARDES DULGHEROFF	Ciências da Saúde	Saúde Coletiva	Medicina Preventiva	nan
MARCIA REGINA PIUVEZAM	Ciências Biológicas	Imunologia	Imunologia Celular	nan
MARCIA REGINA PIUVEZAM	Ciências Biológicas	Imunologia	Imunologia Celular	nan
