PROFESSOR	GRANDE_AREA	AREA	SUB_AREA	ESPECIALIDADE
RODRIGO FREIRE DE CARVALHO E SILVA	Ciências Humanas	História	História do Brasil	História do Brasil República
SAMIR PERRONE DE MIRANDA	Ciências Humanas	Ciência Política	Estado e Governo	Estudos do Poder Local
PEDRO FRANCISCO GUEDES DO NASCIMENTO	Ciências Humanas	Antropologia	Antropologia Urbana	nan
SERGIO BOTTON BARCELLOS	Ciências Humanas	Sociologia	Sociologia Rural	nan
MONICA LOURDES FRANCH GUTIERREZ	Ciências Humanas	Antropologia	Antropologia Urbana	nan
PEDRO FRANCISCO GUEDES DO NASCIMENTO	Ciências Humanas	Antropologia	Antropologia Urbana	nan
SAMIR PERRONE DE MIRANDA	Ciências Humanas	Ciência Política	Estado e Governo	Estudos do Poder Local
TASSIA RABELO DE PINHO	Ciências Humanas	Ciência Política	Comportamento Político	Comportamento Legislativo
MONICA LOURDES FRANCH GUTIERREZ	Ciências Humanas	Antropologia	Antropologia Urbana	nan
TERESA CRISTINA FURTADO MATOS	Ciências Humanas	Sociologia	Outras Sociologias Específicas	nan
PATRICIA ALVES RAMIRO	Ciências Humanas	Antropologia	Antropologia Rural	nan
TASSIA RABELO DE PINHO	Ciências Humanas	Ciência Política	Comportamento Político	Comportamento Legislativo
CANDIDA JACI DE SOUSA MELO	Ciências Humanas	Filosofia	Lógica	nan
DIEGO PINHEIRO FERNANDES	Ciências Humanas	Filosofia	Lógica	nan
ROBERTO GRASSO	Ciências Humanas	Filosofia	História da Filosofia	nan
CANDIDA JACI DE SOUSA MELO	Ciências Humanas	Filosofia	Lógica	nan
HERMOGENES HEBERT PEREIRA OLIVEIRA	Ciências Humanas	Filosofia	Lógica	nan
MARCONI JOSE PIMENTEL PEQUENO	Ciências Humanas	Filosofia	Ética	nan
ANA BEATRIZ RIBEIRO BARROS SILVA	Ciências Humanas	História	História do Brasil	História do Brasil República
TELMA CRISTINA DELGADO DIAS FERNANDES	Ciências Humanas	História	História do Brasil	História do Brasil República
ANA BEATRIZ RIBEIRO BARROS SILVA	Ciências Humanas	História	História do Brasil	História do Brasil República
PAULO GIOVANI ANTONINO NUNES	Ciências Humanas	História	História do Brasil	História do Brasil República
MARTINHO GUEDES DOS SANTOS NETO	Ciências Humanas	História	História do Brasil	História do Brasil República
MARTINHO GUEDES DOS SANTOS NETO	Ciências Humanas	História	História do Brasil	História do Brasil República
SERIOJA RODRIGUES CORDEIRO MARIANO	Ciências Humanas	História	História do Brasil	História do Brasil Império
ANA MARIA VEIGA	Ciências Humanas	História	Teoria e Filosofia da História	nan
CLAUDIA CRISTINA DO LAGO BORGES	Ciências Humanas	História	Teoria e Filosofia da História	nan
GUILHERME QUEIROZ DE SOUZA	Ciências Humanas	História	História Antiga e Medieval	nan
GUILHERME QUEIROZ DE SOUZA	Ciências Humanas	História	História Antiga e Medieval	nan
TELMA CRISTINA DELGADO DIAS FERNANDES	Ciências Humanas	História	História do Brasil	História do Brasil República
TELMA CRISTINA DELGADO DIAS FERNANDES	Ciências Humanas	História	História do Brasil	História do Brasil República
MARTINHO GUEDES DOS SANTOS NETO	Ciências Humanas	História	História do Brasil	História do Brasil República
MONIQUE GUIMARAES CITTADINO	Ciências Humanas	História	História do Brasil	História Regional do Brasil
CARLA MARY DA SILVA OLIVEIRA	Ciências Humanas	História	História Moderna e Contemporânea	nan
TELMA CRISTINA DELGADO DIAS FERNANDES	Ciências Humanas	História	História do Brasil	História do Brasil República
TELMA CRISTINA DELGADO DIAS FERNANDES	Ciências Humanas	História	História do Brasil	História do Brasil República
PRISCILLA GONTIJO LEITE	Ciências Humanas	História	História Antiga e Medieval	nan
FERNANDO CAUDURO PUREZA	Ciências Humanas	História	História do Brasil	História do Brasil República
FERNANDO CAUDURO PUREZA	Ciências Humanas	História	História do Brasil	História do Brasil República
CLAUDIA CRISTINA DO LAGO BORGES	Ciências Humanas	História	História do Brasil	História do Brasil República
MONIQUE GUIMARAES CITTADINO	Ciências Humanas	História	História do Brasil	História Regional do Brasil
CLAUDIA CRISTINA DO LAGO BORGES	Ciências Humanas	História	História do Brasil	História do Brasil República
ANA MARIA VEIGA	Ciências Humanas	História	Teoria e Filosofia da História	nan
CLAUDIA CRISTINA DO LAGO BORGES	Ciências Humanas	História	Teoria e Filosofia da História	nan
CARLA MARY DA SILVA OLIVEIRA	Ciências Humanas	História	História Moderna e Contemporânea	nan
HERMANO DE FRANCA RODRIGUES	Lingüística, Letras e Artes	Letras	Literatura Comparada	nan
HERMANO DE FRANCA RODRIGUES	Lingüística, Letras e Artes	Lingüística	Teoria e Análise Lingüística	nan
ANA CLAUDIA FELIX GUALBERTO	Lingüística, Letras e Artes	Letras	Literatura Brasileira	nan
MARCO VALERIO CLASSE COLONNELLI	Lingüística, Letras e Artes	Letras	Línguas Clássicas	nan
MARCO VALERIO CLASSE COLONNELLI	Lingüística, Letras e Artes	Letras	Línguas Clássicas	nan
DANIELA MARIA SEGABINAZI	Lingüística, Letras e Artes	Letras	Outras Literaturas Vernáculas	nan
DANIELA MARIA SEGABINAZI	Lingüística, Letras e Artes	Letras	Outras Literaturas Vernáculas	nan
RENATA GONCALVES GOMES	Lingüística, Letras e Artes	Letras	Teoria Literária	nan
WALISON PAULINO DE ARAUJO COSTA	Lingüística, Letras e Artes	Lingüística	Lingüística Aplicada	nan
RENATA GONCALVES GOMES	Lingüística, Letras e Artes	Letras	Teoria Literária	nan
RENATA GONCALVES GOMES	Lingüística, Letras e Artes	Letras	Teoria Literária	nan
MARTA PRAGANA DANTAS	Lingüística, Letras e Artes	Letras	Literatura Comparada	nan
GUSTAVO LOPEZ ESTIVALET	Lingüística, Letras e Artes	Letras	Línguas Estrangeiras Modernas	nan
MARIA APARECIDA DE OLIVEIRA	Lingüística, Letras e Artes	Letras	Literaturas Estrangeiras Modernas	nan
RENATA GONCALVES GOMES	Lingüística, Letras e Artes	Letras	Teoria Literária	nan
DANIELLE DE LUNA E SILVA	Lingüística, Letras e Artes	Letras	Literaturas Estrangeiras Modernas	nan
MARIA ELIZABETH PEREGRINO SOUTO MAIOR MENDES	Lingüística, Letras e Artes	Letras	Literatura Comparada	nan
JULIANA HENRIQUES DE LUNA FREIRE	Lingüística, Letras e Artes	Letras	Literaturas Estrangeiras Modernas	nan
MARTA PRAGANA DANTAS	Lingüística, Letras e Artes	Letras	Literatura Comparada	nan
MARTA PRAGANA DANTAS	Lingüística, Letras e Artes	Letras	Literatura Comparada	nan
MARIA ELIZABETH PEREGRINO SOUTO MAIOR MENDES	Lingüística, Letras e Artes	Letras	Literatura Comparada	nan
MARIA APARECIDA DE OLIVEIRA	Lingüística, Letras e Artes	Letras	Literaturas Estrangeiras Modernas	nan
JAN EDSON RODRIGUES LEITE	Lingüística, Letras e Artes	Lingüística	Psicolingüística	nan
MARIA REGINA BARACUHY LEITE	Lingüística, Letras e Artes	Lingüística	Teoria e Análise Lingüística	nan
MARIA REGINA BARACUHY LEITE	Lingüística, Letras e Artes	Lingüística	Teoria e Análise Lingüística	nan
DENILSON PEREIRA DE MATOS	Lingüística, Letras e Artes	Lingüística	Teoria e Análise Lingüística	nan
MARGARETE VON MUHLEN POLL	Lingüística, Letras e Artes	Letras	Língua Portuguesa	nan
MARCIO MARTINS LEITAO	Lingüística, Letras e Artes	Lingüística	Psicolingüística	nan
LEONARDO GUEIROS DA SILVA	Lingüística, Letras e Artes	Lingüística	Lingüística Aplicada	nan
JAN EDSON RODRIGUES LEITE	Lingüística, Letras e Artes	Lingüística	Psicolingüística	nan
MARCIO MARTINS LEITAO	Lingüística, Letras e Artes	Lingüística	Psicolingüística	nan
REGINA CELI MENDES PEREIRA DA SILVA	Lingüística, Letras e Artes	Lingüística	Lingüística Aplicada	nan
JOSE WELLISTEN ABREU DE SOUZA	Lingüística, Letras e Artes	Lingüística	Lingüística Aplicada	nan
DENILSON PEREIRA DE MATOS	Lingüística, Letras e Artes	Lingüística	Teoria e Análise Lingüística	nan
HELANO JADER CAVALCANTE RIBEIRO	Lingüística, Letras e Artes	Letras	Teoria Literária	nan
ROBERTO CARLOS DE ASSIS	Lingüística, Letras e Artes	Letras	Literatura Comparada	nan
ROBERTO VILMAR SATUR	Multidisciplinar	Interdisciplinar	Engenharia/Tecnologia/Gestão	nan
ROBERTO VILMAR SATUR	Multidisciplinar	Interdisciplinar	Engenharia/Tecnologia/Gestão	nan
ROBERTO VILMAR SATUR	Multidisciplinar	Interdisciplinar	Engenharia/Tecnologia/Gestão	nan
ÁNGELA MARÍA ERAZO MUNOZ	Multidisciplinar	Interdisciplinar	Sociais e Humanidades	nan
ROBERTO VILMAR SATUR	Multidisciplinar	Interdisciplinar	Engenharia/Tecnologia/Gestão	nan
ROBERTO VILMAR SATUR	Multidisciplinar	Interdisciplinar	Engenharia/Tecnologia/Gestão	nan
HELANO JADER CAVALCANTE RIBEIRO	Lingüística, Letras e Artes	Letras	Teoria Literária	nan
ALBERTO RICARDO PESSOA	Lingüística, Letras e Artes	Artes	Artes Plásticas	Desenho
JULIO RIQUE NETO	Ciências Humanas	Psicologia	Psicologia do Desenvolvimento Humano	Desenvolvimento Social e da Personalidade
PAULO CESAR ZAMBRONI DE SOUZA	Ciências Humanas	Psicologia	Psicologia do Trabalho e Organizacional	nan
CARMEN WALENTINA AMORIM GAUDENCIO BEZERRA	Ciências Humanas	Psicologia	Tratamento e Prevenção Psicológica	Programas de Atendimento Comunitário
NATANAEL ANTONIO DOS SANTOS	Ciências Humanas	Psicologia	Psicologia Experimental	Processos Perceptuais e Motores
ANISIO JOSE DA SILVA ARAUJO	Ciências Humanas	Psicologia	Psicologia do Trabalho e Organizacional	Fatores Humanos no Trabalho
MARISIA OLIVEIRA DA SILVA	Ciências Humanas	Psicologia	Psicologia Social	Papéis e Estruturas Sociais; Indivíduo
BALDUINO GUEDES FERNANDES DA CUNHA	Ciências Humanas	Psicologia	Psicologia Social	Processos Grupais e de Comunicação
BALDUINO GUEDES FERNANDES DA CUNHA	Ciências Humanas	Psicologia	Psicologia Social	Processos Grupais e de Comunicação
BALDUINO GUEDES FERNANDES DA CUNHA	Ciências Humanas	Psicologia	Psicologia Social	Processos Grupais e de Comunicação
PATRICIA NUNES DA FONSECA	Ciências Humanas	Psicologia	Fundamentos e Medidas da Psicologia	Construção e Validade de Testes, Escalas e Outras Medidas Psicológicas
PATRICIA NUNES DA FONSECA	Ciências Humanas	Psicologia	Fundamentos e Medidas da Psicologia	Construção e Validade de Testes, Escalas e Outras Medidas Psicológicas
MONICA DE FATIMA BATISTA CORREIA	Ciências Humanas	Psicologia	Psicologia do Ensino e da Aprendizagem	Aprendizagem e Desempenho Acadêmicos
SANDRA SOUZA DA SILVA	Ciências Humanas	Psicologia	Tratamento e Prevenção Psicológica	Intervenção Terapêutica
CARLOS EDUARDO PIMENTEL	Ciências Humanas	Psicologia	Psicologia Social	Processos Grupais e de Comunicação
FABIOLA DE SOUSA BRAZ AQUINO	Ciências Humanas	Psicologia	Psicologia do Desenvolvimento Humano	Processos Perceptuais e Cognitivos; Desenvolvimento
MANUELLA CASTELO BRANCO PESSOA	Ciências Humanas	Psicologia	Psicologia do Trabalho e Organizacional	Fatores Humanos no Trabalho
MANUELLA CASTELO BRANCO PESSOA	Ciências Humanas	Psicologia	Psicologia do Trabalho e Organizacional	Fatores Humanos no Trabalho
MANUELLA CASTELO BRANCO PESSOA	Ciências Humanas	Psicologia	Psicologia do Trabalho e Organizacional	Fatores Humanos no Trabalho
MANUELLA CASTELO BRANCO PESSOA	Ciências Humanas	Psicologia	Psicologia do Trabalho e Organizacional	Fatores Humanos no Trabalho
SANDRA SOUZA DA SILVA	Ciências Humanas	Psicologia	Tratamento e Prevenção Psicológica	Intervenção Terapêutica
MARIA DE FATIMA PEREIRA ALBERTO	Ciências Humanas	Psicologia	Psicologia Social	Papéis e Estruturas Sociais; Indivíduo
MELYSSA KELLYANE CAVALCANTI GALDINO	Ciências Humanas	Psicologia	Psicologia Cognitiva	nan
MELYSSA KELLYANE CAVALCANTI GALDINO	Ciências Humanas	Psicologia	Psicologia Cognitiva	nan
MIRIAN GRACIELA DA SILVA STIEBBE SALVADORI	Ciências Humanas	Psicologia	Psicologia Experimental	nan
CARLOS EDUARDO PIMENTEL	Ciências Humanas	Psicologia	Psicologia Social	Processos Grupais e de Comunicação
NATANAEL ANTONIO DOS SANTOS	Ciências Humanas	Psicologia	Psicologia Experimental	Processos Perceptuais e Motores
MARISIA OLIVEIRA DA SILVA	Ciências Humanas	Psicologia	Psicologia Social	Papéis e Estruturas Sociais; Indivíduo
JULIO RIQUE NETO	Ciências Humanas	Psicologia	Psicologia do Desenvolvimento Humano	Desenvolvimento Social e da Personalidade
MELYSSA KELLYANE CAVALCANTI GALDINO	Ciências Humanas	Psicologia	Psicologia do Desenvolvimento Humano	nan
ANISIO JOSE DA SILVA ARAUJO	Ciências Humanas	Psicologia	Psicologia do Trabalho e Organizacional	Fatores Humanos no Trabalho
FABIOLA DE SOUSA BRAZ AQUINO	Ciências Humanas	Psicologia	Psicologia do Ensino e da Aprendizagem	Treinamento de Pessoal
MELYSSA KELLYANE CAVALCANTI GALDINO	Ciências Humanas	Psicologia	Psicologia do Desenvolvimento Humano	nan
FLAVIO FREITAS BARBOSA	Ciências Humanas	Psicologia	Psicologia Fisiológica	Psicobiologia
FLAVIO FREITAS BARBOSA	Ciências Humanas	Psicologia	Psicologia Fisiológica	Psicobiologia
MARIA DE FATIMA PEREIRA ALBERTO	Ciências Humanas	Psicologia	Psicologia Social	Papéis e Estruturas Sociais; Indivíduo
MARIA DE FATIMA PEREIRA ALBERTO	Ciências Humanas	Psicologia	Psicologia Social	Papéis e Estruturas Sociais; Indivíduo
MARIA DE FATIMA PEREIRA ALBERTO	Ciências Humanas	Psicologia	Psicologia Social	Papéis e Estruturas Sociais; Indivíduo
MARIA DE FATIMA PEREIRA ALBERTO	Ciências Humanas	Psicologia	Psicologia Social	Papéis e Estruturas Sociais; Indivíduo
TATIANA DE LUCENA TORRES	Ciências Humanas	Psicologia	Psicologia do Trabalho e Organizacional	Fatores Humanos no Trabalho
CLAUDIA MARIA COSTA GOMES	Ciências Sociais Aplicadas	Serviço Social	Fundamentos do Serviço Social	nan
WECIO PINHEIRO ARAUJO	Ciências Sociais Aplicadas	Serviço Social	Fundamentos do Serviço Social	nan
MARIA DE FATIMA LEITE GOMES	Ciências Sociais Aplicadas	Serviço Social	Serviço Social Aplicado	Serviço Social da Educação
ALINE MARIA BATISTA MACHADO	Ciências Sociais Aplicadas	Serviço Social	Fundamentos do Serviço Social	nan
ALINE MARIA BATISTA MACHADO	Ciências Sociais Aplicadas	Serviço Social	Fundamentos do Serviço Social	nan
EMANUEL LUIZ PEREIRA DA SILVA	Ciências Sociais Aplicadas	Serviço Social	Serviço Social Aplicado	Serviço Social do Trabalho
WECIO PINHEIRO ARAUJO	Ciências Humanas	Filosofia	Ética	nan
MARIA DE NAZARE TAVARES ZENAIDE	Ciências Humanas	História	História do Brasil	História do Brasil República
DANIELLE VIANA LUGO PEREIRA	Ciências Sociais Aplicadas	Serviço Social	Fundamentos do Serviço Social	nan
DANIELLE VIANA LUGO PEREIRA	Ciências Sociais Aplicadas	Serviço Social	Fundamentos do Serviço Social	nan
EMANUEL LUIZ PEREIRA DA SILVA	Ciências Sociais Aplicadas	Serviço Social	Serviço Social Aplicado	Serviço Social do Trabalho
CLAUDIA MARIA COSTA GOMES	Ciências Sociais Aplicadas	Serviço Social	Fundamentos do Serviço Social	nan
GISCARD FARIAS AGRA	Ciências Sociais Aplicadas	Direito	Teoria do Direito	História do Direito
ANA LIA VANDERLEI DE ALMEIDA	Ciências Sociais Aplicadas	Direito	Teoria do Direito	Sociologia Jurídica
ROBERTO CORDOVILLE EFREM DE LIMA FILHO	Ciências Sociais Aplicadas	Direito	Teoria do Direito	Antropologia Jurídica
HUGO BELARMINO DE MORAIS	Multidisciplinar	Interdisciplinar	Sociais e Humanidades	nan
GISCARD FARIAS AGRA	Ciências Sociais Aplicadas	Direito	Teoria do Direito	História do Direito
ROBERTA CANDEIA GONCALVES	Ciências Sociais Aplicadas	Direito	Teoria do Direito	Sociologia Jurídica
NELSON GOMES DE SANT ANA E SILVA JUNIOR	Ciências Sociais Aplicadas	Direito	Teoria do Direito	Sociologia Jurídica
ROBERTO CORDOVILLE EFREM DE LIMA FILHO	Ciências Sociais Aplicadas	Direito	Teoria do Direito	Antropologia Jurídica
HUGO BELARMINO DE MORAIS	Multidisciplinar	Interdisciplinar	Sociais e Humanidades	nan
ROBERTO CORDOVILLE EFREM DE LIMA FILHO	Ciências Sociais Aplicadas	Direito	Teoria do Direito	Antropologia Jurídica
ALESSANDRA DANIELLE CARNEIRO DOS SANTOS HILARIO	Ciências Sociais Aplicadas	Direito	Direito Público	Direito Constitucional
HUGO BELARMINO DE MORAIS	Multidisciplinar	Interdisciplinar	Sociais e Humanidades	nan
ANA PAULA CORREIA DE ALBUQUERQUE DA COSTA	Ciências Sociais Aplicadas	Direito	Direito Privado	Direito Civil
ALESSANDRA DANIELLE CARNEIRO DOS SANTOS HILARIO	Ciências Sociais Aplicadas	Direito	Direito Público	Direito Constitucional
ROBERTO CORDOVILLE EFREM DE LIMA FILHO	Ciências Sociais Aplicadas	Direito	Teoria do Direito	Antropologia Jurídica
GISCARD FARIAS AGRA	Ciências Sociais Aplicadas	Direito	Teoria do Direito	História do Direito
NELSON GOMES DE SANT ANA E SILVA JUNIOR	Ciências Sociais Aplicadas	Direito	Teoria do Direito	Sociologia Jurídica
ROBERTO CORDOVILLE EFREM DE LIMA FILHO	Ciências Sociais Aplicadas	Direito	Teoria do Direito	Antropologia Jurídica
MARIA GORETTI DAL BOSCO	Ciências Sociais Aplicadas	Direito	Direito Privado	Direito Civil
MARIA GORETTI DAL BOSCO	Ciências Sociais Aplicadas	Direito	Direito Privado	Direito Civil
MARILIA MARQUES REGO VILHENA	Ciências Sociais Aplicadas	Direito	Direito Privado	Direito Comercial
JAILTON MACENA DE ARAÚJO	Ciências Sociais Aplicadas	Direito	Direito Privado	Direito do Trabalho
MARCELO WEICK POGLIESE	Ciências Sociais Aplicadas	Direito	Direitos Especiais	nan
MARCELO WEICK POGLIESE	Ciências Sociais Aplicadas	Direito	Direitos Especiais	nan
JAILTON MACENA DE ARAÚJO	Ciências Sociais Aplicadas	Direito	Direito Privado	Direito do Trabalho
LUIS CARLOS DOS SANTOS LIMA SOBRINHO	Ciências Sociais Aplicadas	Direito	Direito Público	Direito Internacional Público
GUSTAVO BARBOSA DE MESQUITA BATISTA	Ciências Sociais Aplicadas	Direito	Direito Público	Direito Penal
LUIS CARLOS DOS SANTOS LIMA SOBRINHO	Ciências Sociais Aplicadas	Direito	Direito Público	Direito Internacional Público
GUSTAVO BARBOSA DE MESQUITA BATISTA	Ciências Sociais Aplicadas	Direito	Direito Público	Direito Penal
ALESSANDRA CORREIA LIMA MACEDO FRANCA	Ciências Sociais Aplicadas	Direito	Direito Público	Direito Internacional Público
MARCILIO TOSCANO FRANCA FILHO	Ciências Sociais Aplicadas	Direito	Direito Público	Direito Internacional Público
MARCILIO TOSCANO FRANCA FILHO	Ciências Sociais Aplicadas	Direito	Direito Público	Direito Internacional Público
LUCIMEIRY BATISTA DA SILVA RABAY	Ciências Sociais Aplicadas	Administração	Administração Pública	nan
ANIELSON BARBOSA DA SILVA	Ciências Sociais Aplicadas	Administração	Administração de Empresas	nan
PAMELA ADELINO RAMOS ALBERTINS	Ciências Sociais Aplicadas	Administração	Administração de Empresas	Administração de Recursos Humanos
ANIELSON BARBOSA DA SILVA	Ciências Sociais Aplicadas	Administração	Administração de Empresas	nan
ANA LUCIA DE ARAUJO LIMA COELHO	Ciências Sociais Aplicadas	Administração	Administração de Empresas	nan
JOSE JORGE LIMA DIAS JUNIOR	Ciências Sociais Aplicadas	Administração	Administração de Setores Específicos	nan
ANIELSON BARBOSA DA SILVA	Ciências Sociais Aplicadas	Administração	Administração de Empresas	nan
ANA LUCIA DE ARAUJO LIMA COELHO	Ciências Sociais Aplicadas	Administração	Administração de Empresas	nan
LUCIMEIRY BATISTA DA SILVA RABAY	Ciências Sociais Aplicadas	Administração	Administração Pública	nan
CLÁUDIO PILAR DA SILVA JUNIOR	Ciências Sociais Aplicadas	Administração	Administração de Empresas	Administração Financeira
ANA CAROLINA KRUTA DE ARAUJO BISPO	Ciências Sociais Aplicadas	Administração	Administração de Setores Específicos	nan
LUCIMEIRY BATISTA DA SILVA RABAY	Multidisciplinar	Interdisciplinar	Sociais e Humanidades	nan
PAMELA ADELINO RAMOS ALBERTINS	Ciências Sociais Aplicadas	Administração	Administração de Empresas	Administração da Produção
PAMELA ADELINO RAMOS ALBERTINS	Ciências Sociais Aplicadas	Administração	Administração de Empresas	Administração de Recursos Humanos
DIANA LUCIA TEIXEIRA DE CARVALHO	Ciências Sociais Aplicadas	Administração	Administração Pública	nan
ALZIRA KARLA ARAUJO DA SILVA	Ciências Sociais Aplicadas	Ciência da Informação	Teoria da Informação	nan
ELIANE BEZERRA PAIVA	Ciências Sociais Aplicadas	Ciência da Informação	Biblioteconomia	Métodos Quantitativos. Bibliometria
EMEIDE NOBREGA DUARTE	Ciências Sociais Aplicadas	Ciência da Informação	Teoria da Informação	Teoria Geral da Informação
ALZIRA KARLA ARAUJO DA SILVA	Ciências Sociais Aplicadas	Ciência da Informação	Teoria da Informação	nan
GISELE ROCHA CORTES	Ciências Sociais Aplicadas	Ciência da Informação	Biblioteconomia	nan
LUCIANA FERREIRA DA COSTA	Lingüística, Letras e Artes	Artes	Educação Artística	nan
BERNARDINA MARIA JUVENAL FREIRE DE OLIVEIRA	Ciências Sociais Aplicadas	Ciência da Informação	Arquivologia	Organização de Arquivos
MARIA MERIANE VIEIRA DA ROCHA	Ciências Sociais Aplicadas	Ciência da Informação	Arquivologia	Organização de Arquivos
LUCIANA FERREIRA DA COSTA	Ciências Sociais Aplicadas	Ciência da Informação	Teoria da Informação	nan
GRACY KELLI MARTINS GONCALVES	Ciências Sociais Aplicadas	Ciência da Informação	Biblioteconomia	Processos de Disseminação da Informação
MARIA ELIZABETH BALTAR CARNEIRO DE ALBUQUERQUE	Ciências Sociais Aplicadas	Ciência da Informação	Biblioteconomia	Técnicas de Recuperação de Informação
MAGNO VAMBERTO BATISTA DA SILVA	Ciências Sociais Aplicadas	Economia	Economia Regional e Urbana	Economia Regional
PAULO AGUIAR DO MONTE	Ciências Sociais Aplicadas	Economia	Economia dos Recursos Humanos	Mercado de Trabalho; Política do Governo
PAULO AGUIAR DO MONTE	Ciências Sociais Aplicadas	Economia	Economia dos Recursos Humanos	Mercado de Trabalho; Política do Governo
HELIO DE SOUSA RAMOS FILHO	Ciências Sociais Aplicadas	Economia	Economia Internacional	Teoria do Comércio Internacional
ADRIANA CARLA DAMASCENO	Ciências Exatas e da Terra	Ciência da Computação	Metodologia e Técnicas da Computação	Engenharia de Software
MARCIA BATISTA DA FONSECA	Ciências Sociais Aplicadas	Economia	Economias Agrária e dos Recursos Naturais	Economia dos Recursos Naturais
MARCIA BATISTA DA FONSECA	Ciências Sociais Aplicadas	Economia	Economias Agrária e dos Recursos Naturais	Economia dos Recursos Naturais
VERA LUCIA CRUZ	Ciências Sociais Aplicadas	Administração	Ciências Contábeis	nan
ROBERIO DANTAS DE FRANCA	Ciências Sociais Aplicadas	Administração	Ciências Contábeis	nan
WENNER GLAUCIO LOPES LUCENA	Ciências Sociais Aplicadas	Administração	Ciências Contábeis	nan
ROMMEL DE SANTANA FREIRE	Ciências Sociais Aplicadas	Administração	Administração de Empresas	Administração Financeira
MOISES ARAUJO ALMEIDA	Ciências Sociais Aplicadas	Administração	Ciências Contábeis	nan
KARLA KATIUSCIA NOBREGA DE ALMEIDA	Ciências Sociais Aplicadas	Administração	Ciências Contábeis	nan
WENNER GLAUCIO LOPES LUCENA	Ciências Sociais Aplicadas	Administração	Ciências Contábeis	nan
VERA LUCIA CRUZ	Ciências Sociais Aplicadas	Administração	Ciências Contábeis	nan
VERA LUCIA CRUZ	Ciências Sociais Aplicadas	Administração	Ciências Contábeis	nan
MARIA DANIELLA DE OLIVEIRA PEREIRA DA SILVA	Ciências Sociais Aplicadas	Administração	Ciências Contábeis	nan
FLAVIO PERAZZO BARBOSA MOTA	Ciências Sociais Aplicadas	Administração	Administração Pública	Organizações Públicas
MARCOS ALAN SHAIKHZADEH VAHDAT FERREIRA	Ciências Humanas	Ciência Política	Política Internacional	Integração Internacional, Conflito, Guerra e Paz
AUGUSTO WAGNER MENEZES TEIXEIRA JUNIOR	Ciências Humanas	Ciência Política	Política Internacional	Integração Internacional, Conflito, Guerra e Paz
LUCAS MILANEZ DE LIMA ALMEIDA	Ciências Sociais Aplicadas	Economia	Economia Internacional	nan
AUGUSTO WAGNER MENEZES TEIXEIRA JUNIOR	Ciências Humanas	Ciência Política	Política Internacional	Integração Internacional, Conflito, Guerra e Paz
AUGUSTO WAGNER MENEZES TEIXEIRA JUNIOR	Ciências Humanas	Ciência Política	Política Internacional	Integração Internacional, Conflito, Guerra e Paz
MARIANA PIMENTA OLIVEIRA BACCARINI	Ciências Humanas	Ciência Política	Política Internacional	Organizações Internacionais
ELIA ELISA CIA ALVES	Ciências Humanas	Ciência Política	Políticas Públicas	Análise Institucional
ELIA ELISA CIA ALVES	Ciências Humanas	Ciência Política	Políticas Públicas	Análise Institucional
ELIANE SUPERTI	Ciências Humanas	Sociologia	Outras Sociologias Específicas	nan
MARCOS ALAN SHAIKHZADEH VAHDAT FERREIRA	Ciências Humanas	Ciência Política	Políticas Públicas	nan
MARIANA PIMENTA OLIVEIRA BACCARINI	Ciências Humanas	Ciência Política	Política Internacional	Organizações Internacionais
PASCOAL TEOFILO CARVALHO GONCALVES	Ciências Humanas	Ciência Política	Política Internacional	Organizações Internacionais
LUCAS MILANEZ DE LIMA ALMEIDA	Ciências Sociais Aplicadas	Economia	Economia Internacional	nan
LUCAS MILANEZ DE LIMA ALMEIDA	Ciências Sociais Aplicadas	Economia	Economia Internacional	nan
TULIO SERGIO HENRIQUES FERREIRA	Ciências Humanas	Ciência Política	Política Internacional	Política Externa do Brasil
HENRIQUE ZEFERINO DE MENEZES	Ciências Humanas	Ciência Política	Política Internacional	Relações Internacionais, Bilaterais e Multilaterais
HENRY IURE DE PAIVA SILVA	Ciências Humanas	Ciência Política	Política Internacional	Política Externa do Brasil
VICTOR HUGO NEVES DE OLIVEIRA	Lingüística, Letras e Artes	Artes	Dança	nan
VICTOR HUGO NEVES DE OLIVEIRA	Lingüística, Letras e Artes	Artes	Dança	nan
CAROLINA DIAS LARANJEIRA	Lingüística, Letras e Artes	Artes	Dança	Coreografia
ANA VALERIA RAMOS VICENTE	Lingüística, Letras e Artes	Artes	Dança	Coreografia
LIRIA DE ARAUJO MORAIS	Lingüística, Letras e Artes	Artes	Dança	Coreografia
VICTOR HUGO NEVES DE OLIVEIRA	Lingüística, Letras e Artes	Artes	Dança	nan
ROBSON XAVIER DA COSTA	Lingüística, Letras e Artes	Artes	Fundamentos e Crítica das Artes	Teoria da Arte
ROBSON XAVIER DA COSTA	Lingüística, Letras e Artes	Artes	Fundamentos e Crítica das Artes	Teoria da Arte
FLÁVIA AFFONSO MAYER	Ciências Sociais Aplicadas	Comunicação	Comunicação Visual	nan
FLÁVIA AFFONSO MAYER	Ciências Sociais Aplicadas	Comunicação	Comunicação Visual	nan
FLÁVIA AFFONSO MAYER	Ciências Sociais Aplicadas	Comunicação	Comunicação Visual	nan
LUIZ ANTONIO MOUSINHO MAGALHAES	Ciências Sociais Aplicadas	Comunicação	Teoria da Comunicação	nan
JOSILENE RIBEIRO DE OLIVEIRA	Ciências Humanas	Sociologia	Outras Sociologias Específicas	nan
RODRIGO MARTINS ARAGAO	Ciências Sociais Aplicadas	Comunicação	Rádio e Televisão	nan
RODRIGO MARTINS ARAGAO	Ciências Sociais Aplicadas	Comunicação	Rádio e Televisão	nan
JOSILENE RIBEIRO DE OLIVEIRA	Ciências Humanas	Sociologia	Outras Sociologias Específicas	nan
JOSILENE RIBEIRO DE OLIVEIRA	Ciências Humanas	Sociologia	Outras Sociologias Específicas	nan
MAURA LUCIA FERNANDES PENNA	Lingüística, Letras e Artes	Artes	Música	nan
ALICE LUMI SATOMI	Lingüística, Letras e Artes	Artes	Música	Instrumentação Musical
JOSELIA RAMALHO VIEIRA	Lingüística, Letras e Artes	Artes	Música	Instrumentação Musical
FABIO HENRIQUE GOMES RIBEIRO	Lingüística, Letras e Artes	Artes	Música	nan
CARLA PEREIRA DOS SANTOS	Lingüística, Letras e Artes	Artes	Música	Instrumentação Musical
ALICE LUMI SATOMI	Lingüística, Letras e Artes	Artes	Música	Instrumentação Musical
FABIO HENRIQUE GOMES RIBEIRO	Lingüística, Letras e Artes	Artes	Música	nan
SANDRA RAQUEW DOS SANTOS AZEVEDO	Ciências Sociais Aplicadas	Comunicação	Jornalismo e Editoração	Jornalismo Especializado (Comunitário, Rural, Empresarial, Científico)
MARLUCE PEREIRA DA SILVA	Lingüística, Letras e Artes	Lingüística	Lingüística Aplicada	nan
MARLUCE PEREIRA DA SILVA	Lingüística, Letras e Artes	Lingüística	Lingüística Aplicada	nan
SANDRA RAQUEW DOS SANTOS AZEVEDO	Ciências Sociais Aplicadas	Comunicação	Jornalismo e Editoração	Jornalismo Especializado (Comunitário, Rural, Empresarial, Científico)
RAVI SHANKAR MAGNO VIANA DOMINGUES	Lingüística, Letras e Artes	Artes	Música	Instrumentação Musical
PAULA DUTRA LEAO DE MENEZES	Ciências Sociais Aplicadas	Turismo	nan	nan
MARCLEIDE MARIA MACEDO PEDERNEIRAS	Ciências Sociais Aplicadas	Turismo	nan	nan
FRANCISCO COELHO MENDES	Ciências Sociais Aplicadas	Turismo	nan	nan
ADRIANA BRAMBILLA	Ciências Sociais Aplicadas	Turismo	nan	nan
FRANCISCO COELHO MENDES	Ciências Sociais Aplicadas	Turismo	nan	nan
JOELMA ABRANTES GUEDES TEMOTEO	Ciências Sociais Aplicadas	Turismo	nan	nan
ILANA BARRETO KIYOTANI	Ciências Sociais Aplicadas	Turismo	nan	nan
LEYLA THAYS BRITO DA SILVA	Lingüística, Letras e Artes	Letras	Literatura Brasileira	nan
MARIA DO SOCORRO XAVIER BATISTA	Ciências Humanas	Educação	Tópicos Específicos de Educação	Educação Permanente
MARIA DO SOCORRO XAVIER BATISTA	Ciências Humanas	Educação	Tópicos Específicos de Educação	Educação Permanente
NILVANIA DOS SANTOS SILVA	Ciências Humanas	Educação	Tópicos Específicos de Educação	Educação Rural
NILVANIA DOS SANTOS SILVA	Ciências Humanas	Educação	Tópicos Específicos de Educação	Educação Rural
PAULO CESAR GEGLIO	Ciências Humanas	Educação	Planejamento e Avaliação Educacional	Avaliação de Sistemas, Instituições, Planos e Programas Educacionais
MARIA ELIZETE GUIMARAES CARVALHO	Ciências Humanas	Educação	Fundamentos da Educação	História da Educação
VIVIA DE MELO SILVA	Ciências Humanas	Educação	Fundamentos da Educação	História da Educação
PAULO CESAR GEGLIO	Ciências Humanas	Educação	Planejamento e Avaliação Educacional	Avaliação de Sistemas, Instituições, Planos e Programas Educacionais
ITACYARA VIANA MIRANDA	Ciências Humanas	Educação	Fundamentos da Educação	História da Educação
JEAN CARLO DE CARVALHO COSTA	Ciências Humanas	Educação	Fundamentos da Educação	História da Educação
ITACYARA VIANA MIRANDA	Ciências Humanas	Educação	Fundamentos da Educação	História da Educação
DIEGO DOS SANTOS REIS	Ciências Humanas	Educação	Fundamentos da Educação	Filosofia da Educação
FERNANDO CEZAR BEZERRA DE ANDRADE	Ciências Humanas	Educação	Fundamentos da Educação	Psicologia Educacional
FERNANDO CEZAR BEZERRA DE ANDRADE	Ciências Humanas	Educação	Fundamentos da Educação	Psicologia Educacional
MARIA DAS GRACAS DE ALMEIDA BAPTISTA	Ciências Humanas	Educação	Ensino-Aprendizagem	Teorias da Instrução
UYGUACIARA VELOSO CASTELO BRANCO	Ciências Humanas	Educação	Planejamento e Avaliação Educacional	Avaliação de Sistemas, Instituições, Planos e Programas Educacionais
UYGUACIARA VELOSO CASTELO BRANCO	Ciências Humanas	Educação	Planejamento e Avaliação Educacional	Avaliação de Sistemas, Instituições, Planos e Programas Educacionais
MARIA DAS GRACAS DE ALMEIDA BAPTISTA	Ciências Humanas	Educação	Ensino-Aprendizagem	Teorias da Instrução
NAYANA RODRIGUES CORDEIRO MARIANO	Ciências Humanas	Educação	Fundamentos da Educação	História da Educação
MUNIQUE MASSARO	Ciências Humanas	Educação	Tópicos Específicos de Educação	Educação Especial
EVELYN FERNANDES AZEVEDO FAHEINA	Ciências Humanas	Educação	Fundamentos da Educação	História da Educação
JANINE MARTA COELHO RODRIGUES	Ciências Humanas	Educação	Tópicos Específicos de Educação	Educação em Periferias Urbanas
MARIANO CASTRO NETO	Ciências Humanas	Educação	Planejamento e Avaliação Educacional	nan
ANA PAULA ROMAO DE SOUZA FERREIRA	Ciências Humanas	Educação	Currículo	Currículos Específicos para Níveis e Tipos de Educação
ADENIZE QUEIROZ DE FARIAS	Ciências Humanas	Educação	Tópicos Específicos de Educação	Educação Especial
MARCOS ANGELUS MIRANDA DE ALCANTARA	Ciências Humanas	Educação	Administração Educacional	nan
MARIA EULINA PESSOA DE CARVALHO	Ciências Humanas	Educação	Tópicos Específicos de Educação	nan
MARIA EULINA PESSOA DE CARVALHO	Ciências Humanas	Educação	Tópicos Específicos de Educação	nan
SURYA AARONOVICH POMBO DE BARROS	Ciências Humanas	Educação	Fundamentos da Educação	História da Educação
MARLECIO MAKNAMARA DA SILVA CUNHA	Ciências Humanas	Educação	Tópicos Específicos de Educação	Educação Permanente
JOSÉ LEONARDO ROLIM DE LIMA SEVERO	Ciências Humanas	Educação	Tópicos Específicos de Educação	nan
MARLECIO MAKNAMARA DA SILVA CUNHA	Ciências Humanas	Educação	Tópicos Específicos de Educação	Educação Permanente
SURYA AARONOVICH POMBO DE BARROS	Ciências Humanas	Educação	Fundamentos da Educação	História da Educação
MAURICEIA ANANIAS	Ciências Humanas	Educação	Fundamentos da Educação	História da Educação
RHOBERTA SANTANA DE ARAUJO	Ciências Humanas	Educação	Planejamento e Avaliação Educacional	Política Educacional
MARSILVIO GONCALVES PEREIRA	Ciências Humanas	Educação	Ensino-Aprendizagem	Métodos e Técnicas de Ensino
FRANCISCO JOSE PEGADO ABILIO	Ciências Humanas	Educação	Ensino-Aprendizagem	Métodos e Técnicas de Ensino
LENILTON FRANCISCO DE ASSIS	Ciências Humanas	Educação	Planejamento e Avaliação Educacional	Política Educacional
LENILTON FRANCISCO DE ASSIS	Ciências Humanas	Educação	Planejamento e Avaliação Educacional	Política Educacional
SEVERINO BEZERRA DA SILVA	Ciências Humanas	Educação	Tópicos Específicos de Educação	Educação Rural
FABIANA SENA DA SILVA	Ciências Humanas	Educação	Fundamentos da Educação	História da Educação
FRANCISCO JOSE PEGADO ABILIO	Ciências Humanas	Educação	Ensino-Aprendizagem	Métodos e Técnicas de Ensino
ORLANDIL DE LIMA MOREIRA	Ciências Humanas	Educação	Tópicos Específicos de Educação	Educação de Adultos
CHARLITON JOSE DOS SANTOS MACHADO	Ciências Humanas	Educação	Fundamentos da Educação	História da Educação
LILIAN KELLY DE SOUSA GALVAO	Ciências Humanas	Psicologia	Psicologia do Desenvolvimento Humano	Processos Perceptuais e Cognitivos; Desenvolvimento
LILIAN KELLY DE SOUSA GALVAO	Ciências Humanas	Psicologia	Psicologia do Desenvolvimento Humano	Processos Perceptuais e Cognitivos; Desenvolvimento
LILIAN KELLY DE SOUSA GALVAO	Ciências Humanas	Psicologia	Psicologia do Desenvolvimento Humano	Processos Perceptuais e Cognitivos; Desenvolvimento
MONICA DIAS PALITOT	Ciências Humanas	Educação	Tópicos Específicos de Educação	Educação de Adultos
CARLA ALEXANDRA DA SILVA MOITA MINERVINO	Ciências Humanas	Psicologia	Fundamentos e Medidas da Psicologia	Construção e Validade de Testes, Escalas e Outras Medidas Psicológicas
CARLA ALEXANDRA DA SILVA MOITA MINERVINO	Ciências Humanas	Psicologia	Fundamentos e Medidas da Psicologia	Construção e Validade de Testes, Escalas e Outras Medidas Psicológicas
CARLA ALEXANDRA DA SILVA MOITA MINERVINO	Ciências Humanas	Psicologia	Fundamentos e Medidas da Psicologia	Construção e Validade de Testes, Escalas e Outras Medidas Psicológicas
