PROFESSOR	GRANDE_AREA	AREA	SUB_AREA	ESPECIALIDADE
IAN PORTO GURGEL DO AMARAL	Multidisciplinar	Biotecnologia	nan	nan
SANDRA RODRIGUES MASCARENHAS	Ciências Biológicas	Imunologia	Imunologia Celular	nan
MARIA DO SOCORRO DE FRANCA FALCAO	Ciências Biológicas	Farmacologia	Farmacologia Cardiorenal	nan
TATJANA KEESEN DE SOUZA LIMA CLEMENTE	Ciências Biológicas	Imunologia	Imunologia Celular	nan
TATJANA KEESEN DE SOUZA LIMA CLEMENTE	Ciências Biológicas	Imunologia	Imunologia Celular	nan
SANDRA RODRIGUES MASCARENHAS	Ciências Biológicas	Imunologia	Imunologia Celular	nan
ADNA CRISTINA BARBOSA DE SOUSA	Ciências Biológicas	Microbiologia	Microbiologia Aplicada	Microbiologia Industrial e de Fermentação
ADNA CRISTINA BARBOSA DE SOUSA	Ciências Biológicas	Microbiologia	Microbiologia Aplicada	Microbiologia Industrial e de Fermentação
ULRICH VASCONCELOS DA ROCHA GOMES	Multidisciplinar	Biotecnologia	nan	nan
ENEAS RICARDO DE MORAIS GOMES	Ciências da Saúde	Medicina	Clínica Médica	Cardiologia
ANDREA FARIAS DE ALMEIDA	Multidisciplinar	Biotecnologia	nan	nan
ANDREA FARIAS DE ALMEIDA	Multidisciplinar	Biotecnologia	nan	nan
ENEAS RICARDO DE MORAIS GOMES	Ciências da Saúde	Medicina	Clínica Médica	Cardiologia
EDSON LUIZ FOLADOR	Multidisciplinar	Interdisciplinar	Saúde e Biológicas	nan
JAILSON JOSE GOMES DA ROCHA	Multidisciplinar	Interdisciplinar	Sociais e Humanidades	nan
JAILSON JOSE GOMES DA ROCHA	Multidisciplinar	Interdisciplinar	Sociais e Humanidades	nan
ELISANGELA AFONSO DE MOURA KRETZSCHMAR	Multidisciplinar	Biotecnologia	nan	nan
ELISANGELA AFONSO DE MOURA KRETZSCHMAR	Multidisciplinar	Biotecnologia	nan	nan
ULRICH VASCONCELOS DA ROCHA GOMES	Multidisciplinar	Biotecnologia	nan	nan
ULRICH VASCONCELOS DA ROCHA GOMES	Multidisciplinar	Biotecnologia	nan	nan
ENEAS RICARDO DE MORAIS GOMES	Ciências da Saúde	Medicina	Clínica Médica	Cardiologia
EDSON LUIZ FOLADOR	Multidisciplinar	Interdisciplinar	Saúde e Biológicas	nan
DAVI FELIPE FARIAS	Ciências Biológicas	Bioquímica	Química de Macromoléculas	Proteínas
KRYSTYNA GORLACH LIRA	Ciências Biológicas	Microbiologia	Biologia e Fisiologia dos Microorganismos	nan
CICERO FRANCISCO BEZERRA FELIPE	Ciências Biológicas	Farmacologia	Neuropsicofarmacologia	nan
CICERO FRANCISCO BEZERRA FELIPE	Ciências Biológicas	Farmacologia	Neuropsicofarmacologia	nan
LEONOR ALVES DE OLIVEIRA DA SILVA	Multidisciplinar	Interdisciplinar	Saúde e Biológicas	nan
HILZETH DE LUNA FREIRE PESSOA	Ciências da Saúde	Farmácia	Análise Toxicológica	nan
HILZETH DE LUNA FREIRE PESSOA	Ciências da Saúde	Farmácia	Análise Toxicológica	nan
ANGELA CAMILA ORBEM MENEGATTI	Ciências Biológicas	Bioquímica	Bioquímica dos Microorganismos	nan
TATIANE SANTI GADELHA	Ciências Biológicas	Bioquímica	Química de Macromoléculas	Proteínas
LUIS FERNANDO MARQUES DOS SANTOS	Ciências Biológicas	Biologia Geral	nan	nan
LUIS FERNANDO MARQUES DOS SANTOS	Ciências Biológicas	Biologia Geral	nan	nan
LUIS FERNANDO MARQUES DOS SANTOS	Ciências Biológicas	Biologia Geral	nan	nan
NAILA FRANCIS PAULO DE OLIVEIRA	Ciências Biológicas	Genética	Genética Humana e Médica	nan
KRYSTYNA GORLACH LIRA	Ciências Biológicas	Microbiologia	Microbiologia Aplicada	nan
KRYSTYNA GORLACH LIRA	Ciências Biológicas	Microbiologia	Microbiologia Aplicada	nan
CICERO FRANCISCO BEZERRA FELIPE	Ciências Biológicas	Farmacologia	Neuropsicofarmacologia	nan
DANIELA PRISCILA MARCHI SALVADOR	Ciências Biológicas	Bioquímica	Química de Macromoléculas	Proteínas
DANIELA PRISCILA MARCHI SALVADOR	Ciências Biológicas	Bioquímica	Química de Macromoléculas	Proteínas
LEONOR ALVES DE OLIVEIRA DA SILVA	Multidisciplinar	Interdisciplinar	Saúde e Biológicas	nan
CARLOS ALBERTO DE ALMEIDA GADELHA	Ciências Biológicas	Bioquímica	Química de Macromoléculas	Proteínas
NAILA FRANCIS PAULO DE OLIVEIRA	Ciências da Saúde	Odontologia	Odontopediatria	nan
ANGELA CAMILA ORBEM MENEGATTI	Ciências Biológicas	Bioquímica	Bioquímica dos Microorganismos	nan
DAVI FELIPE FARIAS	Ciências Biológicas	Bioquímica	Química de Macromoléculas	Proteínas
KRYSTYNA GORLACH LIRA	Ciências Biológicas	Microbiologia	Biologia e Fisiologia dos Microorganismos	nan
TATIANE SANTI GADELHA	Ciências Biológicas	Bioquímica	Química de Macromoléculas	Proteínas
TATIANE SANTI GADELHA	Ciências Biológicas	Bioquímica	Química de Macromoléculas	Proteínas
CICERO FRANCISCO BEZERRA FELIPE	Ciências Biológicas	Farmacologia	Neuropsicofarmacologia	nan
RONEI MARCOS DE MORAES	Ciências Exatas e da Terra	Probabilidade e Estatística	Probabilidade e Estatística Aplicadas	nan
EVERLANE SUANE DE ARAÚJO DA SILVA	Ciências Sociais Aplicadas	Demografia	Componentes da Dinâmica Demográfica	Mortalidade
MARCIO MEDEIROS SOARES	Ciências Exatas e da Terra	Física	Física da Matéria Condensada	Materiais Magnéticos e Propriedades Magnéticas
PAULO SERGIO RODRIGUES DA SILVA	Ciências Exatas e da Terra	Física	Física das Partículas Elementares e Campos	Teorias Específicas e Modelos de Interação; Sistemática de Partículas; Raios Cósmicos
LAERCIO LOSANO	Ciências Exatas e da Terra	Física	Física da Matéria Condensada	Materiais Magnéticos e Propriedades Magnéticas
THIERRY MARCELINO PASSERAT DE SILANS	Ciências Exatas e da Terra	Física	Física Atômica e Molecular	nan
HERONDY FRANCISCO SANTANA MOTA	Ciências Exatas e da Terra	Física	Física das Partículas Elementares e Campos	Teoria Geral de Partículas e Campos
JORGE GABRIEL GOMES DE SOUZA RAMOS	Ciências Exatas e da Terra	Física	Física das Partículas Elementares e Campos	Propriedades de Partículas Específicas e Ressonâncias
CARLOS AUGUSTO ROMERO FILHO	Ciências Exatas e da Terra	Física	Física Geral	Relatividade e Gravitação
JOSE ROBERTO SOARES DO NASCIMENTO	Ciências Exatas e da Terra	Física	Física da Matéria Condensada	Materiais Magnéticos e Propriedades Magnéticas
JOSE ROBERTO SOARES DO NASCIMENTO	Ciências Exatas e da Terra	Física	Física da Matéria Condensada	Materiais Magnéticos e Propriedades Magnéticas
HERONDY FRANCISCO SANTANA MOTA	Ciências Exatas e da Terra	Física	Física das Partículas Elementares e Campos	Teoria Geral de Partículas e Campos
FABIO LEAL DE MELO DAHIA	Ciências Exatas e da Terra	Física	Física Geral	Relatividade e Gravitação
PAULO SERGIO RODRIGUES DA SILVA	Ciências Exatas e da Terra	Física	Física das Partículas Elementares e Campos	Teorias Específicas e Modelos de Interação; Sistemática de Partículas; Raios Cósmicos
JANSEN BRASILEIRO FORMIGA	Ciências Exatas e da Terra	Física	Física Geral	Relatividade e Gravitação
JESUS PAVON LOPEZ	Ciências Exatas e da Terra	Física	Física Atômica e Molecular	nan
FABIO LEAL DE MELO DAHIA	Ciências Exatas e da Terra	Física	Física Geral	Relatividade e Gravitação
RAFAEL FALEIROS DE PADUA	Ciências Humanas	Geografia	Geografia Humana	Geografia Urbana
JONAS OTAVIANO PRACA DE SOUZA	Ciências Exatas e da Terra	Geociências	Geografia Física	Geomorfologia
FILLIPE SILVEIRA MARINI	Ciências Exatas e da Terra	Geociências	Geografia Física	nan
JOEL SILVA DOS SANTOS	Multidisciplinar	Ciências Ambientais	nan	nan
BARTOLOMEU ISRAEL DE SOUZA	Ciências Exatas e da Terra	Geociências	Geografia Física	Fotogeografia (Físico-Ecológica)
BARTOLOMEU ISRAEL DE SOUZA	Ciências Exatas e da Terra	Geociências	Geografia Física	Fotogeografia (Físico-Ecológica)
ANIERES BARBOSA DA SILVA	Ciências Humanas	Geografia	Geografia Humana	Geografia Agrária
MARCELO DE OLIVEIRA MOURA	Ciências Exatas e da Terra	Geociências	Geografia Física	Climatologia Geográfica
EDUARDO RODRIGUES VIANA DE LIMA	Ciências Humanas	Geografia	Geografia Regional	nan
DAISY BESERRA LUCENA	Ciências Exatas e da Terra	Geociências	Meteorologia	Climatologia
CHRISTIANNE MARIA DA SILVA	Ciências Exatas e da Terra	Geociências	Geografia Física	Geomorfologia
MARCO ANTONIO MITIDIERO JUNIOR	Ciências Humanas	Geografia	Geografia Humana	Geografia Agrária
JONAS OTAVIANO PRACA DE SOUZA	Ciências Exatas e da Terra	Geociências	Geografia Física	Geomorfologia
EDUARDO RODRIGUES VIANA DE LIMA	Ciências Humanas	Geografia	Geografia Regional	nan
DAISY BESERRA LUCENA	Ciências Exatas e da Terra	Geociências	Meteorologia	Climatologia
JOSIAS DE CASTRO GALVAO	Ciências Humanas	Geografia	Geografia Humana	Geografia Agrária
RICHARDE MARQUES DA SILVA	Ciências Exatas e da Terra	Geociências	Geografia Física	Geocartografia
JONAS OTAVIANO PRACA DE SOUZA	Ciências Exatas e da Terra	Geociências	Geografia Física	Geomorfologia
JONAS OTAVIANO PRACA DE SOUZA	Ciências Exatas e da Terra	Geociências	Geografia Física	Geomorfologia
RICHARDE MARQUES DA SILVA	Ciências Exatas e da Terra	Geociências	Geografia Física	Geocartografia
JOEL SILVA DOS SANTOS	Multidisciplinar	Ciências Ambientais	nan	nan
CAMILA CUNICO	Ciências Exatas e da Terra	Geociências	Geografia Física	nan
JONAS OTAVIANO PRACA DE SOUZA	Ciências Exatas e da Terra	Geociências	Geografia Física	Geomorfologia
CAMILA CUNICO	Ciências Exatas e da Terra	Geociências	Geografia Física	nan
DAMIAO JUNIO GONCALVES ARAUJO	Ciências Exatas e da Terra	Matemática	Análise	Equações Diferenciais Parciais
JOAO MARCOS BEZERRA DO O	Ciências Exatas e da Terra	Matemática	Análise	Equações Diferenciais Parciais
ADRIANO ALVES DE MEDEIROS	Ciências Exatas e da Terra	Matemática	Geometria e Topologia	Geometria Diferencial
MARCIO SILVA SANTOS	Ciências Exatas e da Terra	Matemática	Geometria e Topologia	Geometria Diferencial
MAURICIO CARDOSO SANTOS	Ciências Exatas e da Terra	Matemática	Análise	Equações Diferenciais Parciais
ERALDO ALMEIDA LIMA JUNIOR	Ciências Exatas e da Terra	Matemática	Geometria e Topologia	Geometria Diferencial
UBERLANDIO BATISTA SEVERO	Ciências Exatas e da Terra	Matemática	Análise	Equações Diferenciais Parciais
FAGNER DIAS ARARUNA	Ciências Exatas e da Terra	Matemática	Análise	Equações Diferenciais Parciais
ERALDO ALMEIDA LIMA JUNIOR	Ciências Exatas e da Terra	Matemática	Geometria e Topologia	Geometria Diferencial
JOAO MARCOS BEZERRA DO O	Ciências Exatas e da Terra	Matemática	Análise	Equações Diferenciais Parciais
MANASSES XAVIER DE SOUZA	Ciências Exatas e da Terra	Matemática	Análise	Equações Diferenciais Parciais
UBERLANDIO BATISTA SEVERO	Ciências Exatas e da Terra	Matemática	Análise	Equações Diferenciais Parciais
FELIPE WALLISON CHAVES SILVA	Ciências Exatas e da Terra	Matemática	Análise	Equações Diferenciais Parciais
DAMIAO JUNIO GONCALVES ARAUJO	Ciências Exatas e da Terra	Matemática	Análise	Equações Diferenciais Parciais
FELIPE WALLISON CHAVES SILVA	Ciências Exatas e da Terra	Matemática	Análise	Equações Diferenciais Parciais
FAGNER DIAS ARARUNA	Ciências Exatas e da Terra	Matemática	Análise	Equações Diferenciais Parciais
MIRIAM DA SILVA PEREIRA	Ciências Exatas e da Terra	Matemática	Geometria e Topologia	Teoria das Singularidades e Teoria das Catástrofes
GABRIELA FEHN FISS	Ciências Exatas e da Terra	Química	Química Orgânica	Síntese Orgânica
GABRIELA FEHN FISS	Ciências Exatas e da Terra	Química	Química Orgânica	Síntese Orgânica
CLAUDIA DE OLIVEIRA CUNHA	Ciências Exatas e da Terra	Química	Química Analítica	Análise de Traços e Química Ambiental
SAVIO MOITA PINHEIRO	Ciências Exatas e da Terra	Química	Química Orgânica	Síntese Orgânica
PETRONIO FILGUEIRAS DE ATHAYDE FILHO	Ciências Exatas e da Terra	Química	Química Orgânica	Síntese Orgânica
MARIA GARDENNIA DA FONSECA	Ciências Exatas e da Terra	Química	Química Inorgânica	Físico Química Inorgânica
JULIANA ALVES VALE	Ciências Exatas e da Terra	Química	Química Orgânica	Síntese Orgânica
CLAUDIA MENEGAZ ZACCARON CRISTIANO	Ciências Exatas e da Terra	Química	Físico-Química	nan
JULIO SANTOS REBOUCAS	Ciências Exatas e da Terra	Química	Química Inorgânica	Química Bio-Inorgânica
WAGNER DE MENDONCA FAUSTINO	Ciências Exatas e da Terra	Química	Química Inorgânica	Físico Química Inorgânica
KAREN CACILDA WEBER	Ciências Exatas e da Terra	Química	Físico-Química	Química Teórica
ANTONIA LUCIA DE SOUZA	Ciências Exatas e da Terra	Química	Química Orgânica	Química dos Produtos Naturais
RODRIGO CRISTIANO	Ciências Exatas e da Terra	Química	Química Orgânica	Físico-Química Orgânica
ANTONIA LUCIA DE SOUZA	Ciências Exatas e da Terra	Química	Química Orgânica	Química dos Produtos Naturais
IEDA MARIA GARCIA DOS SANTOS	Ciências Exatas e da Terra	Química	Química Inorgânica	Físico Química Inorgânica
ERCULES EPAMINONDAS DE SOUSA TEOTONIO	Ciências Exatas e da Terra	Química	Química Inorgânica	Campos de Coordenação
ERCULES EPAMINONDAS DE SOUSA TEOTONIO	Ciências Exatas e da Terra	Química	Química Inorgânica	Campos de Coordenação
WAGNER DE MENDONCA FAUSTINO	Ciências Exatas e da Terra	Química	Química Inorgânica	Físico Química Inorgânica
GERD BRUNO DA ROCHA	Ciências Exatas e da Terra	Química	Físico-Química	Química Teórica
JAILTON DE SOUZA FERRARI	Ciências Exatas e da Terra	Química	Química Orgânica	Síntese Orgânica
RICARDO ALEXANDRE CAVALCANTI DE LIMA	Ciências Exatas e da Terra	Química	Química Analítica	Instrumentação Analítica
WALLACE DUARTE FRAGOSO	Ciências Exatas e da Terra	Química	Química Analítica	Análise de Traços e Química Ambiental
WALLACE DUARTE FRAGOSO	Ciências Exatas e da Terra	Química	Química Analítica	Análise de Traços e Química Ambiental
MARIA GARDENNIA DA FONSECA	Ciências Exatas e da Terra	Química	Química Inorgânica	Físico Química Inorgânica
OTAVIO LUIS DE SANTANA	Ciências Exatas e da Terra	Química	Físico-Química	Química Teórica
JULIO SANTOS REBOUCAS	Ciências Exatas e da Terra	Química	Química Inorgânica	Química Bio-Inorgânica
MARCUS TULLIUS SCOTTI	Ciências Exatas e da Terra	Química	Química Orgânica	Química dos Produtos Naturais
GERD BRUNO DA ROCHA	Ciências Exatas e da Terra	Química	Físico-Química	Química Teórica
ARY DA SILVA MAIA	Ciências Exatas e da Terra	Química	Química Inorgânica	Físico Química Inorgânica
ARY DA SILVA MAIA	Ciências Exatas e da Terra	Química	Química Inorgânica	Físico Química Inorgânica
CLAUDIO GABRIEL LIMA JUNIOR	Ciências Exatas e da Terra	Química	Química Orgânica	Síntese Orgânica
CLAUDIA DE OLIVEIRA CUNHA	Ciências Exatas e da Terra	Química	Química Analítica	Análise de Traços e Química Ambiental
MARCUS TULLIUS SCOTTI	Ciências Exatas e da Terra	Química	Química Orgânica	Química dos Produtos Naturais
DAYSE DAS NEVES MOREIRA	Ciências Exatas e da Terra	Química	Química Orgânica	nan
LILIANA DE FATIMA BEZERRA LIRA DE PONTES	Ciências Exatas e da Terra	Química	Química Analítica	Métodos Óticos de Análise
GEORGE EMMANUEL CAVALCANTI DE MIRANDA	Multidisciplinar	Ciências Ambientais	nan	nan
MIODELI NOGUEIRA JUNIOR	Ciências Exatas e da Terra	Oceanografia	Oceanografia Biológica	nan
ANA CAROLINA FIGUEIREDO LACERDA	Ciências Biológicas	Ecologia	Ecologia Aplicada	nan
MARCIO BERNARDINO DA SILVA	Ciências Biológicas	Zoologia	Comportamento Animal	nan
DANIEL OLIVEIRA MESQUITA	Ciências Biológicas	Ecologia	Ecologia Aplicada	nan
FELIPE WARTCHOW	Ciências Biológicas	Botânica	Taxonomia Vegetal	Taxonomia de Criptógamos
ANTONIO JOSE CREAO DUARTE	Ciências Biológicas	Zoologia	Taxonomia dos Grupos Recentes	nan
GEORGE EMMANUEL CAVALCANTI DE MIRANDA	Multidisciplinar	Ciências Ambientais	nan	nan
MANOELA MARIA MARINHO KOH	Ciências Biológicas	Zoologia	Taxonomia dos Grupos Recentes	nan
BRAULIO ALMEIDA SANTOS	Ciências Biológicas	Ecologia	Ecologia de Ecossistemas	nan
BRAULIO ALMEIDA SANTOS	Ciências Biológicas	Ecologia	Ecologia de Ecossistemas	nan
DENISE DIAS DA CRUZ	Ciências Biológicas	Ecologia	Ecologia Aplicada	nan
DENISE DIAS DA CRUZ	Ciências Biológicas	Ecologia	Ecologia Aplicada	nan
DANIEL OLIVEIRA MESQUITA	Ciências Biológicas	Ecologia	Ecologia Aplicada	nan
ALESSANDRE PEREIRA COLAVITE	Ciências Biológicas	Zoologia	Taxonomia dos Grupos Recentes	nan
PABLO RIUL	Ciências Biológicas	Ecologia	Ecologia Teórica	nan
MARCIO BERNARDINO DA SILVA	Ciências Biológicas	Zoologia	Taxonomia dos Grupos Recentes	nan
ANA CAROLINA FIGUEIREDO LACERDA	Ciências Biológicas	Ecologia	Ecologia Aplicada	nan
DENISE DIAS DA CRUZ	Ciências Biológicas	Ecologia	Ecologia Aplicada	nan
MANOELA MARIA MARINHO KOH	Ciências Biológicas	Zoologia	Taxonomia dos Grupos Recentes	nan
MARTIN LINDSEY CHRISTOFFERSEN	Ciências Biológicas	Zoologia	Taxonomia dos Grupos Recentes	nan
MIODELI NOGUEIRA JUNIOR	Ciências Exatas e da Terra	Oceanografia	Oceanografia Biológica	nan
JOSE MAURICIO ALVES DE MATOS GURGEL	Engenharias	Engenharia Mecânica	Engenharia Térmica	Aproveitamento da Energia
MARTA CELIA DANTAS SILVA	Engenharias	Engenharia Química	Tecnologia Química	Tratamentos e Aproveitamento de Rejeitos
SAYONARA ANDRADE ELIZIARIO	Engenharias	Engenharia de Materiais e Metalúrgica	Materiais Não-Metálicos	Cerâmicos
MARTA CELIA DANTAS SILVA	Engenharias	Engenharia Química	Tecnologia Química	Tratamentos e Aproveitamento de Rejeitos
SILVIA LAYARA FLORIANI ANDERSEN	Engenharias	Engenharia Química	Tecnologia Química	Tratamentos e Aproveitamento de Rejeitos
GILBERTO AUGUSTO AMADO MOREIRA	Engenharias	Engenharia Mecânica	Fenômenos de Transporte	Mecânica dos Fluídos
MARCIO RODRIGO DE ARAUJO SOUZA	Engenharias	Engenharia Mecânica	Fenômenos de Transporte	Princípios Variacionais e Métodos Numéricos
VICTOR FELIPE MOURA BEZERRA MELO	Engenharias	Engenharia Elétrica	Eletrônica Industrial, Sistemas e Controles Eletrônicos	Eletrônica Industrial
VICTOR FELIPE MOURA BEZERRA MELO	Engenharias	Engenharia Elétrica	Eletrônica Industrial, Sistemas e Controles Eletrônicos	Eletrônica Industrial
POLLYANA CAETANO RIBEIRO FERNANDES	Engenharias	Engenharia de Materiais e Metalúrgica	Materiais Não-Metálicos	Cerâmicos
LUIZ MOREIRA COELHO JUNIOR	Ciências Sociais Aplicadas	Economia	Economias Agrária e dos Recursos Naturais	Economia dos Recursos Naturais
MARCAL ROSAS F LIMA FILHO	Engenharias	Engenharia Civil	Construção Civil	Instalações Prediais
MARCAL ROSAS F LIMA FILHO	Engenharias	Engenharia Civil	Construção Civil	Instalações Prediais
KELLY CRISTIANE GOMES DA SILVA	Engenharias	Engenharia de Materiais e Metalúrgica	Materiais Não-Metálicos	nan
FLAVIO DA SILVA VITORINO GOMES	Engenharias	Engenharia Elétrica	Eletrônica Industrial, Sistemas e Controles Eletrônicos	Automação Eletrônica de Processos Elétricos e Industriais
KELLY CRISTIANE GOMES DA SILVA	Engenharias	Engenharia de Materiais e Metalúrgica	Materiais Não-Metálicos	nan
JOSE FELIX DA SILVA NETO	Engenharias	Engenharia Mecânica	Engenharia Térmica	Aproveitamento da Energia
FABIANO CORDEIRO CAVALCANTI	Engenharias	Engenharia Mecânica	Fenômenos de Transporte	Transferência de Calor
ITALO ROGER FERREIRA MORENO PINHEIRO DA SILVA	Engenharias	Engenharia Elétrica	Eletrônica Industrial, Sistemas e Controles Eletrônicos	Eletrônica Industrial
JOAO MARCELO DIAS FERREIRA	Engenharias	Engenharia Elétrica	Sistemas Elétricos de Potência	Geração da Energia Elétrica
FLAVIA DE MEDEIROS AQUINO	Engenharias	Engenharia de Materiais e Metalúrgica	Materiais Não-Metálicos	Cerâmicos
FLAVIA DE MEDEIROS AQUINO	Engenharias	Engenharia de Materiais e Metalúrgica	Materiais Não-Metálicos	Cerâmicos
CRISTIANE KELLY FERREIRA DA SILVA	Engenharias	Engenharia Mecânica	Engenharia Térmica	Aproveitamento da Energia
JOSE FELIX DA SILVA NETO	Engenharias	Engenharia Mecânica	Engenharia Térmica	Aproveitamento da Energia
RAPHAEL ABRAHAO	Engenharias	Engenharia Mecânica	Engenharia Térmica	Controle Ambiental
MARCAL ROSAS F LIMA FILHO	Engenharias	Engenharia Civil	Construção Civil	Instalações Prediais
TAYNARA GEYSA SILVA DO LAGO	Engenharias	Engenharia Mecânica	Engenharia Térmica	Aproveitamento da Energia
CARLOS ALBERTO DE SOUZA FILHO	Engenharias	Engenharia Elétrica	Medidas Elétricas, Magnéticas e Eletrônicas; Instrumentação	Instrumentação Eletrônica
SIMPLICIO ARNAUD DA SILVA	Engenharias	Engenharia Elétrica	Eletrônica Industrial, Sistemas e Controles Eletrônicos	nan
CLEONILSON PROTASIO DE SOUZA	Engenharias	Engenharia Elétrica	Medidas Elétricas, Magnéticas e Eletrônicas; Instrumentação	Instrumentação Eletrônica
DARLAN ALEXANDRIA FERNANDES	Engenharias	Engenharia Elétrica	Eletrônica Industrial, Sistemas e Controles Eletrônicos	Eletrônica Industrial
NADY ROCHA	Engenharias	Engenharia Elétrica	Eletrônica Industrial, Sistemas e Controles Eletrônicos	nan
CLEONILSON PROTASIO DE SOUZA	Engenharias	Engenharia Elétrica	Medidas Elétricas, Magnéticas e Eletrônicas; Instrumentação	Instrumentação Eletrônica
ROMERO LEANDRO ANDERSEN	Engenharias	Engenharia Elétrica	Eletrônica Industrial, Sistemas e Controles Eletrônicos	Eletrônica Industrial
YURI PERCY MOLINA RODRIGUEZ	Engenharias	Engenharia Elétrica	Sistemas Elétricos de Potência	Geração da Energia Elétrica
NADY ROCHA	Engenharias	Engenharia Elétrica	Eletrônica Industrial, Sistemas e Controles Eletrônicos	nan
ALEXSANDRO JOSÉ VIRGINIO DOS SANTOS	Engenharias	Engenharia Elétrica	Medidas Elétricas, Magnéticas e Eletrônicas; Instrumentação	Instrumentação Eletrônica
ADEMAR VIRGOLINO DA SILVA NETTO	Engenharias	Engenharia Elétrica	Eletrônica Industrial, Sistemas e Controles Eletrônicos	nan
FABRICIO BRAGA SOARES DE CARVALHO	Engenharias	Engenharia Elétrica	Telecomunicações	Sistemas deTelecomunicações
ISAAC SOARES DE FREITAS	Engenharias	Engenharia Elétrica	Eletrônica Industrial, Sistemas e Controles Eletrônicos	Eletrônica Industrial
FABIANO SALVADORI	Engenharias	Engenharia Elétrica	Eletrônica Industrial, Sistemas e Controles Eletrônicos	Automação Eletrônica de Processos Elétricos e Industriais
HELON DAVID DE MACEDO BRAZ	Engenharias	Engenharia Elétrica	Sistemas Elétricos de Potência	Transmissão da Energia Elétrica, Distribuição da Energia Elétrica
ANTONIO AUGUSTO LISBOA DE SOUZA	Engenharias	Engenharia Elétrica	Circuitos Elétricos, Magnéticos e Eletrônicos	Circuitos Eletrônicos
SIMPLICIO ARNAUD DA SILVA	Engenharias	Engenharia Elétrica	Eletrônica Industrial, Sistemas e Controles Eletrônicos	nan
CICERO DA ROCHA SOUTO	Engenharias	Engenharia Elétrica	Materiais Elétricos	Materiais Dielétricos, Piezoelétricos e Ferroelétricos
ISAAC SOARES DE FREITAS	Engenharias	Engenharia Elétrica	Eletrônica Industrial, Sistemas e Controles Eletrônicos	Eletrônica Industrial
ANTONIO AUGUSTO LISBOA DE SOUZA	Engenharias	Engenharia Elétrica	Circuitos Elétricos, Magnéticos e Eletrônicos	Circuitos Eletrônicos
DARLAN ALEXANDRIA FERNANDES	Engenharias	Engenharia Elétrica	Eletrônica Industrial, Sistemas e Controles Eletrônicos	Eletrônica Industrial
JUAN MOISES MAURICIO VILLANUEVA	Engenharias	Engenharia Elétrica	Medidas Elétricas, Magnéticas e Eletrônicas; Instrumentação	Instrumentação Eletrônica
JUAN MOISES MAURICIO VILLANUEVA	Engenharias	Engenharia Elétrica	Medidas Elétricas, Magnéticas e Eletrônicas; Instrumentação	Instrumentação Eletrônica
YURI DE ALMEIDA MALHEIROS BARBOSA	Ciências Exatas e da Terra	Ciência da Computação	Metodologia e Técnicas da Computação	nan
TEOBALDO LEITE BULHÕES JUNIOR	Ciências Exatas e da Terra	Ciência da Computação	Teoria da Computação	Análise de Algoritmos e Complexidade de Computação
BRUNO PETRATO BRUCK	Engenharias	Engenharia de Produção	Pesquisa Operacional	nan
TEOBALDO LEITE BULHÕES JUNIOR	Ciências Exatas e da Terra	Ciência da Computação	Teoria da Computação	Análise de Algoritmos e Complexidade de Computação
BRUNO PETRATO BRUCK	Engenharias	Engenharia de Produção	Pesquisa Operacional	nan
THAIS GAUDENCIO DO REGO	Multidisciplinar	Biotecnologia	nan	nan
DANIELLE ROUSY DIAS RICARTE	Ciências Exatas e da Terra	Ciência da Computação	Metodologia e Técnicas da Computação	Sistemas de Informação
IGUATEMI EDUARDO DA FONSECA	Ciências Exatas e da Terra	Ciência da Computação	Sistemas de Computação	Teleinformática
IGUATEMI EDUARDO DA FONSECA	Ciências Exatas e da Terra	Ciência da Computação	Sistemas de Computação	Teleinformática
VALDECIR BECKER	Ciências Exatas e da Terra	Ciência da Computação	Metodologia e Técnicas da Computação	nan
VALDECIR BECKER	Ciências Exatas e da Terra	Ciência da Computação	Metodologia e Técnicas da Computação	nan
VALDECIR BECKER	Ciências Exatas e da Terra	Ciência da Computação	Metodologia e Técnicas da Computação	nan
EWERTON MONTEIRO SALVADOR	Ciências Exatas e da Terra	Ciência da Computação	Sistemas de Computação	nan
ANAND SUBRAMANIAN	Ciências Exatas e da Terra	Ciência da Computação	Teoria da Computação	Análise de Algoritmos e Complexidade de Computação
ANAND SUBRAMANIAN	Ciências Exatas e da Terra	Ciência da Computação	Teoria da Computação	Análise de Algoritmos e Complexidade de Computação
ANAND SUBRAMANIAN	Ciências Exatas e da Terra	Ciência da Computação	Teoria da Computação	Análise de Algoritmos e Complexidade de Computação
JULIANA MAGNA DA SILVA COSTA MORAIS	Ciências Sociais Aplicadas	Arquitetura e Urbanismo	Tecnologia de Arquitetura e Urbanismo	Adequação Ambiental
ANA GOMES NEGRAO	Ciências Sociais Aplicadas	Arquitetura e Urbanismo	Tecnologia de Arquitetura e Urbanismo	Adequação Ambiental
IVANIZE CLAUDIA DOS SANTOS E SILVA	Ciências Sociais Aplicadas	Arquitetura e Urbanismo	Tecnologia de Arquitetura e Urbanismo	Adequação Ambiental
IVANIZE CLAUDIA DOS SANTOS E SILVA	Ciências Sociais Aplicadas	Arquitetura e Urbanismo	Tecnologia de Arquitetura e Urbanismo	Adequação Ambiental
ANGELINA DIAS LEAO COSTA	Ciências Sociais Aplicadas	Arquitetura e Urbanismo	Projeto de Arquitetura e Urbanismo	nan
IVAN CAVALCANTI FILHO	Ciências Sociais Aplicadas	Arquitetura e Urbanismo	Fundamentos de Arquitetura e Urbanismo	História da Arquitetura e Urbanismo
ANA GOMES NEGRAO	Ciências Sociais Aplicadas	Arquitetura e Urbanismo	Tecnologia de Arquitetura e Urbanismo	Adequação Ambiental
IVAN CAVALCANTI FILHO	Ciências Sociais Aplicadas	Arquitetura e Urbanismo	Fundamentos de Arquitetura e Urbanismo	História da Arquitetura e Urbanismo
ANA GOMES NEGRAO	Ciências Sociais Aplicadas	Arquitetura e Urbanismo	Tecnologia de Arquitetura e Urbanismo	Adequação Ambiental
IVANIZE CLAUDIA DOS SANTOS E SILVA	Ciências Sociais Aplicadas	Arquitetura e Urbanismo	Tecnologia de Arquitetura e Urbanismo	Adequação Ambiental
ISABELLE YRUSKA DE LUCENA GOMES BRAGA	Engenharias	Engenharia de Transportes	Planejamento de Transportes	Planejamento e Organização do Sistema de Transporte
CLAUDIA COUTINHO NOBREGA	Engenharias	Engenharia Sanitária	Saneamento Básico	Residuos Sólidos, Domésticos e Industriais
GIVANILDO ALVES DE AZEREDO	Engenharias	Engenharia Civil	Construção Civil	Materiais e Componentes de Construção
CELSO AUGUSTO GUIMARAES SANTOS	Engenharias	Engenharia Civil	Engenharia Hidráulica	Hidrologia
GUSTAVO BARBOSA LIMA DA SILVA	Engenharias	Engenharia Sanitária	Recursos Hídricos	Planejamento Integrado dos Recursos Hídricos
CRISTIANO DAS NEVES ALMEIDA	Engenharias	Engenharia Sanitária	Recursos Hídricos	Planejamento Integrado dos Recursos Hídricos
CELSO AUGUSTO GUIMARAES SANTOS	Engenharias	Engenharia Civil	Engenharia Hidráulica	Hidrologia
CLAUDIA COUTINHO NOBREGA	Engenharias	Engenharia Sanitária	Saneamento Básico	Residuos Sólidos, Domésticos e Industriais
HAMILCAR JOSE ALMEIDA FILGUEIRA	Multidisciplinar	Ciências Ambientais	nan	nan
HAMILCAR JOSE ALMEIDA FILGUEIRA	Multidisciplinar	Ciências Ambientais	nan	nan
ADRIANO ROLIM DA PAZ	Engenharias	Engenharia Sanitária	Recursos Hídricos	nan
ISABELLE YRUSKA DE LUCENA GOMES BRAGA	Engenharias	Engenharia de Transportes	Planejamento de Transportes	Planejamento e Organização do Sistema de Transporte
LEONARDO VIEIRA SOARES	Engenharias	Engenharia Sanitária	Recursos Hídricos	Planejamento Integrado dos Recursos Hídricos
ALBANISE BARBOSA MARINHO	Ciências Agrárias	Engenharia Agrícola	Engenharia de Água e Solo	nan
CARMEM LUCIA MOREIRA GADELHA	Engenharias	Engenharia Sanitária	Saneamento Básico	Técnicas de Abastecimento da Água
RICARDO ALMEIDA DE MELO	Engenharias	Engenharia Civil	Infra-Estrutura de Transportes	Rodovias; Projeto e Construção
NILTON PEREIRA DE ANDRADE	Engenharias	Engenharia de Transportes	Planejamento de Transportes	Planejamento e Organização do Sistema de Transporte
NILTON PEREIRA DE ANDRADE	Engenharias	Engenharia de Transportes	Planejamento de Transportes	Planejamento e Organização do Sistema de Transporte
ANGELO VIEIRA MENDONCA	Engenharias	Engenharia Civil	Estruturas	Mecânica das Estruturas
GIVANILDO ALVES DE AZEREDO	Engenharias	Engenharia Civil	Construção Civil	Materiais e Componentes de Construção
CLAUDIA COUTINHO NOBREGA	Engenharias	Engenharia Sanitária	Saneamento Básico	Residuos Sólidos, Domésticos e Industriais
CLAUDIA COUTINHO NOBREGA	Engenharias	Engenharia Sanitária	Saneamento Básico	Residuos Sólidos, Domésticos e Industriais
CLAUDIA COUTINHO NOBREGA	Engenharias	Engenharia Sanitária	Saneamento Básico	Residuos Sólidos, Domésticos e Industriais
LEONARDO VIEIRA SOARES	Engenharias	Engenharia Sanitária	Recursos Hídricos	Planejamento Integrado dos Recursos Hídricos
ANDREA BRASILIANO SILVA	Engenharias	Engenharia Civil	Estruturas	Mecânica das Estruturas
CARMEM LUCIA MOREIRA GADELHA	Engenharias	Engenharia Sanitária	Saneamento Básico	Técnicas de Abastecimento da Água
CARMEM LUCIA MOREIRA GADELHA	Engenharias	Engenharia Sanitária	Saneamento Básico	Técnicas de Abastecimento da Água
GILSANDRO ALVES DA COSTA	Ciências Agrárias	Ciência e Tecnologia de Alimentos	Tecnologia de Alimentos	Tecnologia de Produtos de Origem Vegetal
GILSANDRO ALVES DA COSTA	Ciências Agrárias	Ciência e Tecnologia de Alimentos	Tecnologia de Alimentos	Tecnologia de Produtos de Origem Vegetal
MARTA SUELY MADRUGA	Ciências Agrárias	Ciência e Tecnologia de Alimentos	Tecnologia de Alimentos	nan
MARCELO BARBOSA MUNIZ	Ciências Agrárias	Ciência e Tecnologia de Alimentos	Tecnologia de Alimentos	Tecnologia das Bebidas
TALIANA KENIA ALVES BEZERRA	Ciências Agrárias	Ciência e Tecnologia de Alimentos	Tecnologia de Alimentos	Aproveitamento de Subprodutos
RENATE MARIA RAMOS WELLEN	Engenharias	Engenharia de Materiais e Metalúrgica	Materiais Não-Metálicos	Polímeros, Aplicações
MARIA ROSEANE DE PONTES FERNANDES	Engenharias	Engenharia de Materiais e Metalúrgica	Metalurgia de Transformação	Fundição
HEBER SIVINI FERREIRA	Engenharias	Engenharia de Materiais e Metalúrgica	Materiais Não-Metálicos	Extração e Transformação de Materiais
LISZANDRA FERNANDA ARAUJO CAMPOS	Engenharias	Engenharia de Materiais e Metalúrgica	Materiais Não-Metálicos	nan
LISZANDRA FERNANDA ARAUJO CAMPOS	Engenharias	Engenharia de Materiais e Metalúrgica	Materiais Não-Metálicos	nan
IEVERTON CAIANDRE ANDRADE BRITO	Engenharias	Engenharia de Materiais e Metalúrgica	Metalurgia Física	Transformação de Fases
DANIEL ARAUJO DE MACEDO	Engenharias	Engenharia de Materiais e Metalúrgica	Materiais Não-Metálicos	Cerâmicos
FABIANA DE CARVALHO FIM	Engenharias	Engenharia de Materiais e Metalúrgica	Materiais Não-Metálicos	Polímeros, Aplicações
DANNIEL FERREIRA DE OLIVEIRA	Engenharias	Engenharia de Materiais e Metalúrgica	Metalurgia Física	nan
GUDSON NICOLAU DE MELO	Engenharias	Engenharia de Materiais e Metalúrgica	Metalurgia de Transformação	Soldagem
TIBERIO ANDRADE DOS PASSOS	Engenharias	Engenharia de Materiais e Metalúrgica	Metalurgia de Transformação	Metalurgia de Pó
RENATE MARIA RAMOS WELLEN	Engenharias	Engenharia de Materiais e Metalúrgica	Materiais Não-Metálicos	Polímeros, Aplicações
DANNIEL FERREIRA DE OLIVEIRA	Engenharias	Engenharia de Materiais e Metalúrgica	Metalurgia Física	nan
AMELIA SEVERINO FERREIRA E SANTOS	Engenharias	Engenharia de Materiais e Metalúrgica	Materiais Não-Metálicos	Materiais Conjugados Não-Metálicos
MARCIO JOSE BATISTA CARDOSO	Engenharias	Engenharia de Materiais e Metalúrgica	Materiais Não-Metálicos	Polímeros, Aplicações
CLAUDIO ALVES DE SIQUEIRA FILHO	Engenharias	Engenharia de Materiais e Metalúrgica	Metalurgia de Transformação	Fundição
DANNIEL FERREIRA DE OLIVEIRA	Engenharias	Engenharia de Materiais e Metalúrgica	Metalurgia Física	nan
ELITON SOUTO DE MEDEIROS	Engenharias	Engenharia de Materiais e Metalúrgica	Materiais Não-Metálicos	Cerâmicos
ELITON SOUTO DE MEDEIROS	Engenharias	Engenharia de Materiais e Metalúrgica	Materiais Não-Metálicos	Cerâmicos
AMELIA SEVERINO FERREIRA E SANTOS	Engenharias	Engenharia de Materiais e Metalúrgica	Materiais Não-Metálicos	Polímeros, Aplicações
AMELIA SEVERINO FERREIRA E SANTOS	Engenharias	Engenharia de Materiais e Metalúrgica	Materiais Não-Metálicos	Polímeros, Aplicações
FABIANA DE CARVALHO FIM	Engenharias	Engenharia de Materiais e Metalúrgica	Materiais Não-Metálicos	Cerâmicos
RAMON ALVES TORQUATO	Engenharias	Engenharia de Materiais e Metalúrgica	Materiais Não-Metálicos	Cerâmicos
MARIA ROSEANE DE PONTES FERNANDES	Engenharias	Engenharia de Materiais e Metalúrgica	Materiais Não-Metálicos	nan
MARIA ROSEANE DE PONTES FERNANDES	Engenharias	Engenharia de Materiais e Metalúrgica	Materiais Não-Metálicos	nan
TIBERIO ANDRADE DOS PASSOS	Engenharias	Engenharia de Materiais e Metalúrgica	Metalurgia de Transformação	Metalurgia de Pó
ITAMARA FARIAS LEITE	Engenharias	Engenharia de Materiais e Metalúrgica	Materiais Não-Metálicos	Polímeros, Aplicações
ITAMARA FARIAS LEITE	Engenharias	Engenharia de Materiais e Metalúrgica	Materiais Não-Metálicos	Polímeros, Aplicações
MARCIO JOSE BATISTA CARDOSO	Engenharias	Engenharia de Materiais e Metalúrgica	Materiais Não-Metálicos	Polímeros, Aplicações
FABIANA DE CARVALHO FIM	Engenharias	Engenharia de Materiais e Metalúrgica	Materiais Não-Metálicos	Polímeros, Aplicações
DANIEL ARAUJO DE MACEDO	Engenharias	Engenharia de Materiais e Metalúrgica	Materiais Não-Metálicos	Cerâmicos
LUCINEIDE BALBINO DA SILVA	Engenharias	Engenharia de Materiais e Metalúrgica	Materiais Não-Metálicos	Polímeros, Aplicações
AMELIA SEVERINO FERREIRA E SANTOS	Engenharias	Engenharia de Materiais e Metalúrgica	Materiais Não-Metálicos	Polímeros, Aplicações
CLAUDIO ALVES DE SIQUEIRA FILHO	Engenharias	Engenharia de Materiais e Metalúrgica	Metalurgia de Transformação	Fundição
AMELIA SEVERINO FERREIRA E SANTOS	Engenharias	Engenharia de Materiais e Metalúrgica	Materiais Não-Metálicos	Polímeros, Aplicações
MARIA CHRISTINE WERBA SALDANHA	Engenharias	Engenharia de Produção	Engenharia do Produto	nan
HUGO HARRY FREDERICO R KRAMER	Engenharias	Engenharia de Produção	Pesquisa Operacional	Programação Linear, Não-Linear, Mista e Dinâmica
CLAUDIA FABIANA GOHR	Engenharias	Engenharia de Produção	Gerência de Produção	nan
PAULO ROTELLA JUNIOR	Engenharias	Engenharia de Produção	Pesquisa Operacional	nan
LUIZ BUENO DA SILVA	Engenharias	Engenharia de Produção	Gerência de Produção	Higiene e Segurança do Trabalho
LUIZ BUENO DA SILVA	Engenharias	Engenharia de Produção	Gerência de Produção	Higiene e Segurança do Trabalho
MARIA SILENE ALEXANDRE LEITE	Engenharias	Engenharia de Produção	Gerência de Produção	Suprimentos
LUCIANO COSTA SANTOS	Engenharias	Engenharia de Produção	Gerência de Produção	nan
LUCIANO COSTA SANTOS	Engenharias	Engenharia de Produção	Gerência de Produção	nan
MARIA SILENE ALEXANDRE LEITE	Engenharias	Engenharia de Produção	Gerência de Produção	Suprimentos
MARIA CHRISTINE WERBA SALDANHA	Engenharias	Engenharia de Produção	Engenharia do Produto	nan
KOJE DANIEL VASCONCELOS MISHINA	Engenharias	Engenharia Mecânica	Projetos de Máquinas	Métodos de Síntese e Otimização Aplicados ao Projeto Mecânico
BRUNO ALESSANDRO SILVA GUEDES DE LIMA	Engenharias	Engenharia Mecânica	Processos de Fabricação	Processos de Fabricação, Seleção Econômica
MARCELO CAVALCANTI RODRIGUES	Engenharias	Engenharia Mecânica	Mecânica dos Sólidos	Dinâmica dos Corpos Rígidos, Elásticos e Plásticos
RODINEI MEDEIROS GOMES	Engenharias	Engenharia de Materiais e Metalúrgica	Metalurgia Física	Propriedades Mecânicas dos Metais e Ligas
MARCELO CAVALCANTI RODRIGUES	Engenharias	Engenharia Mecânica	Mecânica dos Sólidos	Dinâmica dos Corpos Rígidos, Elásticos e Plásticos
ABEL CAVALCANTE LIMA FILHO	Engenharias	Engenharia Elétrica	Medidas Elétricas, Magnéticas e Eletrônicas; Instrumentação	Instrumentação Eletromecânica
RODINEI MEDEIROS GOMES	Engenharias	Engenharia de Materiais e Metalúrgica	Metalurgia Física	Propriedades Mecânicas dos Metais e Ligas
BRUNO ALESSANDRO SILVA GUEDES DE LIMA	Engenharias	Engenharia Mecânica	Processos de Fabricação	Processos de Fabricação, Seleção Econômica
JULICE DUTRA LOPES	Ciências Agrárias	Ciência e Tecnologia de Alimentos	Tecnologia de Alimentos	Tecnologia das Bebidas
JOSILENE DE ASSIS CAVALCANTE	Engenharias	Engenharia Química	Processos Industriais de Engenharia Química	nan
ANDREA LOPES DE OLIVEIRA FERREIRA	Engenharias	Engenharia Química	Tecnologia Química	Álcool
VIVIAN STUMPF MADEIRA	Engenharias	Engenharia Química	Tecnologia Química	Água
SHARLINE FLORENTINO DE MELO SANTOS	Engenharias	Engenharia Química	Processos Industriais de Engenharia Química	Processos Bioquímicos
ANA FLAVIA SANTOS COELHO	Ciências Biológicas	Microbiologia	Microbiologia Aplicada	nan
GENARO ZENAIDE CLERICUZI	Engenharias	Engenharia Química	Processos Industriais de Engenharia Química	Processos Inorgânicos
VIVIAN STUMPF MADEIRA	Engenharias	Engenharia Química	Tecnologia Química	Água
FABIOLA DIAS DA SILVA CURBELO	Engenharias	Engenharia Química	Tecnologia Química	Petróleo e Petroquímica
VIVIAN STUMPF MADEIRA	Engenharias	Engenharia Química	Tecnologia Química	Água
FABIOLA DIAS DA SILVA CURBELO	Engenharias	Engenharia Química	Tecnologia Química	Petróleo e Petroquímica
MELANIA LOPES CORNELIO	Engenharias	Engenharia Química	Tecnologia Química	Produtos Naturais
ARIOSTON ARAUJO DE MORAIS JUNIOR	Engenharias	Engenharia Química	Operações Industriais e Equipamentos para Engenharia Química	Operações de Separação e Mistura
FLAVIO LUIZ HONORATO DA SILVA	Ciências Agrárias	Engenharia Agrícola	Engenharia de Processamento de Produtos Agrícolas	Armazenamento de Produtos Agrícolas
FLAVIO LUIZ HONORATO DA SILVA	Ciências Agrárias	Engenharia Agrícola	Engenharia de Processamento de Produtos Agrícolas	Armazenamento de Produtos Agrícolas
ANA FLAVIA SANTOS COELHO	Ciências Biológicas	Microbiologia	Microbiologia Aplicada	nan
JOSILENE DE ASSIS CAVALCANTE	Engenharias	Engenharia Química	Processos Industriais de Engenharia Química	nan
VERUSCKA ARAUJO SILVA	Engenharias	Engenharia Química	Processos Industriais de Engenharia Química	nan
ARIOSTON ARAUJO DE MORAIS JUNIOR	Engenharias	Engenharia Química	Operações Industriais e Equipamentos para Engenharia Química	Operações de Separação e Mistura
KARLA SILVANA MENEZES GADELHA DE SOUSA	Engenharias	Engenharia Química	Operações Industriais e Equipamentos para Engenharia Química	Operações de Separação e Mistura
SHARLINE FLORENTINO DE MELO SANTOS	Engenharias	Engenharia Química	Processos Industriais de Engenharia Química	Processos Bioquímicos
GENARO ZENAIDE CLERICUZI	Engenharias	Engenharia Química	Processos Industriais de Engenharia Química	Processos Inorgânicos
GENARO ZENAIDE CLERICUZI	Engenharias	Engenharia Química	Processos Industriais de Engenharia Química	Processos Inorgânicos
NOADIA PRISCILA ARAUJO RODRIGUES	Ciências da Saúde	Nutrição	Dietética	nan
NOADIA PRISCILA ARAUJO RODRIGUES	Ciências da Saúde	Nutrição	Dietética	nan
VALERIA LOUISE DE ARAUJO MARANHAO SATURNINO SILVA	Ciências Humanas	Educação	Ensino-Aprendizagem	Métodos e Técnicas de Ensino
INGRID CONCEICAO DANTAS GONCALVES	Ciências da Saúde	Nutrição	Bioquímica da Nutrição	nan
PATRICIA PINHEIRO FERNANDES VIEIRA	Ciências Agrárias	Ciência e Tecnologia de Alimentos	Ciência de Alimentos	Microbiologia de Alimentos
INGRID CONCEICAO DANTAS GONCALVES	Ciências da Saúde	Nutrição	Dietética	nan
INGRID CONCEICAO DANTAS GONCALVES	Ciências da Saúde	Nutrição	Dietética	nan
VALERIA LOUISE DE ARAUJO MARANHAO SATURNINO SILVA	Ciências Humanas	Educação	Ensino-Aprendizagem	Métodos e Técnicas de Ensino
VALERIA LOUISE DE ARAUJO MARANHAO SATURNINO SILVA	Ciências Humanas	Educação	Ensino-Aprendizagem	Métodos e Técnicas de Ensino
ESTEFANIA FERNANDES GARCIA	Ciências da Saúde	Nutrição	Bioquímica da Nutrição	nan
INGRID CONCEICAO DANTAS GONCALVES	Ciências da Saúde	Nutrição	Dietética	nan
INGRID CONCEICAO DANTAS GONCALVES	Ciências da Saúde	Nutrição	Bioquímica da Nutrição	nan
HAISSA ROBERTA CARDARELLI	Ciências Agrárias	Ciência e Tecnologia de Alimentos	Tecnologia de Alimentos	Tecnologia de Produtos de Origem Vegetal
MARTA MARIA DA CONCEICAO	Multidisciplinar	Biotecnologia	nan	nan
ANGELA MARIA TRIBUZY DE MAGALHÃES CORDEIRO	Ciências Agrárias	Ciência e Tecnologia de Alimentos	Tecnologia de Alimentos	Aproveitamento de Subprodutos
ADRIANA MARIA FERNANDES DE OLIVEIRA GOLZIO	Ciências Biológicas	Farmacologia	Neuropsicofarmacologia	nan
ADRIANA MARIA FERNANDES DE OLIVEIRA GOLZIO	Ciências Biológicas	Farmacologia	Neuropsicofarmacologia	nan
MARTA MARIA DA CONCEICAO	Multidisciplinar	Biotecnologia	nan	nan
CAROLINA LIMA CAVALCANTI DE ALBUQUERQUE	Ciências Agrárias	Ciência e Tecnologia de Alimentos	Engenharia de Alimentos	nan
JOELMA MORAIS FERREIRA	Engenharias	Engenharia Química	Tecnologia Química	Álcool
MARCIA APARECIDA CEZAR	Ciências Agrárias	Agronomia	Fitossanidade	Fitopatologia
ANGELA LUCINIA URTIGA VASCONCELOS	Engenharias	Engenharia Química	Processos Industriais de Engenharia Química	nan
LAÍS CAMPOS TEIXEIRA DE CARVALHO GONÇALVES	Multidisciplinar	Biotecnologia	nan	nan
LAÍS CAMPOS TEIXEIRA DE CARVALHO GONÇALVES	Ciências da Saúde	Saúde Coletiva	Saúde Pública	nan
MONICA CARVALHO	Engenharias	Engenharia de Produção	Engenharia do Produto	Desenvolvimento de Produto
