CODIGO	ALUNO	TITULO	
OU0202	SABRINA GONCALVES DE ALMEIDA	Computação Plugada Pixel: Projeto Desenvolvimento e Avaliação de Aplicativo para Apoiar o Ensino da Ciência da Computação relativo a Representação de Imagens
ET1271	TEODOMIRO JOSE DOS SANTOS NETO	Sistemas Hamiltonianos e Estabilidade
OU0223	MARCOS VINICIUS FERREIRA	Computação Plugada Binários: Projeto Desenvolvimento e Avaliação de Aplicativo para Apoiar o Ensino da Ciência da Computação relativo a Números Binários
HS0996	DIEGO VARTULI CAVANELLAS	Práticas culturais do hip-hop nas cidades de Mamanguape e Rio Tinto: etnografando a rua (offline) e a cibercultura (online)
HS1020	KLAUS CASTAGNOTTO	Sinergias: reverberações da Covid-19 na atenção em HIV/Aids em Rio Tinto/PB
HS0825	EMANUEL COSTA HENRIQUE	RESPONSABILIDADE CONSTITUCIONAL DOS MUNICÍPIOS ACERCA DA EDUCAÇÃO AMBIENTAL: PERSPECTIVAS ORÇAMENTÁRIAS JURÍDICAS E ADMINISTRATIVAS
HS0230	RICARDO MONTENEGRO DE AQUINO	MODERNIZAÇÃO E CLARIFICAÇÃO DE NOVOS TEMAS JURÍDICOS EM NOVOS TEMPOS EXTRAORDINÁRIOS
HS1304	ROMERO CAMPOS DE SOUZA MOREIRA JUNIOR	Cenário da Economia Não Observada no Setor AGROPECUÁRIO do Município de Mamanguape: um estudo fundado na Contabilidade Social
HS1162	RAPHAEL FREIRE MADRUGA	Cenário da Indústria na Economia Não Observada no Município de Mamanguape-PB: um estudo com base na contabilidade social.
HS1188	VANESSA DE ALBUQUERQUE FERREIRA	A Economia Não Observada no Setor Econômico de SERVIÇO no Município de Mamanguape-PB: um Cenário com base na contabilidade social
HS0262	ELIDA PESSOA VICENTE	AÇÕES ESTRATÉGICAS EMPREENDIDAS PELAS EMPRESAS DO CLUSTER DE TURISMO DA CIDADE DE JOÃO PESSOA DURANTE CRISE PROVOCADA PELA PANDEMIA
HS0361	THAISE SILVA DE SOUZA	ECONOMIA SOLIDÁRIA: A PRODUÇÃO CIENTÍFICA BRASILEIRA NOS EVENTOS DA ANPAD ENTRE OS ANOS 2000 E 2020.
HS0249	ELYSSANDRA DA ROCHA GOMES	Os elementos do ambiente de ensino e aprendizagem como mediadores do uso das estratégias de ensino ativas no ensino remoto emergencial do curso de Administração do campus IV/UFPB
HS0255	THAISA SANDRIELI LIMA DA SILVA QUIRINO	GESTÃO DE MÍDIAS SOCIAIS VIRTUAIS: FACEBOOK INSTAGRAM TWITTER
HS0375	DAURI FERNANDES LIMA	Estudo de causa e efeito entre as IFRS e o risco sistêmico.
HS0566	RAFAEL DOS SANTOS NUNES	Análise da inovação gerada por patentes em Instituições de Ensino Superior (IES) na Paraíba
HS0298	THAISLANE BALBINO FERREIRA	OPERADORES ARGUMENTATIVOS E POLIFONIA NO GÊNERO RELATÓRIO DE ESTÁGIO CURRICULAR SUPERVISIONADO
HS0300	CAIO MAURICIO GUIMARAES DE OLIVEIRA	ANÁLISE DO PORTAL DO ORÇAMENTO PARTICIPATIVO DA CIDADE DE JOÃO PESSOA: UM ESTUDO DAS POSSIBILIDADES DE PARTICIPAÇÃO SOCIAL EM TEMPOS DE PANDEMIA
HS1108	RODOLFO EMMANUEL DE BARROS SILVA	Modateca como apoio ao desenvolvimento de projetos inovadores em moda.
HS0814	SILVANDO CARLOS CAVALCANTE JUNIOR	Desenvolvimento e estudo de materiais inovadores para aplicação em impressão 3D
HS0898	RUBEN HUDSON LIMA MENESES	NOVOS OBJETOS DE RESÍDUOS VÍTREOS UTILIZANDO A IMPRESSÃO 3D
HS0972	JORDANIA NAIARA DOS SANTOS LIMA	Bullying nas Escolas Públicas de Mamanguape-PB: Casos e reflexos sobre o processo de ensino-aprendizagem
HS0005	ALEXIA CAROLINA GONCALVES DA SILVA	Tráfico de Drogas e Encarceramento Feminino: a realidade da Costa Rica
HS0221	DANIEL RODRIGUES	DISCIPLINA DE DIDÁTICA NOS CURSOS DE LICENCIATURA NO BRASIL: UMA AMOSTRAGEM NACIONAL
HS0402	ALEXANDRO DA SILVA NUNES	DISCIPLINA DE DIDÁTICA EM CURSOS DE PEDAGOGIA DA PARAÍBA CEARÁ E DO RIO GRANDE DO NORTE SOB O OLHAR DE PESQUISADORES INICIANTES
HS0113	SUENIA TAVARES DA SILVA	Violência Escolar: tipos de bullying e seus impactos no município de Marcação-PB
HS0001	GIOVANNA IGNOWSKY BORBA	MULHERES E NARCOTRÁFICO NA AMÉRICA LATINA: UMA ANÁLISE DO PROIBICIONISMO NAS EXPERIÊNCIAS DO BRASIL E DO MÉXICO
HS0488	RAFAELA DA COSTA PESSOA	Investigando contextos: a organização do arquivo da professora Estelita Antonino de Souza
HS0287	CAROLINE PEREIRA SILVA	Multiculturalismo e formação de professores: a hibridização dos potenciais multiculturais dos documentos oficiais nos currículos dos cursos de Pedagogia da UFPB
HS1078	RAYANE MARQUES DE OLIVEIRA	DIDÁTICA E MULTICULTURALISMO: SISTEMATIZANDO AS PRÁTICAS REVELADAS NAS PUBLICAÇÕES DO ENDIPE
HS1281	FRANCIELY CARDOSO DA SILVA	A Educação em Mamanguape -PB no Jornal a União
OU1156	VITORIA FEITOSA DE ALENCAR	Identificação das percepções sobre Ciências que são promovidas em materiais didáticos para os Anos Iniciais do Ensino Fundamental em Escolas Públicas do Vale do Mamanguape
HS0531	MARIA LAYSA CONRADO DOS SANTOS	O arquivo de Estelita Antonino de Souza e a preservação da memória educativa
HS1084	JANIELE DE SOUSA LIMA	Laboratório Digital de Pedagogia
SB0782	MARCOS VINICIUS FERREIRA	Variações morfométricas entre populações de Triatoma brasiliensis (Reduviidae - Triatominae) na cidade de Marcelino Vieira Rio Grande do Norte Brasil
SB0027	RAYANE DA SILVA CALIXTO	Estudo comparativo em área natural e antropizada no município de João Pessoa PB - Ipê amarelo - continuidade
OU0419	JOAO PAULO RODRIGUES DE LIMA	Análise espacial do número de casos e óbitos confirmados por Síndrome Respiratória Aguda Grave (SRAG) no estado da Paraíba Brasil
OU0791	MARIA CLARA RODRIGUES DIAS	Análise espacial do número de casos acumulados ativos recuperados e óbitos confirmados por COVID-19 no estado da Paraíba Brasil
SB0845	MÔNICA BARBOSA VIEIRA	Distribuição e reprodução de Melocactus no nordeste brasileiro- etapa II
ET0774	VALERIA DOS SANTOS ALVES	Ecologia da Paisagem de Remanescentes Florestais do Município de Santa Rita Paraíba
SB0599	SAULO DAL BO	Gradiente de urbanização e taxa de herbivoria em aroeira (Schinus terebinthifolia) e castanhola (Terminalia catappa)
HS0924	DENILSON CICERO FARIAS DE LIMA	Revelações sobre o trabalho docente no estágio supervisionado de Letras-Inglês na modalidade de ensino a distância
HS0263	JANAINA MELO DA SILVA	Modalizadores discursivos e argumentatividade na BNCC (Base Nacional Comum Curricular)
HS1034	ANA KELLY NUNES BEZERRA	Educação em tempos de pandemia de COVID - 19: experiências de estudantes surdos/as no Ensino Superior
HS0257	GILMARA DE CASSIA DOS SANTOS	Atividades práticas de leitura e escrita no ensino de Língua Portuguesa em sala de aula com a utilização das dinâmicas dos jogos de tabuleiro moderno
HS1120	ELLEN DINIZ SILVA	A incursão do fantástico social na contística de J.J. Veiga
HS1091	LIVIA HENRIQUE DE OLIVEIRA	Representações da alteridade nos contos fantásticos de Menalton Braff
HS0550	JAKELLYNNE DOS SANTOS DEODATO	UMA ARQUITETURA DA VIDA ATUAL: ANÁLISE DA OBRA ESTÉTICA DE LABORATÓRIO DE REINALDO LADDADA
HS0195	KAROLAYNE DA SILVA SANTANA	O Português Brasileiro nos jornais do Sertão paraibano: levantamento de corpus e análise sociolinguística
HS1025	GIRLENY ALMEIDA DE SOUZA	Ensino Superior em tempos de pandemia de COVID -19: experiências de professores/as com estudantes surdos/as
HS0364	JOSE YAN MACIEL DIAS	Linguística Integral coseriana: a teoria dos Entornos e sua relação com a Semântica
HS1184	JULIANE MARQUES DA SILVA CHAGAS	MOÇAMBIQUE NO FEMININO: A POESIA DE SÓNIA SULTUANE
HS1029	ALEX SANTOS COELHO DA SILVA	Educação de surdos/as em tempos de pandemia de COVID-19: experiências com intérpretes educacionais no Ensino Superior
