ALUNO	ORIENTADOR	GRANDE_AREA	AREA	SUB_AREA
SABRINA GONCALVES DE ALMEIDA	AYLA DEBORA DANTAS DE SOUZA REBOUCAS	Multidisciplinar	Ensino	Ensino de Ciências e Matemática
TEODOMIRO JOSE DOS SANTOS NETO	JOSE LAUDELINO DE MENEZES NETO	Ciências Exatas e da Terra	Matemática	Geometria e Topologia
MARCOS VINICIUS FERREIRA	AYLA DEBORA DANTAS DE SOUZA REBOUCAS	Multidisciplinar	Ensino	Ensino de Ciências e Matemática
DIEGO VARTULI CAVANELLAS	MARCO AURELIO PAZ TELLA	Ciências Humanas	Antropologia	Antropologia Urbana
KLAUS CASTAGNOTTO	LUZIANA MARQUES DA FONSECA SILVA	Ciências Humanas	Antropologia	Antropologia Urbana
EMANUEL COSTA HENRIQUE	EDDLA KARINA GOMES PEREIRA	Ciências Sociais Aplicadas	Direito	Direito Público
RICARDO MONTENEGRO DE AQUINO	DANIEL CESAR FRANKLIN CHACON	Ciências Sociais Aplicadas	Direito	Direitos Especiais
ROMERO CAMPOS DE SOUZA MOREIRA JUNIOR	ANA CANDIDA FERREIRA VIEIRA	Ciências Sociais Aplicadas	Economia	Teoria Econômica
RAPHAEL FREIRE MADRUGA	ANA CANDIDA FERREIRA VIEIRA	Ciências Sociais Aplicadas	Economia	Teoria Econômica
VANESSA DE ALBUQUERQUE FERREIRA	ANA CANDIDA FERREIRA VIEIRA	Ciências Sociais Aplicadas	Economia	Teoria Econômica
ELIDA PESSOA VICENTE	ROSIELE FERNANDES PINTO	Ciências Sociais Aplicadas	Administração	Administração de Empresas
THAISE SILVA DE SOUZA	MARIA ANGELUCE SOARES PERONICO BARBOTIN	Ciências Sociais Aplicadas	Administração	Administração de Setores Específicos
ELYSSANDRA DA ROCHA GOMES	THALES BATISTA DE LIMA	Ciências Sociais Aplicadas	Administração	Administração de Empresas
THAISA SANDRIELI LIMA DA SILVA QUIRINO	JULIO AFONSO SA DE PINHO NETO	Ciências Sociais Aplicadas	Ciência da Informação	Teoria da Informação
DAURI FERNANDES LIMA	JOSICARLA SOARES SANTIAGO	Ciências Sociais Aplicadas	Administração	Ciências Contábeis
RAFAEL DOS SANTOS NUNES	ANA MARIA MAGALHAES CORREIA	Ciências Sociais Aplicadas	Administração	Administração Pública
THAISLANE BALBINO FERREIRA	FRANCISCA JANETE DA SILVA ADELINO	Lingüística, Letras e Artes	Lingüística	Teoria e Análise Lingüística
CAIO MAURICIO GUIMARAES DE OLIVEIRA	MARCIA MARIA DE MEDEIROS TRAVASSOS SAEGER	Ciências Sociais Aplicadas	Administração	Administração Pública
RODOLFO EMMANUEL DE BARROS SILVA	WASHINGTON FERREIRA SILVA	Ciências Sociais Aplicadas	Desenho Industrial	Desenho de Produto
SILVANDO CARLOS CAVALCANTE JUNIOR	GUSTAVO DE FIGUEIREDO BRITO	Ciências Sociais Aplicadas	Desenho Industrial	Desenho de Produto
RUBEN HUDSON LIMA MENESES	LOUISE BRASILEIRO QUIRINO BRITO	Ciências Sociais Aplicadas	Desenho Industrial	Desenho de Produto
JORDANIA NAIARA DOS SANTOS LIMA	IVONALDO NERES LEITE	Ciências Humanas	Educação	Fundamentos da Educação
ALEXIA CAROLINA GONCALVES DA SILVA	RENATA MONTEIRO GARCIA	Ciências Sociais Aplicadas	Direito	Teoria do Direito
DANIEL RODRIGUES	OSMAR HELIO ALVES ARAUJO	Ciências Humanas	Educação	Ensino-Aprendizagem
ALEXANDRO DA SILVA NUNES	OSMAR HELIO ALVES ARAUJO	Ciências Humanas	Educação	Ensino-Aprendizagem
SUENIA TAVARES DA SILVA	IVONALDO NERES LEITE	Ciências Humanas	Educação	Fundamentos da Educação
GIOVANNA IGNOWSKY BORBA	RENATA MONTEIRO GARCIA	Ciências Sociais Aplicadas	Direito	Teoria do Direito
RAFAELA DA COSTA PESSOA	FRANCYMARA ANTONINO NUNES DE ASSIS	Ciências Humanas	Educação	Fundamentos da Educação
CAROLINE PEREIRA SILVA	ALINE CLEIDE BATISTA	Ciências Humanas	Educação	Currículo
RAYANE MARQUES DE OLIVEIRA	ALINE CLEIDE BATISTA	Ciências Humanas	Educação	Currículo
FRANCIELY CARDOSO DA SILVA	MARIA VALDENICE RESENDE SOARES	Ciências Humanas	Educação	Fundamentos da Educação
VITORIA FEITOSA DE ALENCAR	JOEL ARAUJO QUEIROZ	Multidisciplinar	Ensino	Ensino de Ciências e Matemática
MARIA LAYSA CONRADO DOS SANTOS	FRANCYMARA ANTONINO NUNES DE ASSIS	Ciências Humanas	Educação	Fundamentos da Educação
JANIELE DE SOUSA LIMA	MARIA VALDENICE RESENDE SOARES	Ciências Humanas	Educação	Fundamentos da Educação
MARCOS VINICIUS FERREIRA	ELAINE FOLLY RAMOS	Ciências Biológicas	Ecologia	Ecologia Aplicada
RAYANE DA SILVA CALIXTO	ZELMA GLEBYA MACIEL QUIRINO	Ciências Biológicas	Botânica	Botânica Aplicada
JOAO PAULO RODRIGUES DE LIMA	NADJACLEIA VILAR ALMEIDA	Multidisciplinar	Ciências Ambientais	nan
MARIA CLARA RODRIGUES DIAS	NADJACLEIA VILAR ALMEIDA	Multidisciplinar	Ciências Ambientais	nan
MÔNICA BARBOSA VIEIRA	ZELMA GLEBYA MACIEL QUIRINO	Ciências Biológicas	Botânica	Botânica Aplicada
VALERIA DOS SANTOS ALVES	MILENA DUTRA DA SILVA	Ciências Exatas e da Terra	Geociências	Geografia Física
SAULO DAL BO	ANTONIO CHRISTIAN DE ANDRADE MOURA	Ciências Biológicas	Ecologia	Ecologia Aplicada
DENILSON CICERO FARIAS DE LIMA	SANDRA MARIA ARAUJO DIAS	Lingüística, Letras e Artes	Lingüística	Lingüística Aplicada
JANAINA MELO DA SILVA	ERIVALDO PEREIRA DO NASCIMENTO	Lingüística, Letras e Artes	Lingüística	Teoria e Análise Lingüística
ANA KELLY NUNES BEZERRA	ELAINE REIS LAUREANO	Ciências Humanas	Educação	Tópicos Específicos de Educação
GILMARA DE CASSIA DOS SANTOS	ROSEANE BATISTA FEITOSA NICOLAU	Lingüística, Letras e Artes	Letras	Língua Portuguesa
ELLEN DINIZ SILVA	LUCIANE ALVES SANTOS	Lingüística, Letras e Artes	Letras	Teoria Literária
LIVIA HENRIQUE DE OLIVEIRA	LUCIANE ALVES SANTOS	Lingüística, Letras e Artes	Letras	Teoria Literária
JAKELLYNNE DOS SANTOS DEODATO	JOSE VERANILDO LOPES DA COSTA JUNIOR	Lingüística, Letras e Artes	Letras	Teoria Literária
KAROLAYNE DA SILVA SANTANA	ROSEANE BATISTA FEITOSA NICOLAU	Lingüística, Letras e Artes	Lingüística	Lingüística Histórica
GIRLENY ALMEIDA DE SOUZA	ELAINE REIS LAUREANO	Ciências Humanas	Educação	Tópicos Específicos de Educação
JOSE YAN MACIEL DIAS	SILVIO LUIS DA SILVA	Lingüística, Letras e Artes	Lingüística	Teoria e Análise Lingüística
JULIANE MARQUES DA SILVA CHAGAS	SAVIO ROBERTO FONSECA DE FREITAS	Lingüística, Letras e Artes	Letras	Outras Literaturas Vernáculas
ALEX SANTOS COELHO DA SILVA	ELAINE REIS LAUREANO	Ciências Humanas	Educação	Tópicos Específicos de Educação
