PROFESSOR	GRANDE_AREA	AREA	SUB_AREA
AYLA DEBORA DANTAS DE SOUZA REBOUCAS	Multidisciplinar	Ensino	Ensino de Ciências e Matemática
JOSE LAUDELINO DE MENEZES NETO	Ciências Exatas e da Terra	Matemática	Geometria e Topologia
AYLA DEBORA DANTAS DE SOUZA REBOUCAS	Multidisciplinar	Ensino	Ensino de Ciências e Matemática
MARCO AURELIO PAZ TELLA	Ciências Humanas	Antropologia	Antropologia Urbana
LUZIANA MARQUES DA FONSECA SILVA	Ciências Humanas	Antropologia	Antropologia Urbana
EDDLA KARINA GOMES PEREIRA	Ciências Sociais Aplicadas	Direito	Direito Público
DANIEL CESAR FRANKLIN CHACON	Ciências Sociais Aplicadas	Direito	Direitos Especiais
ANA CANDIDA FERREIRA VIEIRA	Ciências Sociais Aplicadas	Economia	Teoria Econômica
ANA CANDIDA FERREIRA VIEIRA	Ciências Sociais Aplicadas	Economia	Teoria Econômica
ANA CANDIDA FERREIRA VIEIRA	Ciências Sociais Aplicadas	Economia	Teoria Econômica
ROSIELE FERNANDES PINTO	Ciências Sociais Aplicadas	Administração	Administração de Empresas
MARIA ANGELUCE SOARES PERONICO BARBOTIN	Ciências Sociais Aplicadas	Administração	Administração de Setores Específicos
THALES BATISTA DE LIMA	Ciências Sociais Aplicadas	Administração	Administração de Empresas
JULIO AFONSO SA DE PINHO NETO	Ciências Sociais Aplicadas	Ciência da Informação	Teoria da Informação
JOSICARLA SOARES SANTIAGO	Ciências Sociais Aplicadas	Administração	Ciências Contábeis
ANA MARIA MAGALHAES CORREIA	Ciências Sociais Aplicadas	Administração	Administração Pública
FRANCISCA JANETE DA SILVA ADELINO	Lingüística, Letras e Artes	Lingüística	Teoria e Análise Lingüística
MARCIA MARIA DE MEDEIROS TRAVASSOS SAEGER	Ciências Sociais Aplicadas	Administração	Administração Pública
WASHINGTON FERREIRA SILVA	Ciências Sociais Aplicadas	Desenho Industrial	Desenho de Produto
GUSTAVO DE FIGUEIREDO BRITO	Ciências Sociais Aplicadas	Desenho Industrial	Desenho de Produto
LOUISE BRASILEIRO QUIRINO BRITO	Ciências Sociais Aplicadas	Desenho Industrial	Desenho de Produto
IVONALDO NERES LEITE	Ciências Humanas	Educação	Fundamentos da Educação
RENATA MONTEIRO GARCIA	Ciências Sociais Aplicadas	Direito	Teoria do Direito
OSMAR HELIO ALVES ARAUJO	Ciências Humanas	Educação	Ensino-Aprendizagem
OSMAR HELIO ALVES ARAUJO	Ciências Humanas	Educação	Ensino-Aprendizagem
IVONALDO NERES LEITE	Ciências Humanas	Educação	Fundamentos da Educação
RENATA MONTEIRO GARCIA	Ciências Sociais Aplicadas	Direito	Teoria do Direito
FRANCYMARA ANTONINO NUNES DE ASSIS	Ciências Humanas	Educação	Fundamentos da Educação
ALINE CLEIDE BATISTA	Ciências Humanas	Educação	Currículo
ALINE CLEIDE BATISTA	Ciências Humanas	Educação	Currículo
MARIA VALDENICE RESENDE SOARES	Ciências Humanas	Educação	Fundamentos da Educação
JOEL ARAUJO QUEIROZ	Multidisciplinar	Ensino	Ensino de Ciências e Matemática
FRANCYMARA ANTONINO NUNES DE ASSIS	Ciências Humanas	Educação	Fundamentos da Educação
MARIA VALDENICE RESENDE SOARES	Ciências Humanas	Educação	Fundamentos da Educação
ELAINE FOLLY RAMOS	Ciências Biológicas	Ecologia	Ecologia Aplicada
ZELMA GLEBYA MACIEL QUIRINO	Ciências Biológicas	Botânica	Botânica Aplicada
NADJACLEIA VILAR ALMEIDA	Multidisciplinar	Ciências Ambientais	nan
NADJACLEIA VILAR ALMEIDA	Multidisciplinar	Ciências Ambientais	nan
ZELMA GLEBYA MACIEL QUIRINO	Ciências Biológicas	Botânica	Botânica Aplicada
MILENA DUTRA DA SILVA	Ciências Exatas e da Terra	Geociências	Geografia Física
ANTONIO CHRISTIAN DE ANDRADE MOURA	Ciências Biológicas	Ecologia	Ecologia Aplicada
SANDRA MARIA ARAUJO DIAS	Lingüística, Letras e Artes	Lingüística	Lingüística Aplicada
ERIVALDO PEREIRA DO NASCIMENTO	Lingüística, Letras e Artes	Lingüística	Teoria e Análise Lingüística
ELAINE REIS LAUREANO	Ciências Humanas	Educação	Tópicos Específicos de Educação
ROSEANE BATISTA FEITOSA NICOLAU	Lingüística, Letras e Artes	Letras	Língua Portuguesa
LUCIANE ALVES SANTOS	Lingüística, Letras e Artes	Letras	Teoria Literária
LUCIANE ALVES SANTOS	Lingüística, Letras e Artes	Letras	Teoria Literária
JOSE VERANILDO LOPES DA COSTA JUNIOR	Lingüística, Letras e Artes	Letras	Teoria Literária
ROSEANE BATISTA FEITOSA NICOLAU	Lingüística, Letras e Artes	Lingüística	Lingüística Histórica
ELAINE REIS LAUREANO	Ciências Humanas	Educação	Tópicos Específicos de Educação
SILVIO LUIS DA SILVA	Lingüística, Letras e Artes	Lingüística	Teoria e Análise Lingüística
SAVIO ROBERTO FONSECA DE FREITAS	Lingüística, Letras e Artes	Letras	Outras Literaturas Vernáculas
ELAINE REIS LAUREANO	Ciências Humanas	Educação	Tópicos Específicos de Educação
