ALUNO	ORIENTADOR	GRANDE_AREA	AREA	SUB_AREA
ANDERSON DELFINO MAURICIO NUNES	CARLOS HENRIQUE DE BRITO	Ciências Agrárias	Agronomia	Fitossanidade
EMILIA MARCIELLE DIAS DE MEDEIROS	LENYNEVES DUARTE ALVINO DE ARAUJO	Ciências Biológicas	Botânica	Botânica Aplicada
JOSE MARCIO DE SOUZA OLIVEIRA	MARIO LUIZ FARIAS CAVALCANTI	Ciências Agrárias	Agronomia	Fitotecnia
JADE IRG MA DE OLIVEIRA LITRAN DOS SANTOS	LEONARDO PESSOA FELIX	Ciências Biológicas	Botânica	Taxonomia Vegetal
AUGUSTO DHOUGLAS DE OLIVEIRA JUNIOR	CARLOS AUGUSTO DE OLIVEIRA JUNIOR	Ciências Agrárias	Medicina Veterinária	Medicina Veterinária Preventiva
ERYADISON FLAVIO BONIFACIO DE ARAUJO	HELDER FARIAS PEREIRA DE ARAUJO	Ciências Biológicas	Zoologia	Zoologia Aplicada
LIVIA FERREIRA DA SILVA	MAILSON MONTEIRO DO REGO	Ciências Agrárias	Agronomia	Fitotecnia
GUSTAVO BERNARDO PAIVA DE SOUZA	LOISE ARAUJO COSTA	Ciências Biológicas	Microbiologia	Biologia e Fisiologia dos Microorganismos
ELIZABETH LINS LEITE	MARIO LUIZ FARIAS CAVALCANTI	Ciências Agrárias	Agronomia	Fitotecnia
DENILSON DE LIMA SANTOS	CARLOS HENRIQUE DE BRITO	Ciências Agrárias	Agronomia	Fitossanidade
SAMANDRA SILVA DE LIMA	LENYNEVES DUARTE ALVINO DE ARAUJO	Ciências Biológicas	Botânica	Botânica Aplicada
ANTONIO LUCIO BARBOSA DE ANDRADE NETO	LOISE ARAUJO COSTA	Ciências Biológicas	Microbiologia	Biologia e Fisiologia dos Microorganismos
JEFFERSON GOMES DE SOUSA SANTOS	DAVID HOLANDA DE OLIVEIRA	Ciências Exatas e da Terra	Geociências	Geologia
YARA THAYSE FIDELIS PAULINO	YIRINA VALDES VAZQUEZ	Ciências Biológicas	Zoologia	Zoologia Aplicada
SABRINA TRAJANO PEREIRA DA SILVA	MAILSON MONTEIRO DO REGO	Ciências Agrárias	Agronomia	Fitotecnia
LAURYELLEN SOARES DA CRUZ PESSOA	DAVID HOLANDA DE OLIVEIRA	Ciências Exatas e da Terra	Geociências	Geologia
FIORETT LUAN DE OLIVEIRA LUCAS	HELDER FARIAS PEREIRA DE ARAUJO	Ciências Agrárias	Agronomia	Extensão Rural
DIOGO VENANCIO DE MEDEIROS	ELIZANILDA RAMALHO DO REGO	Ciências Agrárias	Agronomia	Fitotecnia
TAYNA CASSIA DE OLIVEIRA EVANGELISTA	EMANUELLE ALICIA SANTOS DE VASCONCELOS	Ciências Sociais Aplicadas	Economia	Economia dos Recursos Humanos
EDMILSON GOMES DAS NEVES	ELIZANILDA RAMALHO DO REGO	Ciências Agrárias	Agronomia	Fitotecnia
VITORIA AZEVEDO DE ANDRADE	PERICLES DE FARIAS BORGES	Ciências Agrárias	Agronomia	Agrometeorologia
JOSE JURANDEZ BURITI DE MELO JUNIOR	PERICLES DE FARIAS BORGES	Ciências Agrárias	Agronomia	Agrometeorologia
JANINE FERREIRA DE OLIVEIRA	EMANUELLE ALICIA SANTOS DE VASCONCELOS	Ciências Sociais Aplicadas	Economia	Economia dos Recursos Humanos
LARISSA DE LIMA MAGALHAES	DANILA BARREIRO CAMPOS	Ciências Agrárias	Medicina Veterinária	Clínica e Cirurgia Animal
IARA GEOVANA DA SILVA	RICARDO BARBOSA DE LUCENA	Ciências Agrárias	Medicina Veterinária	Patologia Animal
VITORIA MARIA DA SILVA	RICARDO BARBOSA DE LUCENA	Ciências Agrárias	Medicina Veterinária	Patologia Animal
LORENNA DE BRITO MONTEIRO LIMA	ALEXANDRE JOSE ALVES	Ciências Agrárias	Medicina Veterinária	Medicina Veterinária Preventiva
MARIANA DA SILVA SANTOS	NORMA LUCIA DE SOUZA ARAUJO	Ciências Agrárias	Medicina Veterinária	Reprodução Animal
BRUNA SEGUI PARAISO	SARA VILAR DANTAS SIMOES	Ciências Agrárias	Medicina Veterinária	Clínica e Cirurgia Animal
DANIEL LIMA SOUZA	ISABELLA DE OLIVEIRA BARROS	Ciências Agrárias	Medicina Veterinária	Clínica e Cirurgia Animal
IORRANY MARIA OLIVEIRA LOBO CALOU	NATALIA MATOS SOUZA AZEVEDO	Ciências Agrárias	Medicina Veterinária	Clínica e Cirurgia Animal
LUANNA DE OLIVEIRA MAIA	RICARDO ROMAO GUERRA	Ciências Agrárias	Medicina Veterinária	Patologia Animal
GABRIEL BARBOSA COSTA	ARTUR CEZAR DE CARVALHO FERNANDES	Ciências Agrárias	Medicina Veterinária	Medicina Veterinária Preventiva
HALYSON RUAN DOS SANTOS EPITACIO SILVA	RICARDO ROMAO GUERRA	Ciências Agrárias	Medicina Veterinária	Patologia Animal
LARISSA SILVA NELO OLIVEIRA	SARA VILAR DANTAS SIMOES	Ciências Agrárias	Medicina Veterinária	Clínica e Cirurgia Animal
JOAO LUCAS TENORIO DE SOUZA	RICARDO BARBOSA DE LUCENA	Ciências Agrárias	Medicina Veterinária	Patologia Animal
GIOVANNA PAOLA SOUZA DA CRUZ	ISABELLA DE OLIVEIRA BARROS	Ciências Agrárias	Medicina Veterinária	Clínica e Cirurgia Animal
VICTORIA MARIA BELARMINO DOS SANTOS	INACIO JOSE CLEMENTINO	Ciências Agrárias	Medicina Veterinária	Medicina Veterinária Preventiva
JOAO VICTOR DA SILVA BARBOSA	ROSEMBERG FERNANDES DE MENEZES	Ciências Biológicas	Ecologia	Ecologia de Ecossistemas
MARIA KAROLINE FERREIRA BERNARDO	EDNA URSULINO ALVES	Ciências Agrárias	Agronomia	Fitotecnia
MARIA EDUARDA MACENA DOS SANTOS	RISELANE DE LUCENA ALCANTARA BRUNO	Ciências Agrárias	Agronomia	Fitotecnia
DAVI BARROS DOS SANTOS	MANOEL BANDEIRA DE ALBUQUERQUE	Ciências Agrárias	Agronomia	Fitotecnia
VERONICA COUTO PAIS RODRIGUES	LUCIANA GOMES BARBOSA	Ciências Biológicas	Ecologia	Ecologia de Ecossistemas
MAYRA ALVES DO NASCIMENTO	FABIO MIELEZRSKI	Ciências Agrárias	Agronomia	Fitotecnia
VINICIUS COSTA ARAUJO	RISELANE DE LUCENA ALCANTARA BRUNO	Ciências Agrárias	Agronomia	Fitotecnia
MATHEUS RAMOS DE OLIVEIRA	JOSE DOMINGOS RIBEIRO NETO	Ciências Biológicas	Ecologia	Ecologia de Ecossistemas
MARQUES GUTEMBERGUE DANTAS	JOSE DOMINGOS RIBEIRO NETO	Ciências Biológicas	Ecologia	Ecologia de Ecossistemas
EDUARDO LUA FERNANDES DA SILVA	EDNA URSULINO ALVES	Ciências Agrárias	Agronomia	Fitotecnia
GABRIEL NASCIMENTO BRATFISCH	NAYSA FLAVIA FERREIRA DO NASCIMENTO	Ciências Agrárias	Agronomia	Fitotecnia
ANTONIO LEVI FELIZARDO DA SILVA	MARIA BETANIA HERMENEGILDO DOS SANTOS	Ciências Exatas e da Terra	Química	Química Analítica
ISABELI CRISTINE ALVES SOUTO	RENALDO TENORIO DE MOURA JUNIOR	Ciências Exatas e da Terra	Química	Físico-Química
AMANDA SABRINA CAMPOS SOARES	RENALDO TENORIO DE MOURA JUNIOR	Ciências Exatas e da Terra	Química	Físico-Química
RONALDO DE ARAUJO SILVA	ELIZABETH ALMEIDA LAFAYETTE	Ciências da Saúde	Farmácia	Farmacognosia
SABRINA PAMELA MATOS DA SILVA DUZINO	YANNA CAROLINA FERREIRA TELES	Ciências da Saúde	Farmácia	Farmacognosia
ERNESTO RODRIGUES TAVARES DE ANDRADE	IARLEY PEREIRA LOBO	Ciências Exatas e da Terra	Física	Física Geral
ANGELIANA DE AZEVEDO LIMA	YANNA CAROLINA FERREIRA TELES	Ciências da Saúde	Farmácia	Farmacognosia
LUAN RODRIGUES BAETA	MARIA BETANIA HERMENEGILDO DOS SANTOS	Ciências Exatas e da Terra	Química	Química Analítica
SANDRO ROBERTO ASSIS DA SILVA	MARIA BETANIA HERMENEGILDO DOS SANTOS	Ciências Exatas e da Terra	Química	Química Analítica
GABRYELLA FREIRE MONTEIRO	MARIA BETANIA HERMENEGILDO DOS SANTOS	Ciências Exatas e da Terra	Química	Química Analítica
LUCAS FIRMINO DA SILVA MEDEIROS	SILVANDA DE MELO SILVA	Ciências Agrárias	Agronomia	Fitotecnia
GABRIEL MACEDO DE SANTANA	IARLEY PEREIRA LOBO	Ciências Exatas e da Terra	Física	Física Geral
ISABEL LOPES DE MEDEIROS	SILVANDA DE MELO SILVA	Ciências Agrárias	Agronomia	Fitotecnia
KAGIAANY MEIRELE SANTOS	SILVANDA DE MELO SILVA	Ciências Agrárias	Agronomia	Fitotecnia
ALLEF DE SOUZA SILVA	DAVI DE CARVALHO DINIZ MELO	Ciências Agrárias	Engenharia Agrícola	Engenharia de Água e Solo
FELIPE DOS SANTOS SILVA DINIZ	GUTTEMBERG DA SILVA SILVINO	Ciências Agrárias	Agronomia	Agrometeorologia
HÁIMYK ANDRESSA NÓBREGA SOUZA	BRUNO DE OLIVEIRA DIAS	Ciências Agrárias	Agronomia	Ciência do Solo
JOAO HENRIQUE MELO	MILTON CESAR COSTA CAMPOS	Ciências Agrárias	Agronomia	Ciência do Solo
WAGNER DE PONTES PEREIRA	FLAVIO PEREIRA DE OLIVEIRA	Ciências Agrárias	Agronomia	Ciência do Solo
THOMAZIA DE OLIVEIRA EMILIANO	RAPHAEL MOREIRA BEIRIGO	Ciências Agrárias	Agronomia	Ciência do Solo
ITALO LUIS DE MELO SILVA	BRUNO DE OLIVEIRA DIAS	Ciências Agrárias	Agronomia	Ciência do Solo
SHAYANNE JOSICLEIDE DE ALMEIDA	ROBSON DE SOUSA NASCIMENTO	Multidisciplinar	Ciências Ambientais	nan
GABRIELA BARBOSA DE FREITAS MONTEIRO	NORMANDO MENDES RIBEIRO FILHO	Ciências Agrárias	Ciência e Tecnologia de Alimentos	Tecnologia de Alimentos
WELLINGTON DOS SANTOS JUNIOR	NORMANDO MENDES RIBEIRO FILHO	Ciências Agrárias	Ciência e Tecnologia de Alimentos	Tecnologia de Alimentos
ADAILSON TULIO DOS SANTOS SILVA	GUTTEMBERG DA SILVA SILVINO	Ciências Agrárias	Agronomia	Agrometeorologia
LAZARO MATHEUS FRANCO DA SILVA	RAPHAEL MOREIRA BEIRIGO	Ciências Agrárias	Agronomia	Ciência do Solo
JOAO ANTONIO DE OLIVEIRA SILVA	FLAVIO PEREIRA DE OLIVEIRA	Ciências Agrárias	Agronomia	Ciência do Solo
BRUNA THALIA SILVEIRA SABINO	FLAVIO PEREIRA DE OLIVEIRA	Ciências Agrárias	Agronomia	Ciência do Solo
JOAO VICTOR LEITE DE CARVALHO	FLAVIO PEREIRA DE OLIVEIRA	Ciências Agrárias	Agronomia	Ciência do Solo
MARIA CLARA TEIXEIRA DE BARROS	ADRIANA FERREIRA DOS SANTOS	Ciências Agrárias	Ciência e Tecnologia de Alimentos	Tecnologia de Alimentos
MATHEUS HENRIQUE CARDOSO DE ARAUJO	ALEXANDRE PAIVA DA SILVA	Ciências Agrárias	Agronomia	Ciência do Solo
JOSE MATHEUS DA SILVA BARBOSA	DJAIL SANTOS	Ciências Agrárias	Agronomia	Ciência do Solo
DIEGO EDUARDO DA SILVA	ADRIANA FERREIRA DOS SANTOS	Ciências Agrárias	Ciência e Tecnologia de Alimentos	Tecnologia de Alimentos
AMANDA FERNANDES CÂNDIDO	VALERIA PEIXOTO BORGES	Ciências Agrárias	Agronomia	Agrometeorologia
JOALISON DE BRITO SILVA	MILTON CESAR COSTA CAMPOS	Ciências Agrárias	Agronomia	Ciência do Solo
ELILSON GOMES DE BRITO FILHO	MILTON CESAR COSTA CAMPOS	Ciências Agrárias	Agronomia	Ciência do Solo
JOHN YGOR SANTOS BEZERRA	JULIANA SILVA DE OLIVEIRA	Ciências Agrárias	Zootecnia	Nutrição e Alimentação Animal
LAYLA RODRIGUES BEZERRA	CARLA APARECIDA SOARES SARAIVA	Ciências Agrárias	Zootecnia	Produção Animal
SUZY ELLEN ARAÚJO SANTOS	ARIOSVALDO NUNES DE MEDEIROS	Ciências Agrárias	Zootecnia	Nutrição e Alimentação Animal
IASMIN MARQUES ROCHA	MARCOS ELI BUZANSKAS	Ciências Agrárias	Zootecnia	Genética e Melhoramento dos Animais Domésticos
AMANDA ITOH DE MEDEIROS	FERNANDO GUILHERME PERAZZO COSTA	Ciências Agrárias	Zootecnia	Nutrição e Alimentação Animal
IZABEL MILENA PEREIRA CAVALCANTI	EDILSON PAES SARAIVA	Ciências Agrárias	Zootecnia	Ecologia dos Animais Domésticos e Etologia
HELLEN RAMOS OLIVEIRA	EDILSON PAES SARAIVA	Ciências Agrárias	Zootecnia	Ecologia dos Animais Domésticos e Etologia
ALBERTINO ANTÔNIO DOS SANTOS	ALINE MENDES RIBEIRO	Ciências Agrárias	Zootecnia	Pastagem e Forragicultura
ANA BEATRIZ AZEVEDO DE MEDEIROS	MARCOS ELI BUZANSKAS	Ciências Agrárias	Zootecnia	Genética e Melhoramento dos Animais Domésticos
VANESSA DA SILVA TORRES	LUCIANA DINIZ ROLA	Ciências Biológicas	Genética	Genética Animal
LEONARDO DO NASCIMENTO ARAUJO	LUCIANA DINIZ ROLA	Ciências Biológicas	Genética	Genética Animal
MIRTA OLIVEIRA GOMES DA SILVA	LUCIANA DINIZ ROLA	Ciências Biológicas	Genética	Genética Animal
ANA JULIA COSTA DE AZEVEDO	EDSON MAURO SANTOS	Ciências Agrárias	Zootecnia	Pastagem e Forragicultura
WAGNER ALMEIDA SOUZA	MARIA LINDOMARCIA LEONARDO DA COSTA	Ciências Agrárias	Zootecnia	Nutrição e Alimentação Animal
NANI GERMINIA PONTES DE LIMA	MARIA LINDOMARCIA LEONARDO DA COSTA	Ciências Agrárias	Zootecnia	Nutrição e Alimentação Animal
MARIA VITORIA BARBOSA MACEDO	PATRICIA EMILIA NAVES GIVISIEZ	Ciências Agrárias	Zootecnia	Produção Animal
CLEICE KELLY DOS SANTOS NASCIMENTO	ARIOSVALDO NUNES DE MEDEIROS	Ciências Agrárias	Zootecnia	Nutrição e Alimentação Animal
NADYRA JERONIMO DA SILVA	CELSO JOSE BRUNO DE OLIVEIRA	Ciências Agrárias	Zootecnia	Produção Animal
LUIS FERNANDO DOS SANTOS CAPIM	BRUNA AGY LOUREIRO	Ciências Agrárias	Zootecnia	Nutrição e Alimentação Animal
SOFIA DANTAS DE QUEIROZ	SEVERINO GONZAGA NETO	Ciências Agrárias	Zootecnia	Nutrição e Alimentação Animal
BARBARA OHANNA SARAIVA DE OLIVEIRA	SEVERINO GONZAGA NETO	Ciências Agrárias	Zootecnia	Nutrição e Alimentação Animal
MATHEUS HENRIQUE ANDRADE DA SILVA	SEVERINO GONZAGA NETO	Ciências Agrárias	Zootecnia	Nutrição e Alimentação Animal
ARTHUR DOS SANTOS PEREIRA	FERNANDO GUILHERME PERAZZO COSTA	Ciências Agrárias	Zootecnia	Nutrição e Alimentação Animal
MARIA CAROLINA AZEVEDO SILVA DE FARIAS	SEVERINO GONZAGA NETO	Ciências Agrárias	Zootecnia	Nutrição e Alimentação Animal
JULLIO CESAR DELFINO	JACINARA HODY GURGEL MORAIS LEITE	Ciências Agrárias	Zootecnia	Ecologia dos Animais Domésticos e Etologia
ANA ODILIA DE SOUSA PEDROSA	LUCIANA DINIZ ROLA	Ciências Agrárias	Zootecnia	Nutrição e Alimentação Animal
ANYRA MARQUES PAULINO FERREIRA	SEVERINO GONZAGA NETO	Ciências Agrárias	Zootecnia	Nutrição e Alimentação Animal
VANESSA MARIA RODRIGUES DE LIMA	EDSON MAURO SANTOS	Ciências Agrárias	Zootecnia	Pastagem e Forragicultura
