CODIGO	ALUNO	TITULO	
SB0589	ANDERSON DELFINO MAURICIO NUNES	FAUNA DE BESOUROS BIOLUMINESCENTES (COLEOPTERA) EM BREJO DE ALTITUDE
SB0461	EMILIA MARCIELLE DIAS DE MEDEIROS	BIOLOGIA FLORAL E POLINIZADORES DE VARIEDADES TRADICIONAIS DO FEIJÃO CAUPÍ (Vigna unguiculata (L.) Walp.) (FABACEAE) NO SEMIÁRIDO PARAIBANO
SB0214	JOSE MARCIO DE SOUZA OLIVEIRA	MANEJO DA IRRIGAÇÃO COMBINADO AO ESTRESSE POR DÉFICIT HÍDRICO EM DIFERENTES TAMANHOS DE RIZOTRONS NA PRODUÇÃO DE MUDAS DE ESPÉCIE ARBÓREA DA CAATINGA
SB0011	JADE IRG MA DE OLIVEIRA LITRAN DOS SANTOS	Citogenética em espécies da família Microteaceae
SB0494	AUGUSTO DHOUGLAS DE OLIVEIRA JUNIOR	Avaliação de parâmetros microbiológicos da água de bebida dos animais de propriedades rurais no município de Areia.
SB0217	ERYADISON FLAVIO BONIFACIO DE ARAUJO	Efeito da cobertura de solo das paisagens na diversidade beta de aves na Caatinga
SB1116	LIVIA FERREIRA DA SILVA	O choque térmico têm influência sobre a androgênese em pimenteiras ornamentais (Capsicum annuumm L.)?
SB0281	GUSTAVO BERNARDO PAIVA DE SOUZA	Comunidade de fungos conidiais associada a substratos vegetais submersos no Parque Estadual Mata do Pau Ferro Paraíba
SB1082	ELIZABETH LINS LEITE	MANEJO DA IRRIGAÇÃO COMBINADO AO ESTRESSE POR DÉFICIT HÍDRICO NA PRODUÇÃO DE MUDAS DE ESPÉCIE ARBÓREA DA CAATINGA
SB0578	DENILSON DE LIMA SANTOS	Efeito seletivo de extratos aquosos e etanólicos de Agave sisalana sobre o predador generalista Euborellia annulipes (Lucas 1847) (Dermaptera: Anisolabididae)
SB0123	SAMANDRA SILVA DE LIMA	COMPATIBILIDADE ENTRE GENÓTIPOS E TESTE DE TÉCNICAS DE HIBRIDIZAÇÃO EM VARIEDADES TRADICIONAIS DE FEIJÃO CAUPI (Vigna unguiculata (L.) Walp. FABACEAE) DA REGIÃO NORDESTE/BRASIL
SB0429	ANTONIO LUCIO BARBOSA DE ANDRADE NETO	Diversidade e distribuição dos microfungos assexuais associados a serapilheira terrestre nas margens de dois cursos dágua no Parque Estadual Mata do Pau Ferro Paraíba
ET0832	JEFFERSON GOMES DE SOUSA SANTOS	REGISTROS DE INGRESSOES MARINHAS DURANTE O CRETACEO SUPERIOR NA BACIA DO ARARIPE PARTE SUDOESTE COM BASE NOS MICROFOSSEIS CARBONATICOS
SB0786	YARA THAYSE FIDELIS PAULINO	EEITO DE UM GRADIENTE DE ARIDEZ E DOS PARÂMETROS ABIÓTICOS DA ÁGUA SOBRE A RIQUEZA E ABUNDÂNCIA DE NEMATOIDES EM RESERVATÓRIOS AQUÍFEROS DO PLANALTO DA BORBOREMA.
SB1218	SABRINA TRAJANO PEREIRA DA SILVA	Qual o melhor protocolo para isolamento de micrósporos em Capsicum?
ET0823	LAURYELLEN SOARES DA CRUZ PESSOA	ANÁLISE TAFONÔMICA DE FÓSSEIS DE MEGAFAUNA PRESERVADOS EM DEPÓSITOS DE TANQUE NO MUNICÍPIO DE SANTA CECÍLIA PB/BRASIL
SB0762	FIORETT LUAN DE OLIVEIRA LUCAS	Estimando produtividade primária bruta de componentes da paisagem com imagem de satélite na Caatinga
SB1176	DIOGO VENANCIO DE MEDEIROS	Hibridação intra e interespecífica de beldroega (Portulaca spp.)
HS0908	TAYNA CASSIA DE OLIVEIRA EVANGELISTA	MERCADO DE TRABALHO RURAL NO BRASIL: FORMAS DE OCUPAÇÃO E RENDIMENTOS DOS TRABALHADORES DO CAMPO
SB1169	EDMILSON GOMES DAS NEVES	Caracterização de beldroega (Portulaca spp.)
SB1259	VITORIA AZEVEDO DE ANDRADE	Estudo da precipitação pluvial no Cariri Ocidental da Paraíba utilizando a teoria da Entropia de Shannon
SB1202	JOSE JURANDEZ BURITI DE MELO JUNIOR	Modelagem em séries temporais a dados de temperatura média mensal na cidade de Areia PB
HS0795	JANINE FERREIRA DE OLIVEIRA	PERFIL DOS TRABALHADORES RURAIS DO BRASIL
SB0422	LARISSA DE LIMA MAGALHAES	Avaliação dos efeitos clínicos e sedativos da dexmedetomidina intramuscular subcutânea e no acuponto Yin Tang em bezerros.
SB0570	IARA GEOVANA DA SILVA	Causas de morte de animais silvestres apreendidos do tráfico e submetidos para necropsia
SB0407	VITORIA MARIA DA SILVA	Avaliação molecular da leptospirose em animais silvestres
SB0631	LORENNA DE BRITO MONTEIRO LIMA	Instrumentação Para Análise Espacial da Tuberculose e da Brucelose Bovina no Nordeste Brasileiro
SB1090	MARIANA DA SILVA SANTOS	AVALIAÇÃO DA QUALIDADE DOS OÓCITOS E SUA RELAÇÃO COM O USO DE CONTRACEPTIVOS E A FASE DO CICLO ESTRAL EM CADELAS SUBMETIDAS A OVARIOHISTERECTOMIA
SB1016	BRUNA SEGUI PARAISO	Identificação e quantificação de larvas infectantes de nematódeos gastrintestinais em amostras de pasto utilizado de forma rotacionada.
SB0997	DANIEL LIMA SOUZA	DIAGNÓSTICO DE PIROPLASMOSE EM EQUÍDEOS COM AUXÍLIO DE ESFREGAÇO SANGUÍNEO ORIUNDO DE SANGUE PERIFÉRICO
SB1097	IORRANY MARIA OLIVEIRA LOBO CALOU	Ocorrência de Rhodococcus equi no Brejo Paraibano
SB0780	LUANNA DE OLIVEIRA MAIA	REDUÇÃO DE FÓSFORO E CÁLCIO MEDIANTE SUPERDOSAGEM DE FITASE EM DIETAS DE CODORNAS DE POSTURA SOB ESTRESSE TÉRMICO: VARIAÇÕES MORFOMÉTRICAS DO SISTEMA DIGESTÓRIO E REPRODUTOR
SB0121	GABRIEL BARBOSA COSTA	avaliação de diferentes escores de higiene e do escore de teto na incidência da mastite clínica e sub-clínica.
SB0742	HALYSON RUAN DOS SANTOS EPITACIO SILVA	REDUÇÃO DE FÓSFORO E CÁLCIO MEDIANTE SUPERDOSAGEM DE FITASE EM DIETAS DE CODORNAS DE POSTURA SOB ESTRESSE TÉRMICO: IMPLICAÇÕES NA PRODUÇÃO
SB1062	LARISSA SILVA NELO OLIVEIRA	Coleta e processamento de amostras de pasto utilizado de forma rotacionada para pesquisa de larvas infectantes de nematódeos gastrintestinais
SB0966	JOAO LUCAS TENORIO DE SOUZA	Aspectos epidemiológicos da leptospirose em animais silvestres
SB0952	GIOVANNA PAOLA SOUZA DA CRUZ	DIAGNÓSTICO DE PIROPLASMOSE COM AUXÍLIO DE ESFREGAÇO SANGUÍNEO ORIUNDO DE PUNÇÃO ESPLÊNICA EM EQUÍDEOS
SB0892	VICTORIA MARIA BELARMINO DOS SANTOS	Cryptococcus spp. e outros parasitas de relevância em saúde pública em excretas de pombos
SB0836	JOAO VICTOR DA SILVA BARBOSA	Efeitos da redução da heterogeneidade ambiental sobre os componentes da diversidade funcional e taxonômica de assembleias zooplanctônicas de reservatório do semiárido
SB0336	MARIA KAROLINE FERREIRA BERNARDO	Biometria de sementes de Hymenaea sp. por meio da análise de imagens
SB0536	MARIA EDUARDA MACENA DOS SANTOS	Desempenho de caprinos na superação da dormência de sementes de Desmanthus virgatus L. Willd.
SB1253	DAVI BARROS DOS SANTOS	Variação sazonal das taxas fotossintéticas e fluxo de seiva de tangerina DANCY (Citrus tangerina Hort. ex Tanaka) no território da Borborema Paraíba-Brasil
SB1071	VERONICA COUTO PAIS RODRIGUES	Recomposição da comunidade fitoplanctônica a partir da secagem de hábitat: abordagem através de caracteres funcionais
SB0593	MAYRA ALVES DO NASCIMENTO	PRODUTIVIDADE DA RESSOCA DE GENÓTIPOS DE CANA-DE-AÇÚCAR ORIUNDOS DE MICROPROPAGAÇÃO NO BREJO PARAIBANO
SB0563	VINICIUS COSTA ARAUJO	Caracterização do tegumento e superação da dormência de sementes de Mimosa tenuiflora Willd. após passagem pelo trato digestório de caprinos
SB1088	MATHEUS RAMOS DE OLIVEIRA	Como diferentes espécies de plantas respondem à ocorrência simultânea de estresse hídrico e herbivoria por nematoides Meloidogyne javanica?
SB0792	MARQUES GUTEMBERGUE DANTAS	Efeitos transgeracionais do estresse hídrico em plantas hospedeiras sobre a performance de namatoides das galhas Meloidogyne javanica
SB0102	EDUARDO LUA FERNANDES DA SILVA	Vigor de sementes de Hymenaea sp. obtidas de frutos com diferentes colorações
SB0307	GABRIEL NASCIMENTO BRATFISCH	ANÁLISE DIALÉLICA PARA COMPONENTES PRODUTIVOS EM FEIJÃO DE CORDA Vigna unguiculata (L.) WALP. (FABACEAE).
ET0395	ANTONIO LEVI FELIZARDO DA SILVA	DIAGNÓSTICO DOS PARÂMETROS FÍSICO-QUÍMICOS DA ÁGUA COLETADA PELOS CARROS PIPAS NO MANANCIAL SAULO MAIA  PB
ET0352	ISABELI CRISTINE ALVES SOUTO	Análise Computacional de Ligações Químicas em hidrocarbonetos protonados
ET0326	AMANDA SABRINA CAMPOS SOARES	Análise da topologia da densidade de recobrimento: inclusões no Software ChemBOS
SB0357	RONALDO DE ARAUJO SILVA	Otimização de reações de sulfatação em compostos bioativos hidroxilados
SB0665	SABRINA PAMELA MATOS DA SILVA DUZINO	Avaliação do potencial farmacológico in sílico de biomoléculas isoladas de Psidium guineense Sw (araçá)
ET0630	ERNESTO RODRIGUES TAVARES DE ANDRADE	A Geometria de Finsler como ferramenta da Fenomenologia de Gravitação Quântica
SB0535	ANGELIANA DE AZEVEDO LIMA	Estudo fitoquímico de Wissadula periplocifolia (Malvaceae) e avaliação in sílico do seu potencial anticoagulante
ET0646	LUAN RODRIGUES BAETA	QUALIDADE DA ÁGUA DO MANANCIAL SAULO MAIA
ET0660	SANDRO ROBERTO ASSIS DA SILVA	DETECÇÃO DA ADULTERAÇÃO EM MEL A PARTIR DA UTILIZAÇÃO DE IMAGENS DIGITAIS OBTIDAS POR MEIO DE WEBCAM E ANÁLISE MULTIVARIADA
ET0671	GABRYELLA FREIRE MONTEIRO	ANÁLISE DA PUREZA DE MÉIS POR MEIO TESTES DE CONTROLE DE ADULTERANTES
SB0562	LUCAS FIRMINO DA SILVA MEDEIROS	FISIOLOGIA  E QUALIDADE DE MANGAS TOMMY ATKINS RECOBERTAS COM BIOFILMES DE MANDIOCA ADICIONADO DE LÍQUIDOS IÔNICOS
ET0592	GABRIEL MACEDO DE SANTANA	A Geometria de Hamilton como ferramenta da Fenomenologia de Gravitação Quântica
SB1174	ISABEL LOPES DE MEDEIROS	QUALIDADE E POTENCIAL FUNCIONAL DE FRUTOS DA CAJAZEIRA (Spondias mombim) DURANTE O ARMAZENAMENTO
SB1209	KAGIAANY MEIRELE SANTOS	POTENCIAL FUNCIONAL DE FRUTOS DO UMBUZEIRO GIGANTE ARMAZENADOS SOB RECOBRIMENTOS A BASE DE AMIDO ASSOCIADO A SOLVENTE EUTÉTICO PROFUNDO
SB1105	ALLEF DE SOUZA SILVA	Monitoramento hidrometeorológico visando validação de dados de sensoriamento remoto suborbital
SB0579	FELIPE DOS SANTOS SILVA DINIZ	APLICAÇÃO DO GEOPROCESSAMENTO NA CARACTERIZAÇÃO FÍSICA DA BACIA HIDROGRÁFICA DA BARRAGEM EPITÁCIO PESSOA BOQUEIRÃO  PB UTILIZANDO GEOPROCESSAMENTO
SB0816	HÁIMYK ANDRESSA NÓBREGA SOUZA	Avaliação respirométrica da atividade microbiana de Luvissolo incorporado com substrato gasto de cogumelos de Pleurotus ostreatus.
SB1021	JOAO HENRIQUE MELO	RELAÇÕES ENTRE OS ATRIBUTOS DO SOLO E A BIOMASSA AÉREA E RADICULAR DE PASTAGENS NA AMAZÔNIA OCIDENTAL
SB1077	WAGNER DE PONTES PEREIRA	ESCOAMENTO SUPERFICIAL E EROSÃO EM ENTRESSULCOS EM PLANOSSOLO SOB SISTEMA DE INTEGRAÇÃO LAVOURA-PECUÁRIA-FLORESTA
SB1263	THOMAZIA DE OLIVEIRA EMILIANO	Avaliação de resíduos orgânicos da agropecuária e substratos organomineral para produção de gongocomposto
SB0670	ITALO LUIS DE MELO SILVA	Efeitos da dosificação do substrato gasto de cogumelos de Pleurotus ostreatus nas propriedades químicas de Luvissolo degradado.
OU1106	SHAYANNE JOSICLEIDE DE ALMEIDA	AVALIAÇÃO DOS IMPACTOS DAS MUDANÇAS CLIMÁTICAS NA DISPONIBILIDADE HÍDRICA DO ESTADO DA PARAÍBA
SB0090	GABRIELA BARBOSA DE FREITAS MONTEIRO	Hidromelado (Mead de cana de açúcar)
SB0886	WELLINGTON DOS SANTOS JUNIOR	Espectroscopia no infravermelho e analise de parâmetros de qualidade de cachaças
SB0650	ADAILSON TULIO DOS SANTOS SILVA	ANÁLISE TEMPORAL DO USO E OCUPAÇÃO DO SOLO DA BACIA HIDROGRÁFICA DO AÇUDE EÍTÁCIO PESSOA  BOQUEIRÃO-PB UTILIZANDO GEOPROCESSAMENTO
SB0800	LAZARO MATHEUS FRANCO DA SILVA	Avaliação da preferência alimentar produção composição e retenção de água de excrementos de Embuás (Diplopodas)
SB1111	JOAO ANTONIO DE OLIVEIRA SILVA	AGREGAÇÃO DO SOLO EM SISTEMA DE INTEGRAÇÃO LAVOURA-PECUÁRIA-FLORESTA NO AGRESTE PARAIBANO
SB0021	BRUNA THALIA SILVEIRA SABINO	ATRIBUTOS FÍSICOS DE SOLO EM SISTEMA DE INTEGRAÇÃO LAVOURA-PECUÁRIA-FLORESTA NO AGRESTE PARAIBANO
SB1151	JOAO VICTOR LEITE DE CARVALHO	RESISTÊNCIA MECÂNICA A PENETRAÇÃO EM PLANOSSOLO HÁPLICO SOB SISTEMA DE INTEGRAÇÃO LAVOURA-PECUÁRIA-FLORESTA NO AGRESTE PARAIBANO
SB1256	MARIA CLARA TEIXEIRA DE BARROS		AVALIAÇÃO FÍSICA FISICO-QUIMICA E CENTESIMAL DE AMIDOS DE FONTES NÃO-TRADICIONAIS COM POTENCIAL PARA RECOBRIMENTOS COMESTÍVEIS
SB0807	MATHEUS HENRIQUE CARDOSO DE ARAUJO	DESEMPENHO DOS EXTRATORES MEHLICH-1 E MEHLICH-3 NA AVALIAÇÃO DO MANGANÊS DISPONÍVEL EM ARGISSOLO VERMELHO AMARELO DA ZONA ABACAXICULTORA PARAIBANA
SB0634	JOSE MATHEUS DA SILVA BARBOSA	Estruturação de um banco dados sobre a erosividade da chuva (fator R) em municípios e microrregiões no estado da Paraíba - Ano II
SB1254	DIEGO EDUARDO DA SILVA	COMPOSTOS BIOATIVOS CAPACIDADE ANTIOXIDANTE EM GOIABAS ´PALUMA` SUBMETIDAS A APLICAÇÃO DE DIFERENTES RECOBRIMENTOS COMESTÍVEIS
SB0007	AMANDA FERNANDES CÂNDIDO	ÍNDICES DE VEGETAÇÃO E PRODUTIVIDADE AGRÍCOLA: ESTIMATIVA DE SAFRA PARA O ALGODÃO
SB1018	JOALISON DE BRITO SILVA	CARACTERIZAÇÃO E CLASSIFICAÇÃO DE SOLOS EM UMA TOPOSSEQUÊNCIA NO SUDOESTE DO ESTADO DA PARAÍBA
SB1086	ELILSON GOMES DE BRITO FILHO	ATRIBUTOS DO SOLO E VIAS DE FORMAÇÃO DE AGREGADOS EM DIFERENTES SEGMENTOS DE VERTENTE NO SUDOESTE DO ESTADO DA PARAÍBA
SB0306	JOHN YGOR SANTOS BEZERRA	DESEMPENHO DE CORDEIROS CONFINADOS CONSUMINDO SILAGEM DE MILHO SEM ESPIGA ADITIVADA COM PALMA FORRAGEIRA NA DIETA
SB0648	LAYLA RODRIGUES BEZERRA	ÓLEO ESSENCIAL DE ALHO E ALHO EM PÓ NA CONSERVAÇÃO DE QUEIJO COALHO: ANÁLISES FÍSICO-QUÍMICA E MICROBIOLÓGICAS
SB0437	SUZY ELLEN ARAÚJO SANTOS	Parâmetros nutricionais e desempenho de cordeiros suplementados com extrato de Poincianella pyramidalis (Tul.)
SB0705	IASMIN MARQUES ROCHA	Detecção de assinaturas de seleção por meio da análise de homozigose do haplótipo estendido entre populações da raça Nelore provenientes do Brasil e Índia
SB1292	AMANDA ITOH DE MEDEIROS	Efeito da suplementação de diferentes fontes de metionina na histomorfometria intestinal e hepática de poedeiras leves de 70 a 90 semanas
SB0525	IZABEL MILENA PEREIRA CAVALCANTI	Termorregulação de cães da raça Labrador Retriever de pelagem preta submetidos a caminhadas ao ar livre
SB0207	HELLEN RAMOS OLIVEIRA	Condicionando cães da raça Labrador Retriever a caminhar ao lado do condutor
SB0963	ALBERTINO ANTÔNIO DOS SANTOS	Características produtivas e morfométricas da palma forrageira orelha de elefante sob diferentes espaçamentos e doses de adubação orgânica no brejo paraibano
SB0188	ANA BEATRIZ AZEVEDO DE MEDEIROS	Metodologia XP-EHH para detecção de assinaturas de seleção em bovinos da raça Nelore provenientes do Brasil e Índia
SB0548	VANESSA DA SILVA TORRES	Obtenção de linhagens celulares a partir das fezes de caprinos: a refrigeração pode influenciar no sucesso do estabelecimento do cultivo celular?
SB1102	LEONARDO DO NASCIMENTO ARAUJO	Obtenção de linhagens celulares a partir das fezes de caprinos: por quanto tempo após a excreção e manutenção fecal em temperatura ambiente é possível obter cultivos celulares?
SB0199	MIRTA OLIVEIRA GOMES DA SILVA	Criopreservação de células esfoliadas obtidas a partir das fezes de caprinos
SB0292	ANA JULIA COSTA DE AZEVEDO	DESEMPENHO DE OVINOS ALIMENTADOS COM SILAGEM DE CANA-DE-AÇÚCAR ADITIVADA COM FARELO DE MAMONA
SB0934	WAGNER ALMEIDA SOUZA	Digestibilidade da dieta de éguas alimentadas com forragem tropical.
SB1117	NANI GERMINIA PONTES DE LIMA	Exigências nutricionais de éguas no terço final de gestação.
SB0577	MARIA VITORIA BARBOSA MACEDO	Desenvolvimento intestinal e Transportadores de aminoácidos no jejuno codornas europeias
SB0573	CLEICE KELLY DOS SANTOS NASCIMENTO	Características de carcaça de cordeiros suplementados com extrato de Poincianella pyramidalis (Tul.)
SB0498	NADYRA JERONIMO DA SILVA	Comparação entre os métodos de PCR e isolamento convencional para detecção de Salmonella enterica em amostras de água
SB0803	LUIS FERNANDO DOS SANTOS CAPIM	Eficácia e segurança do uso da farinha de vísceras hidrolisada na alimentação de cães
SB0210	SOFIA DANTAS DE QUEIROZ	Valor nutritivo do resíduo de algodoeira submetido a tratamento com ureia e enzimas fibrolíticas exógenas
SB0875	BARBARA OHANNA SARAIVA DE OLIVEIRA	Estimativa da degradabilidade in situ do resíduo de algodoeira submetido a tratamento com hidróxido de sódio e enzimas fibrolíticas exógenas
SB0201	MATHEUS HENRIQUE ANDRADE DA SILVA	Cinética da produção de gás do resíduo de algodoeira submetido a tratamento com hidróxido de sódio e enzimas fibrolíticas exógenas
SB1297	ARTHUR DOS SANTOS PEREIRA	Biodisponibilidade de diferentes fontes de metionina no desempenho e qualidade de ovos de poedeiras leves de 70 a 90 semanas
SB0119	MARIA CAROLINA AZEVEDO SILVA DE FARIAS	Valor nutritivo do resíduo de algodoeira submetido a tratamento com hidróxido de sódio e enzimas fibrolíticas exógenas
SB0518	JULLIO CESAR DELFINO	AVALIAÇÃO DA PERFORMANCE PRODUTIVA E ADAPTATIVA DE OVINOS DA RAÇA MORADA NOVA VARIEDADE BRANCA E VERMELHA MANEJADOS NA VEGETAÇÃO NATIVA CAATINGA NO SEMIÁRIDO BRASILEIRO
SB1012	ANA ODILIA DE SOUSA PEDROSA	Avaliação da qualidade seminal de cães alimentados com farinha de vísceras de aves hidrolizada
SB0190	ANYRA MARQUES PAULINO FERREIRA	Estimativa da degradabilidade in situ do resíduo de algodoeira submetido a tratamento com ureia e enzimas fibrolíticas exógenas
SB0160	VANESSA MARIA RODRIGUES DE LIMA	CARACTERÍSTICAS QUANTITATIVAS E QUALITATIVAS DE CARCAÇA DOS OVINOS ALIMENTADOS COM SILAGEM DE CANA-DE-AÇÚCAR ADITIVADA COM FARELO DE MAMONA
