PROFESSOR	GRANDE_AREA	AREA	SUB_AREA
CARLOS HENRIQUE DE BRITO	Ciências Agrárias	Agronomia	Fitossanidade
LENYNEVES DUARTE ALVINO DE ARAUJO	Ciências Biológicas	Botânica	Botânica Aplicada
MARIO LUIZ FARIAS CAVALCANTI	Ciências Agrárias	Agronomia	Fitotecnia
LEONARDO PESSOA FELIX	Ciências Biológicas	Botânica	Taxonomia Vegetal
CARLOS AUGUSTO DE OLIVEIRA JUNIOR	Ciências Agrárias	Medicina Veterinária	Medicina Veterinária Preventiva
HELDER FARIAS PEREIRA DE ARAUJO	Ciências Biológicas	Zoologia	Zoologia Aplicada
MAILSON MONTEIRO DO REGO	Ciências Agrárias	Agronomia	Fitotecnia
LOISE ARAUJO COSTA	Ciências Biológicas	Microbiologia	Biologia e Fisiologia dos Microorganismos
MARIO LUIZ FARIAS CAVALCANTI	Ciências Agrárias	Agronomia	Fitotecnia
CARLOS HENRIQUE DE BRITO	Ciências Agrárias	Agronomia	Fitossanidade
LENYNEVES DUARTE ALVINO DE ARAUJO	Ciências Biológicas	Botânica	Botânica Aplicada
LOISE ARAUJO COSTA	Ciências Biológicas	Microbiologia	Biologia e Fisiologia dos Microorganismos
DAVID HOLANDA DE OLIVEIRA	Ciências Exatas e da Terra	Geociências	Geologia
YIRINA VALDES VAZQUEZ	Ciências Biológicas	Zoologia	Zoologia Aplicada
MAILSON MONTEIRO DO REGO	Ciências Agrárias	Agronomia	Fitotecnia
DAVID HOLANDA DE OLIVEIRA	Ciências Exatas e da Terra	Geociências	Geologia
HELDER FARIAS PEREIRA DE ARAUJO	Ciências Agrárias	Agronomia	Extensão Rural
ELIZANILDA RAMALHO DO REGO	Ciências Agrárias	Agronomia	Fitotecnia
EMANUELLE ALICIA SANTOS DE VASCONCELOS	Ciências Sociais Aplicadas	Economia	Economia dos Recursos Humanos
ELIZANILDA RAMALHO DO REGO	Ciências Agrárias	Agronomia	Fitotecnia
PERICLES DE FARIAS BORGES	Ciências Agrárias	Agronomia	Agrometeorologia
PERICLES DE FARIAS BORGES	Ciências Agrárias	Agronomia	Agrometeorologia
EMANUELLE ALICIA SANTOS DE VASCONCELOS	Ciências Sociais Aplicadas	Economia	Economia dos Recursos Humanos
DANILA BARREIRO CAMPOS	Ciências Agrárias	Medicina Veterinária	Clínica e Cirurgia Animal
RICARDO BARBOSA DE LUCENA	Ciências Agrárias	Medicina Veterinária	Patologia Animal
RICARDO BARBOSA DE LUCENA	Ciências Agrárias	Medicina Veterinária	Patologia Animal
ALEXANDRE JOSE ALVES	Ciências Agrárias	Medicina Veterinária	Medicina Veterinária Preventiva
NORMA LUCIA DE SOUZA ARAUJO	Ciências Agrárias	Medicina Veterinária	Reprodução Animal
SARA VILAR DANTAS SIMOES	Ciências Agrárias	Medicina Veterinária	Clínica e Cirurgia Animal
ISABELLA DE OLIVEIRA BARROS	Ciências Agrárias	Medicina Veterinária	Clínica e Cirurgia Animal
NATALIA MATOS SOUZA AZEVEDO	Ciências Agrárias	Medicina Veterinária	Clínica e Cirurgia Animal
RICARDO ROMAO GUERRA	Ciências Agrárias	Medicina Veterinária	Patologia Animal
ARTUR CEZAR DE CARVALHO FERNANDES	Ciências Agrárias	Medicina Veterinária	Medicina Veterinária Preventiva
RICARDO ROMAO GUERRA	Ciências Agrárias	Medicina Veterinária	Patologia Animal
SARA VILAR DANTAS SIMOES	Ciências Agrárias	Medicina Veterinária	Clínica e Cirurgia Animal
RICARDO BARBOSA DE LUCENA	Ciências Agrárias	Medicina Veterinária	Patologia Animal
ISABELLA DE OLIVEIRA BARROS	Ciências Agrárias	Medicina Veterinária	Clínica e Cirurgia Animal
INACIO JOSE CLEMENTINO	Ciências Agrárias	Medicina Veterinária	Medicina Veterinária Preventiva
ROSEMBERG FERNANDES DE MENEZES	Ciências Biológicas	Ecologia	Ecologia de Ecossistemas
EDNA URSULINO ALVES	Ciências Agrárias	Agronomia	Fitotecnia
RISELANE DE LUCENA ALCANTARA BRUNO	Ciências Agrárias	Agronomia	Fitotecnia
MANOEL BANDEIRA DE ALBUQUERQUE	Ciências Agrárias	Agronomia	Fitotecnia
LUCIANA GOMES BARBOSA	Ciências Biológicas	Ecologia	Ecologia de Ecossistemas
FABIO MIELEZRSKI	Ciências Agrárias	Agronomia	Fitotecnia
RISELANE DE LUCENA ALCANTARA BRUNO	Ciências Agrárias	Agronomia	Fitotecnia
JOSE DOMINGOS RIBEIRO NETO	Ciências Biológicas	Ecologia	Ecologia de Ecossistemas
JOSE DOMINGOS RIBEIRO NETO	Ciências Biológicas	Ecologia	Ecologia de Ecossistemas
EDNA URSULINO ALVES	Ciências Agrárias	Agronomia	Fitotecnia
NAYSA FLAVIA FERREIRA DO NASCIMENTO	Ciências Agrárias	Agronomia	Fitotecnia
MARIA BETANIA HERMENEGILDO DOS SANTOS	Ciências Exatas e da Terra	Química	Química Analítica
RENALDO TENORIO DE MOURA JUNIOR	Ciências Exatas e da Terra	Química	Físico-Química
RENALDO TENORIO DE MOURA JUNIOR	Ciências Exatas e da Terra	Química	Físico-Química
ELIZABETH ALMEIDA LAFAYETTE	Ciências da Saúde	Farmácia	Farmacognosia
YANNA CAROLINA FERREIRA TELES	Ciências da Saúde	Farmácia	Farmacognosia
IARLEY PEREIRA LOBO	Ciências Exatas e da Terra	Física	Física Geral
YANNA CAROLINA FERREIRA TELES	Ciências da Saúde	Farmácia	Farmacognosia
MARIA BETANIA HERMENEGILDO DOS SANTOS	Ciências Exatas e da Terra	Química	Química Analítica
MARIA BETANIA HERMENEGILDO DOS SANTOS	Ciências Exatas e da Terra	Química	Química Analítica
MARIA BETANIA HERMENEGILDO DOS SANTOS	Ciências Exatas e da Terra	Química	Química Analítica
SILVANDA DE MELO SILVA	Ciências Agrárias	Agronomia	Fitotecnia
IARLEY PEREIRA LOBO	Ciências Exatas e da Terra	Física	Física Geral
SILVANDA DE MELO SILVA	Ciências Agrárias	Agronomia	Fitotecnia
SILVANDA DE MELO SILVA	Ciências Agrárias	Agronomia	Fitotecnia
DAVI DE CARVALHO DINIZ MELO	Ciências Agrárias	Engenharia Agrícola	Engenharia de Água e Solo
GUTTEMBERG DA SILVA SILVINO	Ciências Agrárias	Agronomia	Agrometeorologia
BRUNO DE OLIVEIRA DIAS	Ciências Agrárias	Agronomia	Ciência do Solo
MILTON CESAR COSTA CAMPOS	Ciências Agrárias	Agronomia	Ciência do Solo
FLAVIO PEREIRA DE OLIVEIRA	Ciências Agrárias	Agronomia	Ciência do Solo
RAPHAEL MOREIRA BEIRIGO	Ciências Agrárias	Agronomia	Ciência do Solo
BRUNO DE OLIVEIRA DIAS	Ciências Agrárias	Agronomia	Ciência do Solo
ROBSON DE SOUSA NASCIMENTO	Multidisciplinar	Ciências Ambientais	nan
NORMANDO MENDES RIBEIRO FILHO	Ciências Agrárias	Ciência e Tecnologia de Alimentos	Tecnologia de Alimentos
NORMANDO MENDES RIBEIRO FILHO	Ciências Agrárias	Ciência e Tecnologia de Alimentos	Tecnologia de Alimentos
GUTTEMBERG DA SILVA SILVINO	Ciências Agrárias	Agronomia	Agrometeorologia
RAPHAEL MOREIRA BEIRIGO	Ciências Agrárias	Agronomia	Ciência do Solo
FLAVIO PEREIRA DE OLIVEIRA	Ciências Agrárias	Agronomia	Ciência do Solo
FLAVIO PEREIRA DE OLIVEIRA	Ciências Agrárias	Agronomia	Ciência do Solo
FLAVIO PEREIRA DE OLIVEIRA	Ciências Agrárias	Agronomia	Ciência do Solo
ADRIANA FERREIRA DOS SANTOS	Ciências Agrárias	Ciência e Tecnologia de Alimentos	Tecnologia de Alimentos
ALEXANDRE PAIVA DA SILVA	Ciências Agrárias	Agronomia	Ciência do Solo
DJAIL SANTOS	Ciências Agrárias	Agronomia	Ciência do Solo
ADRIANA FERREIRA DOS SANTOS	Ciências Agrárias	Ciência e Tecnologia de Alimentos	Tecnologia de Alimentos
VALERIA PEIXOTO BORGES	Ciências Agrárias	Agronomia	Agrometeorologia
MILTON CESAR COSTA CAMPOS	Ciências Agrárias	Agronomia	Ciência do Solo
MILTON CESAR COSTA CAMPOS	Ciências Agrárias	Agronomia	Ciência do Solo
JULIANA SILVA DE OLIVEIRA	Ciências Agrárias	Zootecnia	Nutrição e Alimentação Animal
CARLA APARECIDA SOARES SARAIVA	Ciências Agrárias	Zootecnia	Produção Animal
ARIOSVALDO NUNES DE MEDEIROS	Ciências Agrárias	Zootecnia	Nutrição e Alimentação Animal
MARCOS ELI BUZANSKAS	Ciências Agrárias	Zootecnia	Genética e Melhoramento dos Animais Domésticos
FERNANDO GUILHERME PERAZZO COSTA	Ciências Agrárias	Zootecnia	Nutrição e Alimentação Animal
EDILSON PAES SARAIVA	Ciências Agrárias	Zootecnia	Ecologia dos Animais Domésticos e Etologia
EDILSON PAES SARAIVA	Ciências Agrárias	Zootecnia	Ecologia dos Animais Domésticos e Etologia
ALINE MENDES RIBEIRO	Ciências Agrárias	Zootecnia	Pastagem e Forragicultura
MARCOS ELI BUZANSKAS	Ciências Agrárias	Zootecnia	Genética e Melhoramento dos Animais Domésticos
LUCIANA DINIZ ROLA	Ciências Biológicas	Genética	Genética Animal
LUCIANA DINIZ ROLA	Ciências Biológicas	Genética	Genética Animal
LUCIANA DINIZ ROLA	Ciências Biológicas	Genética	Genética Animal
EDSON MAURO SANTOS	Ciências Agrárias	Zootecnia	Pastagem e Forragicultura
MARIA LINDOMARCIA LEONARDO DA COSTA	Ciências Agrárias	Zootecnia	Nutrição e Alimentação Animal
MARIA LINDOMARCIA LEONARDO DA COSTA	Ciências Agrárias	Zootecnia	Nutrição e Alimentação Animal
PATRICIA EMILIA NAVES GIVISIEZ	Ciências Agrárias	Zootecnia	Produção Animal
ARIOSVALDO NUNES DE MEDEIROS	Ciências Agrárias	Zootecnia	Nutrição e Alimentação Animal
CELSO JOSE BRUNO DE OLIVEIRA	Ciências Agrárias	Zootecnia	Produção Animal
BRUNA AGY LOUREIRO	Ciências Agrárias	Zootecnia	Nutrição e Alimentação Animal
SEVERINO GONZAGA NETO	Ciências Agrárias	Zootecnia	Nutrição e Alimentação Animal
SEVERINO GONZAGA NETO	Ciências Agrárias	Zootecnia	Nutrição e Alimentação Animal
SEVERINO GONZAGA NETO	Ciências Agrárias	Zootecnia	Nutrição e Alimentação Animal
FERNANDO GUILHERME PERAZZO COSTA	Ciências Agrárias	Zootecnia	Nutrição e Alimentação Animal
SEVERINO GONZAGA NETO	Ciências Agrárias	Zootecnia	Nutrição e Alimentação Animal
JACINARA HODY GURGEL MORAIS LEITE	Ciências Agrárias	Zootecnia	Ecologia dos Animais Domésticos e Etologia
LUCIANA DINIZ ROLA	Ciências Agrárias	Zootecnia	Nutrição e Alimentação Animal
SEVERINO GONZAGA NETO	Ciências Agrárias	Zootecnia	Nutrição e Alimentação Animal
EDSON MAURO SANTOS	Ciências Agrárias	Zootecnia	Pastagem e Forragicultura
