PROFESSOR	GRANDE_AREA	AREA	SUB_AREA	ESPECIALIDADE
GUTTEMBERG DA SILVA SILVINO	Ciências Agrárias	Agronomia	Agrometeorologia	nan
GUTTEMBERG DA SILVA SILVINO	Ciências Agrárias	Agronomia	Agrometeorologia	nan
VALERIA PEIXOTO BORGES	Ciências Agrárias	Agronomia	Agrometeorologia	nan
ALEXANDRE PAIVA DA SILVA	Ciências Agrárias	Agronomia	Ciência do Solo	Fertilidade do Solo e Adubação
ALEXANDRE PAIVA DA SILVA	Ciências Agrárias	Agronomia	Ciência do Solo	Fertilidade do Solo e Adubação
FLAVIO PEREIRA DE OLIVEIRA	Ciências Agrárias	Agronomia	Ciência do Solo	Física do Solo
FLAVIO PEREIRA DE OLIVEIRA	Ciências Agrárias	Agronomia	Ciência do Solo	Física do Solo
MILTON CESAR COSTA CAMPOS	Ciências Agrárias	Agronomia	Ciência do Solo	Gênese Morfologia e Classificação dos Solos
MILTON CESAR COSTA CAMPOS	Ciências Agrárias	Agronomia	Ciência do Solo	Gênese Morfologia e Classificação dos Solos
MILTON CESAR COSTA CAMPOS	Ciências Agrárias	Agronomia	Ciência do Solo	Gênese Morfologia e Classificação dos Solos
MILTON CESAR COSTA CAMPOS	Ciências Agrárias	Agronomia	Ciência do Solo	Gênese Morfologia e Classificação dos Solos
BRUNO DE OLIVEIRA DIAS	Ciências Agrárias	Agronomia	Ciência do Solo	Manejo e Conservação do Solo
DJAIL SANTOS	Ciências Agrárias	Agronomia	Ciência do Solo	Manejo e Conservação do Solo
DJAIL SANTOS	Ciências Agrárias	Agronomia	Ciência do Solo	Manejo e Conservação do Solo
RAUNIRA DA COSTA ARAUJO	Ciências Agrárias	Agronomia	Ciência do Solo	Manejo e Conservação do Solo
FLAVIO PEREIRA DE OLIVEIRA	Ciências Agrárias	Agronomia	Ciência do Solo	nan
MILTON CÉSAR COSTA CAMPOS	Ciências Agrárias	Agronomia	Ciência do Solo	nan
RAPHAEL MOREIRA BEIRIGO	Ciências Agrárias	Agronomia	Ciência do Solo	nan
RAPHAEL MOREIRA BEIRIGO	Ciências Agrárias	Agronomia	Ciência do Solo	nan
CARLOS HENRIQUE DE BRITO	Ciências Agrárias	Agronomia	Fitossanidade	Entomologia Agrícola
CARLOS HENRIQUE DE BRITO	Ciências Agrárias	Agronomia	Fitossanidade	Entomologia Agrícola
MARCOS BARROS DE MEDEIROS	Ciências Agrárias	Agronomia	Fitossanidade	Entomologia Agrícola
MARCOS BARROS DE MEDEIROS	Ciências Agrárias	Agronomia	Fitossanidade	Entomologia Agrícola
MARCOS BARROS DE MEDEIROS	Ciências Agrárias	Agronomia	Fitossanidade	Entomologia Agrícola
MARIA JOSE ARAUJO WANDERLEY	Ciências Agrárias	Agronomia	Fitossanidade	Entomologia Agrícola
MARIA JOSE ARAUJO WANDERLEY	Ciências Agrárias	Agronomia	Fitossanidade	Entomologia Agrícola
LUCIANA CORDEIRO DO NASCIMENTO	Ciências Agrárias	Agronomia	Fitossanidade	Fitopatologia
LUCIANA CORDEIRO DO NASCIMENTO	Ciências Agrárias	Agronomia	Fitossanidade	Fitopatologia
MARCOS BARROS DE MEDEIROS	Ciências Agrárias	Agronomia	Fitossanidade	nan
MARCOS BARROS DE MEDEIROS	Ciências Agrárias	Agronomia	Fitossanidade	nan
MARCOS BARROS DE MEDEIROS	Ciências Agrárias	Agronomia	Fitossanidade	nan
DIEGO SILVA BATISTA	Ciências Agrárias	Agronomia	Fitotecnia	Fisiologia de Plantas Cultivadas
DIEGO SILVA BATISTA	Ciências Agrárias	Agronomia	Fitotecnia	Fisiologia de Plantas Cultivadas
MARCOS BARROS DE MEDEIROS	Ciências Agrárias	Agronomia	Fitotecnia	Fisiologia de Plantas Cultivadas
SILVANDA DE MELO SILVA	Ciências Agrárias	Agronomia	Fitotecnia	Fisiologia de Plantas Cultivadas
SILVANDA DE MELO SILVA	Ciências Agrárias	Agronomia	Fitotecnia	Fisiologia de Plantas Cultivadas
SILVANDA DE MELO SILVA	Ciências Agrárias	Agronomia	Fitotecnia	Fisiologia de Plantas Cultivadas
BELISIA LUCIA MOREIRA TOSCANO DINIZ	Ciências Agrárias	Agronomia	Fitotecnia	Manejo e Tratos Culturais
FABIO MIELEZRSKI	Ciências Agrárias	Agronomia	Fitotecnia	Manejo e Tratos Culturais
FABIO MIELEZRSKI	Ciências Agrárias	Agronomia	Fitotecnia	Manejo e Tratos Culturais
FABIO MIELEZRSKI	Ciências Agrárias	Agronomia	Fitotecnia	Manejo e Tratos Culturais
GUILHERME SILVA DE PODESTA	Ciências Agrárias	Agronomia	Fitotecnia	Manejo e Tratos Culturais
GUILHERME SILVA DE PODESTA	Ciências Agrárias	Agronomia	Fitotecnia	Manejo e Tratos Culturais
MANOEL ALEXANDRE DINIZ NETO	Ciências Agrárias	Agronomia	Fitotecnia	Manejo e Tratos Culturais
RAUNIRA DA COSTA ARAUJO	Ciências Agrárias	Agronomia	Fitotecnia	Manejo e Tratos Culturais
ELIZANILDA RAMALHO DO REGO	Ciências Agrárias	Agronomia	Fitotecnia	Melhoramento Vegetal
ELIZANILDA RAMALHO DO REGO	Ciências Agrárias	Agronomia	Fitotecnia	Melhoramento Vegetal
MAILSON MONTEIRO DO REGO	Ciências Agrárias	Agronomia	Fitotecnia	Melhoramento Vegetal
MAILSON MONTEIRO DO REGO	Ciências Agrárias	Agronomia	Fitotecnia	Melhoramento Vegetal
NAYSA FLAVIA FERREIRA DO NASCIMENTO	Ciências Agrárias	Agronomia	Fitotecnia	Melhoramento Vegetal
EDNA URSULINO ALVES	Ciências Agrárias	Agronomia	Fitotecnia	Produção e Beneficiamento de Sementes
EDNA URSULINO ALVES	Ciências Agrárias	Agronomia	Fitotecnia	Produção e Beneficiamento de Sementes
EDNA URSULINO ALVES	Ciências Agrárias	Agronomia	Fitotecnia	Produção e Beneficiamento de Sementes
GILVANEIDE ALVES DE AZEREDO	Ciências Agrárias	Agronomia	Fitotecnia	Produção e Beneficiamento de Sementes
NAYSA FLAVIA FERREIRA DO NASCIMENTO	Ciências Agrárias	Agronomia	Fitotecnia	Produção e Beneficiamento de Sementes
SILVANIA MARIA DE SOUZA GOMES NASCIMENTO	Ciências Agrárias	Agronomia	Fitotecnia	Produção e Beneficiamento de Sementes
ALEX DA SILVA BARBOSA	Ciências Agrárias	Agronomia	Fitotecnia	nan
ALEX DA SILVA BARBOSA	Ciências Agrárias	Agronomia	Fitotecnia	nan
ALEX DA SILVA BARBOSA	Ciências Agrárias	Agronomia	Fitotecnia	nan
ALEXANDRE EDUARDO DE ARAUJO	Ciências Agrárias	Agronomia	Fitotecnia	nan
ELIZANILDA RAMALHO DO REGO	Ciências Agrárias	Agronomia	Fitotecnia	nan
ELIZANILDA RAMALHO DO REGO	Ciências Agrárias	Agronomia	Fitotecnia	nan
RISELANE DE LUCENA ALCANTARA BRUNO	Ciências Agrárias	Agronomia	Fitotecnia	nan
RISELANE DE LUCENA ALCANTARA BRUNO	Ciências Agrárias	Agronomia	Fitotecnia	nan
THIAGO JARDELINO DIAS	Ciências Agrárias	Agronomia	Fitotecnia	nan
THIAGO JARDELINO DIAS	Ciências Agrárias	Agronomia	Fitotecnia	nan
LAESIO PEREIRA MARTINS	Ciências Agrárias	Ciência e Tecnologia de Alimentos	Ciência de Alimentos	Fisiologia Pós-Colheita
CYBELLE PEREIRA DE OLIVEIRA	Ciências Agrárias	Ciência e Tecnologia de Alimentos	Ciência de Alimentos	Microbiologia de Alimentos
ANDERSON FERREIRA VILELA	Ciências Agrárias	Ciência e Tecnologia de Alimentos	Tecnologia de Alimentos	Tecnologia das Bebidas
ANDERSON FERREIRA VILELA	Ciências Agrárias	Ciência e Tecnologia de Alimentos	Tecnologia de Alimentos	Tecnologia das Bebidas
ANDERSON FERREIRA VILELA	Ciências Agrárias	Ciência e Tecnologia de Alimentos	Tecnologia de Alimentos	Tecnologia das Bebidas
ANDERSON FERREIRA VILELA	Ciências Agrárias	Ciência e Tecnologia de Alimentos	Tecnologia de Alimentos	Tecnologia das Bebidas
NORMANDO MENDES RIBEIRO FILHO	Ciências Agrárias	Ciência e Tecnologia de Alimentos	Tecnologia de Alimentos	Tecnologia das Bebidas
NORMANDO MENDES RIBEIRO FILHO	Ciências Agrárias	Ciência e Tecnologia de Alimentos	Tecnologia de Alimentos	Tecnologia das Bebidas
FABIO ANDERSON PEREIRA DA SILVA	Ciências Agrárias	Ciência e Tecnologia de Alimentos	Tecnologia de Alimentos	Tecnologia de Produtos de Origem Animal
FABIO ANDERSON PEREIRA DA SILVA	Ciências Agrárias	Ciência e Tecnologia de Alimentos	Tecnologia de Alimentos	Tecnologia de Produtos de Origem Animal
IRIS BRAZ DA SILVA ARAUJO	Ciências Agrárias	Ciência e Tecnologia de Alimentos	Tecnologia de Alimentos	Tecnologia de Produtos de Origem Animal
LEONARDO AUGUSTO FONSECA PASCOAL	Ciências Agrárias	Ciência e Tecnologia de Alimentos	Tecnologia de Alimentos	Tecnologia de Produtos de Origem Animal
ADRIANA FERREIRA DOS SANTOS	Ciências Agrárias	Ciência e Tecnologia de Alimentos	Tecnologia de Alimentos	Tecnologia de Produtos de Origem Vegetal
ARIANNE DANTAS VIANA	Ciências Agrárias	Ciência e Tecnologia de Alimentos	Tecnologia de Alimentos	Tecnologia de Produtos de Origem Vegetal
ARIANNE DANTAS VIANA	Ciências Agrárias	Ciência e Tecnologia de Alimentos	Tecnologia de Alimentos	Tecnologia de Produtos de Origem Vegetal
IVIA CARMEM TALIERI	Ciências Agrárias	Medicina Veterinária	Clínica e Cirurgia Animal	Clínica Cirúrgica Animal
IVIA CARMEM TALIERI	Ciências Agrárias	Medicina Veterinária	Clínica e Cirurgia Animal	Clínica Cirúrgica Animal
NATALIA MATOS SOUZA AZEVEDO	Ciências Agrárias	Medicina Veterinária	Clínica e Cirurgia Animal	Clínica Cirúrgica Animal
ISABELLA DE OLIVEIRA BARROS	Ciências Agrárias	Medicina Veterinária	Clínica e Cirurgia Animal	Clínica Veterinária
ISABELLA DE OLIVEIRA BARROS	Ciências Agrárias	Medicina Veterinária	Clínica e Cirurgia Animal	Clínica Veterinária
SARA VILAR DANTAS SIMOES	Ciências Agrárias	Medicina Veterinária	Clínica e Cirurgia Animal	Clínica Veterinária
DANILA BARREIRO CAMPOS	Ciências Agrárias	Medicina Veterinária	Clínica e Cirurgia Animal	nan
DANILA BARREIRO CAMPOS	Ciências Agrárias	Medicina Veterinária	Clínica e Cirurgia Animal	nan
ARTUR CEZAR DE CARVALHO FERNANDES	Ciências Agrárias	Medicina Veterinária	Medicina Veterinária Preventiva	Doenças Infecciosas de Animais
ARTUR CEZAR DE CARVALHO FERNANDES	Ciências Agrárias	Medicina Veterinária	Medicina Veterinária Preventiva	Doenças Infecciosas de Animais
ARTUR CEZAR DE CARVALHO FERNANDES	Ciências Agrárias	Medicina Veterinária	Medicina Veterinária Preventiva	Doenças Infecciosas de Animais
CARLOS AUGUSTO DE OLIVEIRA JÚNIOR	Ciências Agrárias	Medicina Veterinária	Medicina Veterinária Preventiva	Doenças Infecciosas de Animais
CARLOS AUGUSTO DE OLIVEIRA JÚNIOR	Ciências Agrárias	Medicina Veterinária	Medicina Veterinária Preventiva	Doenças Infecciosas de Animais
FELIPE NAEL SEIXAS	Ciências Agrárias	Medicina Veterinária	Medicina Veterinária Preventiva	Doenças Parasitárias de Animais
VALESKA SHELDA PESSOA DE MELO	Ciências Agrárias	Medicina Veterinária	Medicina Veterinária Preventiva	Doenças Parasitárias de Animais
INACIO JOSE CLEMENTINO	Ciências Agrárias	Medicina Veterinária	Medicina Veterinária Preventiva	Epidemiologia Animal
RICARDO ROMAO GUERRA	Ciências Agrárias	Medicina Veterinária	Medicina Veterinária Preventiva	Epidemiologia Animal
JEANN LEAL DE ARAUJO	Ciências Agrárias	Medicina Veterinária	Patologia Animal	Patologia Aviária
JEANN LEAL DE ARAUJO	Ciências Agrárias	Medicina Veterinária	Patologia Animal	Patologia Aviária
JEANN LEAL DE ARAUJO	Ciências Agrárias	Medicina Veterinária	Patologia Animal	Patologia Aviária
JEANN LEAL DE ARAUJO	Ciências Agrárias	Medicina Veterinária	Patologia Animal	Patologia Aviária
CARLOS AUGUSTO ALANIS CLEMENTE	Ciências Agrárias	Medicina Veterinária	Reprodução Animal	Inseminação Artificial Animal
NORMA LUCIA DE SOUZA ARAUJO	Ciências Agrárias	Medicina Veterinária	Reprodução Animal	Inseminação Artificial Animal
IZABELA SOUZA LOPES RANGEL	Ciências Agrárias	Recursos Florestais e Engenharia Florestal	Silvicultura	Dendrologia
EDILSON PAES SARAIVA	Ciências Agrárias	Zootecnia	Ecologia dos Animais Domésticos e Etologia	nan
EDILSON PAES SARAIVA	Ciências Agrárias	Zootecnia	Ecologia dos Animais Domésticos e Etologia	nan
EDILSON PAES SARAIVA	Ciências Agrárias	Zootecnia	Ecologia dos Animais Domésticos e Etologia	nan
JACINARA HODY GURGEL MORAIS LEITE	Ciências Agrárias	Zootecnia	Genética e Melhoramento dos Animais Domésticos	nan
MARCOS ELI BUZANSKAS	Ciências Agrárias	Zootecnia	Genética e Melhoramento dos Animais Domésticos	nan
ALEXANDRE LEMOS DE BARROS MOREIRA FILHO	Ciências Agrárias	Zootecnia	Nutrição e Alimentação Animal	Avaliação de Alimentos para Animais
ALEXANDRE LEMOS DE BARROS MOREIRA FILHO	Ciências Agrárias	Zootecnia	Nutrição e Alimentação Animal	Avaliação de Alimentos para Animais
ALEXANDRE LEMOS DE BARROS MOREIRA FILHO	Ciências Agrárias	Zootecnia	Nutrição e Alimentação Animal	Avaliação de Alimentos para Animais
ARIOSVALDO NUNES DE MEDEIROS	Ciências Agrárias	Zootecnia	Nutrição e Alimentação Animal	Avaliação de Alimentos para Animais
ARIOSVALDO NUNES DE MEDEIROS	Ciências Agrárias	Zootecnia	Nutrição e Alimentação Animal	Avaliação de Alimentos para Animais
ARIOSVALDO NUNES DE MEDEIROS	Ciências Agrárias	Zootecnia	Nutrição e Alimentação Animal	Avaliação de Alimentos para Animais
JULIANA SILVA DE OLIVEIRA	Ciências Agrárias	Zootecnia	Nutrição e Alimentação Animal	Avaliação de Alimentos para Animais
JULIANA SILVA DE OLIVEIRA	Ciências Agrárias	Zootecnia	Nutrição e Alimentação Animal	Avaliação de Alimentos para Animais
SEVERINO GONZAGA NETO	Ciências Agrárias	Zootecnia	Nutrição e Alimentação Animal	Avaliação de Alimentos para Animais
SEVERINO GONZAGA NETO	Ciências Agrárias	Zootecnia	Nutrição e Alimentação Animal	Avaliação de Alimentos para Animais
SEVERINO GONZAGA NETO	Ciências Agrárias	Zootecnia	Nutrição e Alimentação Animal	Avaliação de Alimentos para Animais
SEVERINO GONZAGA NETO	Ciências Agrárias	Zootecnia	Nutrição e Alimentação Animal	Avaliação de Alimentos para Animais
SEVERINO GONZAGA NETO	Ciências Agrárias	Zootecnia	Nutrição e Alimentação Animal	Avaliação de Alimentos para Animais
PATRICIA EMILIA NAVES GIVISIEZ	Ciências Agrárias	Zootecnia	Nutrição e Alimentação Animal	nan
ALINE MENDES RIBEIRO	Ciências Agrárias	Zootecnia	Pastagem e Forragicultura	Avaliação Produção e Conservação de Forragens
EDSON MAURO SANTOS	Ciências Agrárias	Zootecnia	Pastagem e Forragicultura	Avaliação Produção e Conservação de Forragens
EDSON MAURO SANTOS	Ciências Agrárias	Zootecnia	Pastagem e Forragicultura	Avaliação Produção e Conservação de Forragens
GEORGE RODRIGO BELTRAO DA CRUZ	Ciências Agrárias	Zootecnia	Produção Animal	Manejo de Animais
RICARDO ROMAO GUERRA	Ciências Agrárias	Zootecnia	Produção Animal	Manejo de Animais
RICARDO ROMAO GUERRA	Ciências Agrárias	Zootecnia	Produção Animal	Manejo de Animais
CARLA APARECIDA SOARES SARAIVA	Ciências Agrárias	Zootecnia	Produção Animal	nan
CARLA APARECIDA SOARES SARAIVA	Ciências Agrárias	Zootecnia	Produção Animal	nan
PATRICIA EMILIA NAVES GIVISIEZ	Ciências Agrárias	Zootecnia	Produção Animal	nan
MARIO LUIZ FARIAS CAVALCANTI	Ciências Biológicas	Botânica	Fisiologia Vegetal	nan
MARIO LUIZ FARIAS CAVALCANTI	Ciências Biológicas	Botânica	Fisiologia Vegetal	nan
LENYNEVES DUARTE ALVINO DE ARAUJO	Ciências Biológicas	Ecologia	Ecologia Aplicada	nan
LENYNEVES DUARTE ALVINO DE ARAUJO	Ciências Biológicas	Ecologia	Ecologia Aplicada	nan
HELDER FARIAS PEREIRA DE ARAUJO	Ciências Biológicas	Ecologia	Ecologia de Ecossistemas	nan
HELDER FARIAS PEREIRA DE ARAUJO	Ciências Biológicas	Ecologia	Ecologia de Ecossistemas	nan
JOSE DOMINGOS RIBEIRO NETO	Ciências Biológicas	Ecologia	Ecologia de Ecossistemas	nan
JOSE DOMINGOS RIBEIRO NETO	Ciências Biológicas	Ecologia	Ecologia de Ecossistemas	nan
ROSEMBERG FERNANDES DE MENEZES	Ciências Biológicas	Ecologia	Ecologia de Ecossistemas	nan
VENIA CAMELO DE SOUZA	Ciências Biológicas	Ecologia	Ecologia de Ecossistemas	nan
VENIA CAMELO DE SOUZA	Ciências Biológicas	Ecologia	Ecologia de Ecossistemas	nan
ANA EMILIA BARROS E SILVA	Ciências Biológicas	Genética	Genética Vegetal	nan
LOISE ARAUJO COSTA	Ciências Biológicas	Microbiologia	Biologia e Fisiologia dos Microorganismos	Micologia
LUCIANA DINIZ ROLA	Ciências Biológicas	Zoologia	Taxonomia dos Grupos Recentes	nan
YANNA CAROLINA FERREIRA TELES	Ciências da Saúde	Farmácia	Farmacognosia	nan
MARIA BETANIA HERMENEGILDO DOS SANTOS	Ciências Exatas e da Terra	Química	Química Analítica	Instrumentação Analítica
MARIA BETANIA HERMENEGILDO DOS SANTOS	Ciências Exatas e da Terra	Química	Química Analítica	Instrumentação Analítica
MARIA BETANIA HERMENEGILDO DOS SANTOS	Ciências Exatas e da Terra	Química	Química Analítica	Instrumentação Analítica
LUCIENE CHAVES DE AQUINO	Ciências Humanas	Educação	Fundamentos da Educação	História da Educação
FABRICIA SOUSA MONTENEGRO	Ciências Humanas	Educação	Planejamento e Avaliação Educacional	Política Educacional
FABRICIA SOUSA MONTENEGRO	Ciências Humanas	Educação	Planejamento e Avaliação Educacional	Política Educacional
JOSINEIDE DA SILVA BEZERRA	Ciências Humanas	História	História do Brasil	História do Brasil República
CLAUDIO GERMANO DOS SANTOS OLIVEIRA	Ciências Sociais Aplicadas	Administração	Administração de Empresas	Administração Financeira
GUSTAVO CORREIA XAVIER	Ciências Sociais Aplicadas	Administração	Administração de Empresas	Administração Financeira
CAMILA CRISTINA RODRIGUES SALGADO	Ciências Sociais Aplicadas	Administração	Administração de Empresas	nan
CAMILA CRISTINA RODRIGUES SALGADO	Ciências Sociais Aplicadas	Administração	Administração de Empresas	nan
MILENE FELIX DE ALMEIDA	Ciências Sociais Aplicadas	Administração	Administração de Setores Específicos	nan
GABRIELA TAVARES DOS SANTOS	Ciências Sociais Aplicadas	Administração	Administração Pública	Administração de Pessoal
GABRIELA TAVARES DOS SANTOS	Ciências Sociais Aplicadas	Administração	Administração Pública	Administração de Pessoal
JOSE MANCINELLI LEDO DO NASCIMENTO	Ciências Sociais Aplicadas	Administração	Administração Pública	Organizações Públicas
JOSE MANCINELLI LEDO DO NASCIMENTO	Ciências Sociais Aplicadas	Administração	Administração Pública	Organizações Públicas
PATRICIA ARAUJO AMARANTE	Ciências Sociais Aplicadas	Economia	Economia Regional e Urbana	Economia Regional
MAX ROCHA QUIRINO	Engenharias	Engenharia de Materiais e Metalúrgica	Materiais Não-Metálicos	Cerâmicos
ROBSON DE SOUSA NASCIMENTO	Multidisciplinar	Ciências Ambientais	nan	nan
ALEXANDRE EDUARDO DE ARAUJO	Multidisciplinar	Interdisciplinar	Meio Ambiente e Agrárias	nan
ALEXANDRE EDUARDO DE ARAUJO	Multidisciplinar	Interdisciplinar	Meio Ambiente e Agrárias	nan
