{
"objectiveFunctionValue": 7853629,
"numUsedSessions": 16,
"timeConstruction": 0.00639154,
"timeRVND": 70101.6,
"timePerturb": 2.06564,
"timeChecker": 1.02985,
"timeProfs": 1.41343,
"numSaltos": 0,
"numExtraProfs": 0,
"sessions": [
{"id": 0, "numPapers": 12, "presTime": 20, "dateTime": "18/10/2022 8:0", "numGaps": "0", "numExtraProfs": "0", "papers": [{"id" :66,
"hour" : "9:40",
"slot" :5,
"trabalhoId" :"66",
"aluno" :"DANIEL DE LANA SILVA ",
"orientador" :"LAESIO PEREIRA MARTINS ",
"avaliador1" :"ANDERSON FERREIRA VILELA ",
"avaliador2" :"FABIO ANDERSON PEREIRA DA SILVA "},
{"id" :67,
"hour" : "11:00",
"slot" :9,
"trabalhoId" :"67",
"aluno" :"RAIANE DA ROCHA COSTA ",
"orientador" :"CYBELLE PEREIRA DE OLIVEIRA ",
"avaliador1" :"LAESIO PEREIRA MARTINS ",
"avaliador2" :"NORMANDO MENDES RIBEIRO FILHO "},
{"id" :68,
"hour" : "8:20",
"slot" :1,
"trabalhoId" :"68",
"aluno" :"RENALY KALINE GOMES DOS SANTOS ",
"orientador" :"ANDERSON FERREIRA VILELA ",
"avaliador1" :"IRIS BRAZ DA SILVA ARAUJO ",
"avaliador2" :"LEONARDO AUGUSTO FONSECA PASCOAL "},
{"id" :69,
"hour" : "8:40",
"slot" :2,
"trabalhoId" :"69",
"aluno" :"JOÃO PEDRO CESÁRIO FÉLIX ",
"orientador" :"ANDERSON FERREIRA VILELA ",
"avaliador1" :"IRIS BRAZ DA SILVA ARAUJO ",
"avaliador2" :"LEONARDO AUGUSTO FONSECA PASCOAL "},
{"id" :70,
"hour" : "9:20",
"slot" :4,
"trabalhoId" :"70",
"aluno" :"RAONNE ROBERTO VERISSIMO DA SILVA ",
"orientador" :"ANDERSON FERREIRA VILELA ",
"avaliador1" :"LAESIO PEREIRA MARTINS ",
"avaliador2" :"IRIS BRAZ DA SILVA ARAUJO "},
{"id" :71,
"hour" : "10:40",
"slot" :8,
"trabalhoId" :"71",
"aluno" :"FIDELIS FRANCO FELIZARDO DA SILVA ",
"orientador" :"ANDERSON FERREIRA VILELA ",
"avaliador1" :"LAESIO PEREIRA MARTINS ",
"avaliador2" :"FABIO ANDERSON PEREIRA DA SILVA "},
{"id" :72,
"hour" : "11:20",
"slot" :10,
"trabalhoId" :"72",
"aluno" :"JULIA MARIA BIZERRA DOS SANTOS ",
"orientador" :"NORMANDO MENDES RIBEIRO FILHO ",
"avaliador1" :"LAESIO PEREIRA MARTINS ",
"avaliador2" :"CYBELLE PEREIRA DE OLIVEIRA "},
{"id" :73,
"hour" : "11:40",
"slot" :11,
"trabalhoId" :"73",
"aluno" :"ANTONIO LEVI FELIZARDO DA SILVA ",
"orientador" :"NORMANDO MENDES RIBEIRO FILHO ",
"avaliador1" :"LAESIO PEREIRA MARTINS ",
"avaliador2" :"CYBELLE PEREIRA DE OLIVEIRA "},
{"id" :74,
"hour" : "10:00",
"slot" :6,
"trabalhoId" :"74",
"aluno" :"JOSÉ NARCISO FRANCISCO DA SILVA FILHO ",
"orientador" :"FABIO ANDERSON PEREIRA DA SILVA ",
"avaliador1" :"LAESIO PEREIRA MARTINS ",
"avaliador2" :"ANDERSON FERREIRA VILELA "},
{"id" :75,
"hour" : "10:20",
"slot" :7,
"trabalhoId" :"75",
"aluno" :"ISABELLY DA SILVA RAMALHO ",
"orientador" :"FABIO ANDERSON PEREIRA DA SILVA ",
"avaliador1" :"LAESIO PEREIRA MARTINS ",
"avaliador2" :"ANDERSON FERREIRA VILELA "},
{"id" :76,
"hour" : "8:00",
"slot" :0,
"trabalhoId" :"76",
"aluno" :"PEDRO LUCAS DE LIMA SILVA ",
"orientador" :"IRIS BRAZ DA SILVA ARAUJO ",
"avaliador1" :"ANDERSON FERREIRA VILELA ",
"avaliador2" :"LEONARDO AUGUSTO FONSECA PASCOAL "},
{"id" :77,
"hour" : "9:00",
"slot" :3,
"trabalhoId" :"77",
"aluno" :"KELLY VITÓRIA LIMA SILVA FERREIRA ",
"orientador" :"LEONARDO AUGUSTO FONSECA PASCOAL ",
"avaliador1" :"ANDERSON FERREIRA VILELA ",
"avaliador2" :"IRIS BRAZ DA SILVA ARAUJO "}]},
{"id": 1, "numPapers": 12, "presTime": 20, "dateTime": "18/10/2022 8:0", "numGaps": "0", "numExtraProfs": "0", "papers": [{"id" :19,
"hour" : "8:00",
"slot" :0,
"trabalhoId" :"19",
"aluno" :"ANNE KETYLA MONTE DIOGENES ",
"orientador" :"CARLOS HENRIQUE DE BRITO ",
"avaliador1" :"MARCOS BARROS DE MEDEIROS ",
"avaliador2" :"GILVANEIDE ALVES DE AZEREDO "},
{"id" :20,
"hour" : "9:40",
"slot" :5,
"trabalhoId" :"20",
"aluno" :"ANDERSON DELFINO MAURICIO NUNES ",
"orientador" :"CARLOS HENRIQUE DE BRITO ",
"avaliador1" :"MARCOS BARROS DE MEDEIROS ",
"avaliador2" :"MARIA JOSE ARAUJO WANDERLEY "},
{"id" :21,
"hour" : "8:20",
"slot" :1,
"trabalhoId" :"21",
"aluno" :"LUCAS FERREIRA DA SILVA ",
"orientador" :"MARCOS BARROS DE MEDEIROS ",
"avaliador1" :"CARLOS HENRIQUE DE BRITO ",
"avaliador2" :"GILVANEIDE ALVES DE AZEREDO "},
{"id" :22,
"hour" : "9:00",
"slot" :3,
"trabalhoId" :"22",
"aluno" :"POLLYANA CLIVIA DOS ANJOS SANTOS ",
"orientador" :"MARCOS BARROS DE MEDEIROS ",
"avaliador1" :"CARLOS HENRIQUE DE BRITO ",
"avaliador2" :"MARIA JOSE ARAUJO WANDERLEY "},
{"id" :23,
"hour" : "10:00",
"slot" :6,
"trabalhoId" :"23",
"aluno" :"LAÍS MOREIRA AVELINO ",
"orientador" :"MARCOS BARROS DE MEDEIROS ",
"avaliador1" :"CARLOS HENRIQUE DE BRITO ",
"avaliador2" :"MARIA JOSE ARAUJO WANDERLEY "},
{"id" :24,
"hour" : "9:20",
"slot" :4,
"trabalhoId" :"24",
"aluno" :"ANA CLARA ALMEIDA FELIX ",
"orientador" :"MARIA JOSE ARAUJO WANDERLEY ",
"avaliador1" :"CARLOS HENRIQUE DE BRITO ",
"avaliador2" :"MARCOS BARROS DE MEDEIROS "},
{"id" :25,
"hour" : "10:40",
"slot" :8,
"trabalhoId" :"25",
"aluno" :"HELOISA SANTA ROSA DE ALMEIDA ",
"orientador" :"MARIA JOSE ARAUJO WANDERLEY ",
"avaliador1" :"CARLOS HENRIQUE DE BRITO ",
"avaliador2" :"MARCOS BARROS DE MEDEIROS "},
{"id" :28,
"hour" : "10:20",
"slot" :7,
"trabalhoId" :"28",
"aluno" :"CAMILA CADETE DOS SANTOS LIRA ",
"orientador" :"MARCOS BARROS DE MEDEIROS ",
"avaliador1" :"CARLOS HENRIQUE DE BRITO ",
"avaliador2" :"MARIA JOSE ARAUJO WANDERLEY "},
{"id" :29,
"hour" : "11:00",
"slot" :9,
"trabalhoId" :"29",
"aluno" :"RAISSA FERNANDES SANTOS DA SILVA ",
"orientador" :"MARCOS BARROS DE MEDEIROS ",
"avaliador1" :"CARLOS HENRIQUE DE BRITO ",
"avaliador2" :"MARIA JOSE ARAUJO WANDERLEY "},
{"id" :30,
"hour" : "11:20",
"slot" :10,
"trabalhoId" :"30",
"aluno" :"MARIA ALICE SOUSA RAMOS ",
"orientador" :"MARCOS BARROS DE MEDEIROS ",
"avaliador1" :"CARLOS HENRIQUE DE BRITO ",
"avaliador2" :"MARIA JOSE ARAUJO WANDERLEY "},
{"id" :33,
"hour" : "11:40",
"slot" :11,
"trabalhoId" :"33",
"aluno" :"ADELMO FERREIRA SILVA ",
"orientador" :"MARCOS BARROS DE MEDEIROS ",
"avaliador1" :"CARLOS HENRIQUE DE BRITO ",
"avaliador2" :"MARIA JOSE ARAUJO WANDERLEY "},
{"id" :53,
"hour" : "8:40",
"slot" :2,
"trabalhoId" :"53",
"aluno" :"EUZIMARIA AMANSO DA SILVA ",
"orientador" :"GILVANEIDE ALVES DE AZEREDO ",
"avaliador1" :"CARLOS HENRIQUE DE BRITO ",
"avaliador2" :"MARCOS BARROS DE MEDEIROS "}]},
{"id": 2, "numPapers": 12, "presTime": 20, "dateTime": "18/10/2022 8:0", "numGaps": "0", "numExtraProfs": "0", "papers": [{"id" :81,
"hour" : "10:40",
"slot" :8,
"trabalhoId" :"81",
"aluno" :"JOAO MIGUEL DE ARAUJO SANTOS ",
"orientador" :"IVIA CARMEM TALIERI ",
"avaliador1" :"ISABELLA DE OLIVEIRA BARROS ",
"avaliador2" :"JEANN LEAL DE ARAUJO "},
{"id" :82,
"hour" : "11:00",
"slot" :9,
"trabalhoId" :"82",
"aluno" :"VITORIA BAPTISTA DA SILVA ",
"orientador" :"IVIA CARMEM TALIERI ",
"avaliador1" :"ISABELLA DE OLIVEIRA BARROS ",
"avaliador2" :"JEANN LEAL DE ARAUJO "},
{"id" :83,
"hour" : "8:20",
"slot" :1,
"trabalhoId" :"83",
"aluno" :"MARIA HELENA RODRIGUES DA CRUZ ",
"orientador" :"NATALIA MATOS SOUZA AZEVEDO ",
"avaliador1" :"SARA VILAR DANTAS SIMOES ",
"avaliador2" :"JEANN LEAL DE ARAUJO "},
{"id" :84,
"hour" : "9:00",
"slot" :3,
"trabalhoId" :"84",
"aluno" :"FELIPE XAVIER OLIVEIRA ",
"orientador" :"ISABELLA DE OLIVEIRA BARROS ",
"avaliador1" :"SARA VILAR DANTAS SIMOES ",
"avaliador2" :"JEANN LEAL DE ARAUJO "},
{"id" :85,
"hour" : "9:20",
"slot" :4,
"trabalhoId" :"85",
"aluno" :"DEBORA DE AZEVEDO OLIVEIRA ",
"orientador" :"ISABELLA DE OLIVEIRA BARROS ",
"avaliador1" :"DANILA BARREIRO CAMPOS ",
"avaliador2" :"JEANN LEAL DE ARAUJO "},
{"id" :86,
"hour" : "8:40",
"slot" :2,
"trabalhoId" :"86",
"aluno" :"BRUNA SEGUI PARAISO ",
"orientador" :"SARA VILAR DANTAS SIMOES ",
"avaliador1" :"NATALIA MATOS SOUZA AZEVEDO ",
"avaliador2" :"JEANN LEAL DE ARAUJO "},
{"id" :87,
"hour" : "9:40",
"slot" :5,
"trabalhoId" :"87",
"aluno" :"GIOVANNA PAIVA CASTELO BRANCO ",
"orientador" :"DANILA BARREIRO CAMPOS ",
"avaliador1" :"ISABELLA DE OLIVEIRA BARROS ",
"avaliador2" :"JEANN LEAL DE ARAUJO "},
{"id" :88,
"hour" : "10:20",
"slot" :7,
"trabalhoId" :"88",
"aluno" :"CHIVA MARIA DE CARVALHO COSTA ",
"orientador" :"DANILA BARREIRO CAMPOS ",
"avaliador1" :"ISABELLA DE OLIVEIRA BARROS ",
"avaliador2" :"JEANN LEAL DE ARAUJO "},
{"id" :98,
"hour" : "8:00",
"slot" :0,
"trabalhoId" :"98",
"aluno" :"WELLINGTON MARTINS DOS SANTOS JUNIOR ",
"orientador" :"JEANN LEAL DE ARAUJO ",
"avaliador1" :"NATALIA MATOS SOUZA AZEVEDO ",
"avaliador2" :"SARA VILAR DANTAS SIMOES "},
{"id" :99,
"hour" : "10:00",
"slot" :6,
"trabalhoId" :"99",
"aluno" :"LUIZA CHAVES DA SILVA ",
"orientador" :"JEANN LEAL DE ARAUJO ",
"avaliador1" :"ISABELLA DE OLIVEIRA BARROS ",
"avaliador2" :"DANILA BARREIRO CAMPOS "},
{"id" :100,
"hour" : "11:20",
"slot" :10,
"trabalhoId" :"100",
"aluno" :"ANTONIO DAVI PARNAIBA CANDIDO ",
"orientador" :"JEANN LEAL DE ARAUJO ",
"avaliador1" :"IVIA CARMEM TALIERI ",
"avaliador2" :"ISABELLA DE OLIVEIRA BARROS "},
{"id" :101,
"hour" : "11:40",
"slot" :11,
"trabalhoId" :"101",
"aluno" :"PAULO MACHADO DA NOBREGA NETO ",
"orientador" :"JEANN LEAL DE ARAUJO ",
"avaliador1" :"IVIA CARMEM TALIERI ",
"avaliador2" :"ISABELLA DE OLIVEIRA BARROS "}]},
{"id": 3, "numPapers": 12, "presTime": 20, "dateTime": "18/10/2022 8:0", "numGaps": "0", "numExtraProfs": "0", "papers": [{"id" :11,
"hour" : "9:00",
"slot" :3,
"trabalhoId" :"11",
"aluno" :"HÁIMYK ANDRESSA NÓBREGA SOUZA ",
"orientador" :"BRUNO DE OLIVEIRA DIAS ",
"avaliador1" :"RAUNIRA DA COSTA ARAUJO ",
"avaliador2" :"GUILHERME SILVA DE PODESTA "},
{"id" :12,
"hour" : "8:00",
"slot" :0,
"trabalhoId" :"12",
"aluno" :"JOSE MATHEUS DA SILVA BARBOSA ",
"orientador" :"DJAIL SANTOS ",
"avaliador1" :"BRUNO DE OLIVEIRA DIAS ",
"avaliador2" :"GUILHERME SILVA DE PODESTA "},
{"id" :13,
"hour" : "8:20",
"slot" :1,
"trabalhoId" :"13",
"aluno" :"JOSEANE DA SILVA FERREIRA ",
"orientador" :"DJAIL SANTOS ",
"avaliador1" :"BRUNO DE OLIVEIRA DIAS ",
"avaliador2" :"GUILHERME SILVA DE PODESTA "},
{"id" :14,
"hour" : "10:40",
"slot" :8,
"trabalhoId" :"14",
"aluno" :"ZENAIDE GOMES DA SILVA ",
"orientador" :"RAUNIRA DA COSTA ARAUJO ",
"avaliador1" :"FABIO MIELEZRSKI ",
"avaliador2" :"MANOEL ALEXANDRE DINIZ NETO "},
{"id" :37,
"hour" : "11:00",
"slot" :9,
"trabalhoId" :"37",
"aluno" :"LARISSA NICÁCIO PESSOA ",
"orientador" :"BELISIA LUCIA MOREIRA TOSCANO DINIZ ",
"avaliador1" :"RAUNIRA DA COSTA ARAUJO ",
"avaliador2" :"MANOEL ALEXANDRE DINIZ NETO "},
{"id" :38,
"hour" : "9:20",
"slot" :4,
"trabalhoId" :"38",
"aluno" :"LUCAS DE ALMEIDA ALVES ARARUNA ",
"orientador" :"FABIO MIELEZRSKI ",
"avaliador1" :"RAUNIRA DA COSTA ARAUJO ",
"avaliador2" :"GUILHERME SILVA DE PODESTA "},
{"id" :39,
"hour" : "10:00",
"slot" :6,
"trabalhoId" :"39",
"aluno" :"MAYRA ALVES DO NASCIMENTO ",
"orientador" :"FABIO MIELEZRSKI ",
"avaliador1" :"RAUNIRA DA COSTA ARAUJO ",
"avaliador2" :"GUILHERME SILVA DE PODESTA "},
{"id" :40,
"hour" : "10:20",
"slot" :7,
"trabalhoId" :"40",
"aluno" :"ESTEPHANY VITORIA BATISTA CARDOSO ",
"orientador" :"FABIO MIELEZRSKI ",
"avaliador1" :"RAUNIRA DA COSTA ARAUJO ",
"avaliador2" :"MANOEL ALEXANDRE DINIZ NETO "},
{"id" :41,
"hour" : "8:40",
"slot" :2,
"trabalhoId" :"41",
"aluno" :"STHEFANY DA SILVA VASCONCELOS ",
"orientador" :"GUILHERME SILVA DE PODESTA ",
"avaliador1" :"BRUNO DE OLIVEIRA DIAS ",
"avaliador2" :"DJAIL SANTOS "},
{"id" :42,
"hour" : "9:40",
"slot" :5,
"trabalhoId" :"42",
"aluno" :"JOAO VICTOR RIBEIRO DA SILVA SANTOS ",
"orientador" :"GUILHERME SILVA DE PODESTA ",
"avaliador1" :"RAUNIRA DA COSTA ARAUJO ",
"avaliador2" :"FABIO MIELEZRSKI "},
{"id" :43,
"hour" : "11:40",
"slot" :11,
"trabalhoId" :"43",
"aluno" :"MARCOS ESTEFENE ALVES DE ALMEIDA ",
"orientador" :"MANOEL ALEXANDRE DINIZ NETO ",
"avaliador1" :"RAUNIRA DA COSTA ARAUJO ",
"avaliador2" :"BELISIA LUCIA MOREIRA TOSCANO DINIZ "},
{"id" :44,
"hour" : "11:20",
"slot" :10,
"trabalhoId" :"44",
"aluno" :"MATHEUS PETRIC RIBEIRO DO NASCIMENTO ",
"orientador" :"RAUNIRA DA COSTA ARAUJO ",
"avaliador1" :"BELISIA LUCIA MOREIRA TOSCANO DINIZ ",
"avaliador2" :"MANOEL ALEXANDRE DINIZ NETO "}]},
{"id": 4, "numPapers": 12, "presTime": 20, "dateTime": "18/10/2022 8:0", "numGaps": "0", "numExtraProfs": "0", "papers": [{"id" :3,
"hour" : "9:40",
"slot" :5,
"trabalhoId" :"3",
"aluno" :"MATHEUS HENRIQUE CARDOSO DE ARAUJO ",
"orientador" :"ALEXANDRE PAIVA DA SILVA ",
"avaliador1" :"MILTON CESAR COSTA CAMPOS ",
"avaliador2" :"RAPHAEL MOREIRA BEIRIGO "},
{"id" :4,
"hour" : "10:00",
"slot" :6,
"trabalhoId" :"4",
"aluno" :"SANTIAGO ALVES DE OLIVEIRA ",
"orientador" :"ALEXANDRE PAIVA DA SILVA ",
"avaliador1" :"MILTON CESAR COSTA CAMPOS ",
"avaliador2" :"RAPHAEL MOREIRA BEIRIGO "},
{"id" :5,
"hour" : "8:00",
"slot" :0,
"trabalhoId" :"5",
"aluno" :"BRUNA THALIA SILVEIRA SABINO ",
"orientador" :"FLAVIO PEREIRA DE OLIVEIRA ",
"avaliador1" :"MILTON CÉSAR COSTA CAMPOS ",
"avaliador2" :"RAPHAEL MOREIRA BEIRIGO "},
{"id" :6,
"hour" : "8:20",
"slot" :1,
"trabalhoId" :"6",
"aluno" :"WAGNER DE PONTES PEREIRA ",
"orientador" :"FLAVIO PEREIRA DE OLIVEIRA ",
"avaliador1" :"MILTON CÉSAR COSTA CAMPOS ",
"avaliador2" :"RAPHAEL MOREIRA BEIRIGO "},
{"id" :7,
"hour" : "9:20",
"slot" :4,
"trabalhoId" :"7",
"aluno" :"JOAO HENRIQUE MELO ",
"orientador" :"MILTON CESAR COSTA CAMPOS ",
"avaliador1" :"MILTON CÉSAR COSTA CAMPOS ",
"avaliador2" :"RAPHAEL MOREIRA BEIRIGO "},
{"id" :8,
"hour" : "10:40",
"slot" :8,
"trabalhoId" :"8",
"aluno" :"JOALISON DE BRITO SILVA ",
"orientador" :"MILTON CESAR COSTA CAMPOS ",
"avaliador1" :"ALEXANDRE PAIVA DA SILVA ",
"avaliador2" :"RAPHAEL MOREIRA BEIRIGO "},
{"id" :9,
"hour" : "11:00",
"slot" :9,
"trabalhoId" :"9",
"aluno" :"ALINE AMANDA DA SILVA LIMA ",
"orientador" :"MILTON CESAR COSTA CAMPOS ",
"avaliador1" :"ALEXANDRE PAIVA DA SILVA ",
"avaliador2" :"RAPHAEL MOREIRA BEIRIGO "},
{"id" :10,
"hour" : "11:20",
"slot" :10,
"trabalhoId" :"10",
"aluno" :"ROBSON VINICIO DOS SANTOS ",
"orientador" :"MILTON CESAR COSTA CAMPOS ",
"avaliador1" :"ALEXANDRE PAIVA DA SILVA ",
"avaliador2" :"RAPHAEL MOREIRA BEIRIGO "},
{"id" :15,
"hour" : "8:40",
"slot" :2,
"trabalhoId" :"15",
"aluno" :"JULIO DE SOUZA LIMA ",
"orientador" :"FLAVIO PEREIRA DE OLIVEIRA ",
"avaliador1" :"MILTON CÉSAR COSTA CAMPOS ",
"avaliador2" :"RAPHAEL MOREIRA BEIRIGO "},
{"id" :16,
"hour" : "9:00",
"slot" :3,
"trabalhoId" :"16",
"aluno" :"JOSÉ RAONNY DOS SANTOS SILVA ",
"orientador" :"MILTON CÉSAR COSTA CAMPOS ",
"avaliador1" :"MILTON CESAR COSTA CAMPOS ",
"avaliador2" :"RAPHAEL MOREIRA BEIRIGO "},
{"id" :17,
"hour" : "10:20",
"slot" :7,
"trabalhoId" :"17",
"aluno" :"LAZARO MATHEUS FRANCO DA SILVA ",
"orientador" :"RAPHAEL MOREIRA BEIRIGO ",
"avaliador1" :"ALEXANDRE PAIVA DA SILVA ",
"avaliador2" :"MILTON CESAR COSTA CAMPOS "},
{"id" :18,
"hour" : "11:40",
"slot" :11,
"trabalhoId" :"18",
"aluno" :"VIVIANE DE OLIVEIRA BELO ",
"orientador" :"RAPHAEL MOREIRA BEIRIGO ",
"avaliador1" :"ALEXANDRE PAIVA DA SILVA ",
"avaliador2" :"MILTON CESAR COSTA CAMPOS "}]},
{"id": 5, "numPapers": 12, "presTime": 20, "dateTime": "18/10/2022 8:0", "numGaps": "0", "numExtraProfs": "0", "papers": [{"id" :31,
"hour" : "8:00",
"slot" :0,
"trabalhoId" :"31",
"aluno" :"ESTEPHANNI FERNANDA OLIVEIRA DANTAS ",
"orientador" :"DIEGO SILVA BATISTA ",
"avaliador1" :"SILVANDA DE MELO SILVA ",
"avaliador2" :"THIAGO JARDELINO DIAS "},
{"id" :32,
"hour" : "8:20",
"slot" :1,
"trabalhoId" :"32",
"aluno" :"VANESSA DE AZEVEDO SOARES ",
"orientador" :"DIEGO SILVA BATISTA ",
"avaliador1" :"SILVANDA DE MELO SILVA ",
"avaliador2" :"THIAGO JARDELINO DIAS "},
{"id" :34,
"hour" : "8:40",
"slot" :2,
"trabalhoId" :"34",
"aluno" :"RADIJA REIS SILVA ",
"orientador" :"SILVANDA DE MELO SILVA ",
"avaliador1" :"DIEGO SILVA BATISTA ",
"avaliador2" :"THIAGO JARDELINO DIAS "},
{"id" :35,
"hour" : "9:00",
"slot" :3,
"trabalhoId" :"35",
"aluno" :"ROBERTA FLORENTINO DE PONTES ",
"orientador" :"SILVANDA DE MELO SILVA ",
"avaliador1" :"DIEGO SILVA BATISTA ",
"avaliador2" :"THIAGO JARDELINO DIAS "},
{"id" :36,
"hour" : "10:00",
"slot" :6,
"trabalhoId" :"36",
"aluno" :"ALLAN KELVY FERREIRA MACENA ",
"orientador" :"SILVANDA DE MELO SILVA ",
"avaliador1" :"RISELANE DE LUCENA ALCANTARA BRUNO ",
"avaliador2" :"THIAGO JARDELINO DIAS "},
{"id" :56,
"hour" : "10:40",
"slot" :8,
"trabalhoId" :"56",
"aluno" :"JAYME NATANAEL GOMES TAVARES ",
"orientador" :"ALEX DA SILVA BARBOSA ",
"avaliador1" :"RISELANE DE LUCENA ALCANTARA BRUNO ",
"avaliador2" :"THIAGO JARDELINO DIAS "},
{"id" :57,
"hour" : "11:00",
"slot" :9,
"trabalhoId" :"57",
"aluno" :"CAUÃ FREIRE DA SILVA ",
"orientador" :"ALEX DA SILVA BARBOSA ",
"avaliador1" :"RISELANE DE LUCENA ALCANTARA BRUNO ",
"avaliador2" :"THIAGO JARDELINO DIAS "},
{"id" :58,
"hour" : "11:20",
"slot" :10,
"trabalhoId" :"58",
"aluno" :"ANDERSON MATIAS FRAGOSO ",
"orientador" :"ALEX DA SILVA BARBOSA ",
"avaliador1" :"RISELANE DE LUCENA ALCANTARA BRUNO ",
"avaliador2" :"THIAGO JARDELINO DIAS "},
{"id" :62,
"hour" : "9:20",
"slot" :4,
"trabalhoId" :"62",
"aluno" :"JOSE JOEL ALVES GREGORIO ",
"orientador" :"RISELANE DE LUCENA ALCANTARA BRUNO ",
"avaliador1" :"SILVANDA DE MELO SILVA ",
"avaliador2" :"THIAGO JARDELINO DIAS "},
{"id" :63,
"hour" : "9:40",
"slot" :5,
"trabalhoId" :"63",
"aluno" :"VINICIUS COSTA ARAUJO ",
"orientador" :"RISELANE DE LUCENA ALCANTARA BRUNO ",
"avaliador1" :"SILVANDA DE MELO SILVA ",
"avaliador2" :"THIAGO JARDELINO DIAS "},
{"id" :64,
"hour" : "10:20",
"slot" :7,
"trabalhoId" :"64",
"aluno" :"VITORIA STEFANY DE MOURA ",
"orientador" :"THIAGO JARDELINO DIAS ",
"avaliador1" :"ALEX DA SILVA BARBOSA ",
"avaliador2" :"RISELANE DE LUCENA ALCANTARA BRUNO "},
{"id" :65,
"hour" : "11:40",
"slot" :11,
"trabalhoId" :"65",
"aluno" :"AGNNE MAYARA OLIVEIRA SILVA ",
"orientador" :"THIAGO JARDELINO DIAS ",
"avaliador1" :"ALEX DA SILVA BARBOSA ",
"avaliador2" :"RISELANE DE LUCENA ALCANTARA BRUNO "}]},
{"id": 6, "numPapers": 8, "presTime": 20, "dateTime": "18/10/2022 8:0", "numGaps": "0", "numExtraProfs": "0", "papers": [{"id" :97,
"hour" : "8:00",
"slot" :0,
"trabalhoId" :"97",
"aluno" :"ADONIS FIRMINO DE ASSIS PEREIRA ",
"orientador" :"RICARDO ROMAO GUERRA ",
"avaliador1" :"GEORGE RODRIGO BELTRAO DA CRUZ ",
"avaliador2" :"CARLA APARECIDA SOARES SARAIVA "},
{"id" :127,
"hour" : "8:40",
"slot" :2,
"trabalhoId" :"127",
"aluno" :"LUCAS BEZERRA BATISTA ",
"orientador" :"GEORGE RODRIGO BELTRAO DA CRUZ ",
"avaliador1" :"RICARDO ROMAO GUERRA ",
"avaliador2" :"CARLA APARECIDA SOARES SARAIVA "},
{"id" :128,
"hour" : "8:20",
"slot" :1,
"trabalhoId" :"128",
"aluno" :"MARILIA MEL DE MELO RODRIGUES CHAVES ",
"orientador" :"RICARDO ROMAO GUERRA ",
"avaliador1" :"GEORGE RODRIGO BELTRAO DA CRUZ ",
"avaliador2" :"CARLA APARECIDA SOARES SARAIVA "},
{"id" :129,
"hour" : "10:00",
"slot" :6,
"trabalhoId" :"129",
"aluno" :"WESLEY LEONARDO ARAUJO PEREIRA ",
"orientador" :"RICARDO ROMAO GUERRA ",
"avaliador1" :"GEORGE RODRIGO BELTRAO DA CRUZ ",
"avaliador2" :"MARIO LUIZ FARIAS CAVALCANTI "},
{"id" :130,
"hour" : "9:00",
"slot" :3,
"trabalhoId" :"130",
"aluno" :"ANA BEATRIZ AZEVEDO DE MEDEIROS ",
"orientador" :"CARLA APARECIDA SOARES SARAIVA ",
"avaliador1" :"RICARDO ROMAO GUERRA ",
"avaliador2" :"GEORGE RODRIGO BELTRAO DA CRUZ "},
{"id" :131,
"hour" : "9:20",
"slot" :4,
"trabalhoId" :"131",
"aluno" :"CLEICE KELLY DOS SANTOS NASCIMENTO ",
"orientador" :"CARLA APARECIDA SOARES SARAIVA ",
"avaliador1" :"RICARDO ROMAO GUERRA ",
"avaliador2" :"GEORGE RODRIGO BELTRAO DA CRUZ "},
{"id" :133,
"hour" : "9:40",
"slot" :5,
"trabalhoId" :"133",
"aluno" :"JOSE MARCIO DE SOUZA OLIVEIRA ",
"orientador" :"MARIO LUIZ FARIAS CAVALCANTI ",
"avaliador1" :"RICARDO ROMAO GUERRA ",
"avaliador2" :"GEORGE RODRIGO BELTRAO DA CRUZ "},
{"id" :134,
"hour" : "10:20",
"slot" :7,
"trabalhoId" :"134",
"aluno" :"ELIAS PEREIRA DA SILVA ",
"orientador" :"MARIO LUIZ FARIAS CAVALCANTI ",
"avaliador1" :"RICARDO ROMAO GUERRA ",
"avaliador2" :"GEORGE RODRIGO BELTRAO DA CRUZ "}]},
{"id": 7, "numPapers": 8, "presTime": 20, "dateTime": "18/10/2022 8:0", "numGaps": "0", "numExtraProfs": "0", "papers": [{"id" :0,
"hour" : "8:00",
"slot" :0,
"trabalhoId" :"0",
"aluno" :"FELIPE DOS SANTOS SILVA DINIZ ",
"orientador" :"GUTTEMBERG DA SILVA SILVINO ",
"avaliador1" :"VALERIA PEIXOTO BORGES ",
"avaliador2" :"ALEXANDRE EDUARDO DE ARAUJO "},
{"id" :1,
"hour" : "9:00",
"slot" :3,
"trabalhoId" :"1",
"aluno" :"ADAILSON TULIO DOS SANTOS SILVA ",
"orientador" :"GUTTEMBERG DA SILVA SILVINO ",
"avaliador1" :"VALERIA PEIXOTO BORGES ",
"avaliador2" :"ALEXANDRE EDUARDO DE ARAUJO "},
{"id" :2,
"hour" : "8:40",
"slot" :2,
"trabalhoId" :"2",
"aluno" :"GERMANA PESSOA DE PONTES ",
"orientador" :"VALERIA PEIXOTO BORGES ",
"avaliador1" :"GUTTEMBERG DA SILVA SILVINO ",
"avaliador2" :"ALEXANDRE EDUARDO DE ARAUJO "},
{"id" :26,
"hour" : "9:40",
"slot" :5,
"trabalhoId" :"26",
"aluno" :"LAÍS SOUTO LIRA ",
"orientador" :"LUCIANA CORDEIRO DO NASCIMENTO ",
"avaliador1" :"VALERIA PEIXOTO BORGES ",
"avaliador2" :"ALEXANDRE EDUARDO DE ARAUJO "},
{"id" :27,
"hour" : "10:20",
"slot" :7,
"trabalhoId" :"27",
"aluno" :"FRANCYEL MATEUS ALVES ",
"orientador" :"LUCIANA CORDEIRO DO NASCIMENTO ",
"avaliador1" :"VALERIA PEIXOTO BORGES ",
"avaliador2" :"ALEXANDRE EDUARDO DE ARAUJO "},
{"id" :59,
"hour" : "8:20",
"slot" :1,
"trabalhoId" :"59",
"aluno" :"ANDRESSIA ALYCE DOS ANJOS SILVA ",
"orientador" :"ALEXANDRE EDUARDO DE ARAUJO ",
"avaliador1" :"GUTTEMBERG DA SILVA SILVINO ",
"avaliador2" :"VALERIA PEIXOTO BORGES "},
{"id" :167,
"hour" : "9:20",
"slot" :4,
"trabalhoId" :"167",
"aluno" :"ANA PAULA SOARES ROMÃO ",
"orientador" :"ALEXANDRE EDUARDO DE ARAUJO ",
"avaliador1" :"GUTTEMBERG DA SILVA SILVINO ",
"avaliador2" :"VALERIA PEIXOTO BORGES "},
{"id" :168,
"hour" : "10:00",
"slot" :6,
"trabalhoId" :"168",
"aluno" :"PAULO CESAR CARNEIRO BARRETO ",
"orientador" :"ALEXANDRE EDUARDO DE ARAUJO ",
"avaliador1" :"VALERIA PEIXOTO BORGES ",
"avaliador2" :"LUCIANA CORDEIRO DO NASCIMENTO "}]},
{"id": 8, "numPapers": 10, "presTime": 20, "dateTime": "18/10/2022 14:0", "numGaps": "0", "numExtraProfs": "0", "papers": [{"id" :89,
"hour" : "14:00",
"slot" :0,
"trabalhoId" :"89",
"aluno" :"STEPHANY SOARES MENDES ",
"orientador" :"ARTUR CEZAR DE CARVALHO FERNANDES ",
"avaliador1" :"CARLOS AUGUSTO DE OLIVEIRA JÚNIOR ",
"avaliador2" :"INACIO JOSE CLEMENTINO "},
{"id" :90,
"hour" : "15:40",
"slot" :5,
"trabalhoId" :"90",
"aluno" :"ABRAAO ARTHUR DOS REIS BATISTA ",
"orientador" :"ARTUR CEZAR DE CARVALHO FERNANDES ",
"avaliador1" :"CARLOS AUGUSTO ALANIS CLEMENTE ",
"avaliador2" :"NORMA LUCIA DE SOUZA ARAUJO "},
{"id" :91,
"hour" : "16:00",
"slot" :6,
"trabalhoId" :"91",
"aluno" :"BERNARDO ENÉAS DE ARAÚJO NASCIMENTO ",
"orientador" :"ARTUR CEZAR DE CARVALHO FERNANDES ",
"avaliador1" :"VALESKA SHELDA PESSOA DE MELO ",
"avaliador2" :"NORMA LUCIA DE SOUZA ARAUJO "},
{"id" :92,
"hour" : "14:20",
"slot" :1,
"trabalhoId" :"92",
"aluno" :"AUGUSTO DHOUGLAS DE OLIVEIRA JUNIOR ",
"orientador" :"CARLOS AUGUSTO DE OLIVEIRA JÚNIOR ",
"avaliador1" :"ARTUR CEZAR DE CARVALHO FERNANDES ",
"avaliador2" :"INACIO JOSE CLEMENTINO "},
{"id" :93,
"hour" : "15:00",
"slot" :3,
"trabalhoId" :"93",
"aluno" :"KAROLAINY PEREIRA DA SILVA ",
"orientador" :"CARLOS AUGUSTO DE OLIVEIRA JÚNIOR ",
"avaliador1" :"ARTUR CEZAR DE CARVALHO FERNANDES ",
"avaliador2" :"CARLOS AUGUSTO ALANIS CLEMENTE "},
{"id" :94,
"hour" : "16:20",
"slot" :7,
"trabalhoId" :"94",
"aluno" :"HUGO GABRIEL GOMES FREIRE BEZERRA ",
"orientador" :"FELIPE NAEL SEIXAS ",
"avaliador1" :"VALESKA SHELDA PESSOA DE MELO ",
"avaliador2" :"NORMA LUCIA DE SOUZA ARAUJO "},
{"id" :95,
"hour" : "17:00",
"slot" :9,
"trabalhoId" :"95",
"aluno" :"WILLIAN MATHAUS DA SILVA SOARES ",
"orientador" :"VALESKA SHELDA PESSOA DE MELO ",
"avaliador1" :"FELIPE NAEL SEIXAS ",
"avaliador2" :"NORMA LUCIA DE SOUZA ARAUJO "},
{"id" :96,
"hour" : "14:40",
"slot" :2,
"trabalhoId" :"96",
"aluno" :"MICHELLY DAYANE ARAUJO DE ALMEIDA ",
"orientador" :"INACIO JOSE CLEMENTINO ",
"avaliador1" :"ARTUR CEZAR DE CARVALHO FERNANDES ",
"avaliador2" :"CARLOS AUGUSTO DE OLIVEIRA JÚNIOR "},
{"id" :102,
"hour" : "15:20",
"slot" :4,
"trabalhoId" :"102",
"aluno" :"SHARA CRISTINA DA SILVA LIMA ",
"orientador" :"CARLOS AUGUSTO ALANIS CLEMENTE ",
"avaliador1" :"ARTUR CEZAR DE CARVALHO FERNANDES ",
"avaliador2" :"NORMA LUCIA DE SOUZA ARAUJO "},
{"id" :103,
"hour" : "16:40",
"slot" :8,
"trabalhoId" :"103",
"aluno" :"GABRIELA LUCENA DE FARIAS GUIMARAES ",
"orientador" :"NORMA LUCIA DE SOUZA ARAUJO ",
"avaliador1" :"FELIPE NAEL SEIXAS ",
"avaliador2" :"VALESKA SHELDA PESSOA DE MELO "}]},
{"id": 9, "numPapers": 9, "presTime": 20, "dateTime": "18/10/2022 14:0", "numGaps": "0", "numExtraProfs": "0", "papers": [{"id" :78,
"hour" : "14:20",
"slot" :1,
"trabalhoId" :"78",
"aluno" :"PATRICIA DOS SANTOS CONSTANTINO ",
"orientador" :"ADRIANA FERREIRA DOS SANTOS ",
"avaliador1" :"IZABELA SOUZA LOPES RANGEL ",
"avaliador2" :"LOISE ARAUJO COSTA "},
{"id" :79,
"hour" : "15:20",
"slot" :4,
"trabalhoId" :"79",
"aluno" :"ANA CLARA NUNES LINS ",
"orientador" :"ARIANNE DANTAS VIANA ",
"avaliador1" :"LUCIANA DINIZ ROLA ",
"avaliador2" :"PATRICIA ARAUJO AMARANTE "},
{"id" :80,
"hour" : "16:40",
"slot" :8,
"trabalhoId" :"80",
"aluno" :"ANTONIO LAIRTON GOMES ALTINO ",
"orientador" :"ARIANNE DANTAS VIANA ",
"avaliador1" :"JOSINEIDE DA SILVA BEZERRA ",
"avaliador2" :"MAX ROCHA QUIRINO "},
{"id" :104,
"hour" : "14:00",
"slot" :0,
"trabalhoId" :"104",
"aluno" :"MARIA DAS GRAÇAS DOS SANTOS ",
"orientador" :"IZABELA SOUZA LOPES RANGEL ",
"avaliador1" :"ADRIANA FERREIRA DOS SANTOS ",
"avaliador2" :"LOISE ARAUJO COSTA "},
{"id" :145,
"hour" : "14:40",
"slot" :2,
"trabalhoId" :"145",
"aluno" :"GUSTAVO BERNARDO PAIVA DE SOUZA ",
"orientador" :"LOISE ARAUJO COSTA ",
"avaliador1" :"ADRIANA FERREIRA DOS SANTOS ",
"avaliador2" :"IZABELA SOUZA LOPES RANGEL "},
{"id" :146,
"hour" : "15:00",
"slot" :3,
"trabalhoId" :"146",
"aluno" :"ELISSANDRA ALVARES CHIBERIO ",
"orientador" :"LUCIANA DINIZ ROLA ",
"avaliador1" :"ADRIANA FERREIRA DOS SANTOS ",
"avaliador2" :"PATRICIA ARAUJO AMARANTE "},
{"id" :154,
"hour" : "16:20",
"slot" :7,
"trabalhoId" :"154",
"aluno" :"EWERTHON NASCIMENTO DE SOUSA ",
"orientador" :"JOSINEIDE DA SILVA BEZERRA ",
"avaliador1" :"ARIANNE DANTAS VIANA ",
"avaliador2" :"MAX ROCHA QUIRINO "},
{"id" :164,
"hour" : "15:40",
"slot" :5,
"trabalhoId" :"164",
"aluno" :"ELSON SOUZA CRUZ RAMOS ",
"orientador" :"PATRICIA ARAUJO AMARANTE ",
"avaliador1" :"ARIANNE DANTAS VIANA ",
"avaliador2" :"LUCIANA DINIZ ROLA "},
{"id" :165,
"hour" : "16:00",
"slot" :6,
"trabalhoId" :"165",
"aluno" :"RAFAEL PEREIRA DA SILVA ",
"orientador" :"MAX ROCHA QUIRINO ",
"avaliador1" :"ARIANNE DANTAS VIANA ",
"avaliador2" :"JOSINEIDE DA SILVA BEZERRA "}]},
{"id": 10, "numPapers": 9, "presTime": 20, "dateTime": "18/10/2022 14:0", "numGaps": "0", "numExtraProfs": "0", "papers": [{"id" :144,
"hour" : "15:00",
"slot" :3,
"trabalhoId" :"144",
"aluno" :"GABRIELA BARBOSA DE FREITAS MONTEIRO ",
"orientador" :"ANA EMILIA BARROS E SILVA ",
"avaliador1" :"MARIA BETANIA HERMENEGILDO DOS SANTOS ",
"avaliador2" :"FABRICIA SOUSA MONTENEGRO "},
{"id" :147,
"hour" : "16:40",
"slot" :8,
"trabalhoId" :"147",
"aluno" :"LUCIANA MARTINS FERNANDO ",
"orientador" :"YANNA CAROLINA FERREIRA TELES ",
"avaliador1" :"FABRICIA SOUSA MONTENEGRO ",
"avaliador2" :"ROBSON DE SOUSA NASCIMENTO "},
{"id" :148,
"hour" : "14:40",
"slot" :2,
"trabalhoId" :"148",
"aluno" :"JOSE EDILSON FIDELIS LAURENTINO ",
"orientador" :"MARIA BETANIA HERMENEGILDO DOS SANTOS ",
"avaliador1" :"LUCIENE CHAVES DE AQUINO ",
"avaliador2" :"FABRICIA SOUSA MONTENEGRO "},
{"id" :149,
"hour" : "15:20",
"slot" :4,
"trabalhoId" :"149",
"aluno" :"SANDRO ROBERTO ASSIS DA SILVA ",
"orientador" :"MARIA BETANIA HERMENEGILDO DOS SANTOS ",
"avaliador1" :"ANA EMILIA BARROS E SILVA ",
"avaliador2" :"FABRICIA SOUSA MONTENEGRO "},
{"id" :150,
"hour" : "15:40",
"slot" :5,
"trabalhoId" :"150",
"aluno" :"MARIA DA SOLIDADE DE LIMA RAMOS ",
"orientador" :"MARIA BETANIA HERMENEGILDO DOS SANTOS ",
"avaliador1" :"ANA EMILIA BARROS E SILVA ",
"avaliador2" :"FABRICIA SOUSA MONTENEGRO "},
{"id" :151,
"hour" : "14:00",
"slot" :0,
"trabalhoId" :"151",
"aluno" :"DENNER DE OLIVEIRA SANTOS ",
"orientador" :"LUCIENE CHAVES DE AQUINO ",
"avaliador1" :"MARIA BETANIA HERMENEGILDO DOS SANTOS ",
"avaliador2" :"FABRICIA SOUSA MONTENEGRO "},
{"id" :152,
"hour" : "14:20",
"slot" :1,
"trabalhoId" :"152",
"aluno" :"ERICA LOPES BARBOSA ",
"orientador" :"FABRICIA SOUSA MONTENEGRO ",
"avaliador1" :"MARIA BETANIA HERMENEGILDO DOS SANTOS ",
"avaliador2" :"LUCIENE CHAVES DE AQUINO "},
{"id" :153,
"hour" : "16:00",
"slot" :6,
"trabalhoId" :"153",
"aluno" :"LAURA SUÊNIA FELIPE DOS SANTOS ",
"orientador" :"FABRICIA SOUSA MONTENEGRO ",
"avaliador1" :"YANNA CAROLINA FERREIRA TELES ",
"avaliador2" :"ROBSON DE SOUSA NASCIMENTO "},
{"id" :166,
"hour" : "16:20",
"slot" :7,
"trabalhoId" :"166",
"aluno" :"SHAYANNE JOSICLEIDE DE ALMEIDA ",
"orientador" :"ROBSON DE SOUSA NASCIMENTO ",
"avaliador1" :"YANNA CAROLINA FERREIRA TELES ",
"avaliador2" :"FABRICIA SOUSA MONTENEGRO "}]},
{"id": 11, "numPapers": 11, "presTime": 20, "dateTime": "18/10/2022 14:0", "numGaps": "0", "numExtraProfs": "0", "papers": [{"id" :110,
"hour" : "14:20",
"slot" :1,
"trabalhoId" :"110",
"aluno" :"GILMARIA FIRMO MARINHO ",
"orientador" :"ALEXANDRE LEMOS DE BARROS MOREIRA FILHO ",
"avaliador1" :"ARIOSVALDO NUNES DE MEDEIROS ",
"avaliador2" :"SEVERINO GONZAGA NETO "},
{"id" :111,
"hour" : "16:00",
"slot" :6,
"trabalhoId" :"111",
"aluno" :"ANTONIO VENICIO DE SOUSA ",
"orientador" :"ALEXANDRE LEMOS DE BARROS MOREIRA FILHO ",
"avaliador1" :"ARIOSVALDO NUNES DE MEDEIROS ",
"avaliador2" :"SEVERINO GONZAGA NETO "},
{"id" :112,
"hour" : "16:20",
"slot" :7,
"trabalhoId" :"112",
"aluno" :"JOAO LUCAS DE ARAUJO MORAIS ",
"orientador" :"ALEXANDRE LEMOS DE BARROS MOREIRA FILHO ",
"avaliador1" :"ARIOSVALDO NUNES DE MEDEIROS ",
"avaliador2" :"SEVERINO GONZAGA NETO "},
{"id" :113,
"hour" : "14:00",
"slot" :0,
"trabalhoId" :"113",
"aluno" :"SUZY ELLEN ARAÚJO SANTOS ",
"orientador" :"ARIOSVALDO NUNES DE MEDEIROS ",
"avaliador1" :"ALEXANDRE LEMOS DE BARROS MOREIRA FILHO ",
"avaliador2" :"SEVERINO GONZAGA NETO "},
{"id" :114,
"hour" : "16:40",
"slot" :8,
"trabalhoId" :"114",
"aluno" :"MARIA EDUARDA SILVA DE PAIVA ",
"orientador" :"ARIOSVALDO NUNES DE MEDEIROS ",
"avaliador1" :"ALEXANDRE LEMOS DE BARROS MOREIRA FILHO ",
"avaliador2" :"SEVERINO GONZAGA NETO "},
{"id" :115,
"hour" : "17:20",
"slot" :10,
"trabalhoId" :"115",
"aluno" :"IRIS MARIA LIMA CHAVES ",
"orientador" :"ARIOSVALDO NUNES DE MEDEIROS ",
"avaliador1" :"ALEXANDRE LEMOS DE BARROS MOREIRA FILHO ",
"avaliador2" :"SEVERINO GONZAGA NETO "},
{"id" :118,
"hour" : "14:40",
"slot" :2,
"trabalhoId" :"118",
"aluno" :"SOFIA DANTAS DE QUEIROZ ",
"orientador" :"SEVERINO GONZAGA NETO ",
"avaliador1" :"ALEXANDRE LEMOS DE BARROS MOREIRA FILHO ",
"avaliador2" :"ARIOSVALDO NUNES DE MEDEIROS "},
{"id" :119,
"hour" : "15:00",
"slot" :3,
"trabalhoId" :"119",
"aluno" :"DINAH CORREIA DA CUNHA CASTRO ",
"orientador" :"SEVERINO GONZAGA NETO ",
"avaliador1" :"ALEXANDRE LEMOS DE BARROS MOREIRA FILHO ",
"avaliador2" :"ARIOSVALDO NUNES DE MEDEIROS "},
{"id" :120,
"hour" : "15:20",
"slot" :4,
"trabalhoId" :"120",
"aluno" :"MARIA CAROLINA AZEVEDO SILVA DE FARIAS ",
"orientador" :"SEVERINO GONZAGA NETO ",
"avaliador1" :"ALEXANDRE LEMOS DE BARROS MOREIRA FILHO ",
"avaliador2" :"ARIOSVALDO NUNES DE MEDEIROS "},
{"id" :121,
"hour" : "15:40",
"slot" :5,
"trabalhoId" :"121",
"aluno" :"AMANDA OLIVEIRA XAVIER ",
"orientador" :"SEVERINO GONZAGA NETO ",
"avaliador1" :"ALEXANDRE LEMOS DE BARROS MOREIRA FILHO ",
"avaliador2" :"ARIOSVALDO NUNES DE MEDEIROS "},
{"id" :122,
"hour" : "17:00",
"slot" :9,
"trabalhoId" :"122",
"aluno" :"ADJAYNE FERNANDES DA SILVA ",
"orientador" :"SEVERINO GONZAGA NETO ",
"avaliador1" :"ALEXANDRE LEMOS DE BARROS MOREIRA FILHO ",
"avaliador2" :"ARIOSVALDO NUNES DE MEDEIROS "}]},
{"id": 12, "numPapers": 12, "presTime": 20, "dateTime": "18/10/2022 14:0", "numGaps": "0", "numExtraProfs": "0", "papers": [{"id" :45,
"hour" : "15:40",
"slot" :5,
"trabalhoId" :"45",
"aluno" :"MARCOS GOMES DA SILVA ",
"orientador" :"ELIZANILDA RAMALHO DO REGO ",
"avaliador1" :"NAYSA FLAVIA FERREIRA DO NASCIMENTO ",
"avaliador2" :"SILVANIA MARIA DE SOUZA GOMES NASCIMENTO "},
{"id" :46,
"hour" : "16:00",
"slot" :6,
"trabalhoId" :"46",
"aluno" :"THIAGO ALVES MOURA ",
"orientador" :"ELIZANILDA RAMALHO DO REGO ",
"avaliador1" :"NAYSA FLAVIA FERREIRA DO NASCIMENTO ",
"avaliador2" :"SILVANIA MARIA DE SOUZA GOMES NASCIMENTO "},
{"id" :47,
"hour" : "14:00",
"slot" :0,
"trabalhoId" :"47",
"aluno" :"SABRINA TRAJANO PEREIRA DA SILVA ",
"orientador" :"MAILSON MONTEIRO DO REGO ",
"avaliador1" :"EDNA URSULINO ALVES ",
"avaliador2" :"SILVANIA MARIA DE SOUZA GOMES NASCIMENTO "},
{"id" :48,
"hour" : "14:20",
"slot" :1,
"trabalhoId" :"48",
"aluno" :"INGRYD LAYANNE CANDIDO NUNES VIEIRA SALES ",
"orientador" :"MAILSON MONTEIRO DO REGO ",
"avaliador1" :"EDNA URSULINO ALVES ",
"avaliador2" :"SILVANIA MARIA DE SOUZA GOMES NASCIMENTO "},
{"id" :49,
"hour" : "17:00",
"slot" :9,
"trabalhoId" :"49",
"aluno" :"MATEUS DE SOUZA SILVA ",
"orientador" :"NAYSA FLAVIA FERREIRA DO NASCIMENTO ",
"avaliador1" :"ELIZANILDA RAMALHO DO REGO ",
"avaliador2" :"SILVANIA MARIA DE SOUZA GOMES NASCIMENTO "},
{"id" :50,
"hour" : "14:40",
"slot" :2,
"trabalhoId" :"50",
"aluno" :"MARIA KAROLINE FERREIRA BERNARDO ",
"orientador" :"EDNA URSULINO ALVES ",
"avaliador1" :"MAILSON MONTEIRO DO REGO ",
"avaliador2" :"SILVANIA MARIA DE SOUZA GOMES NASCIMENTO "},
{"id" :51,
"hour" : "15:00",
"slot" :3,
"trabalhoId" :"51",
"aluno" :"EDUARDO LUA FERNANDES DA SILVA ",
"orientador" :"EDNA URSULINO ALVES ",
"avaliador1" :"NAYSA FLAVIA FERREIRA DO NASCIMENTO ",
"avaliador2" :"SILVANIA MARIA DE SOUZA GOMES NASCIMENTO "},
{"id" :52,
"hour" : "15:20",
"slot" :4,
"trabalhoId" :"52",
"aluno" :"LUIS GUSTAVO ALVES DE ALMEIDA ",
"orientador" :"EDNA URSULINO ALVES ",
"avaliador1" :"NAYSA FLAVIA FERREIRA DO NASCIMENTO ",
"avaliador2" :"SILVANIA MARIA DE SOUZA GOMES NASCIMENTO "},
{"id" :54,
"hour" : "17:20",
"slot" :10,
"trabalhoId" :"54",
"aluno" :"EMILIA MARCIELLE DIAS DE MEDEIROS ",
"orientador" :"NAYSA FLAVIA FERREIRA DO NASCIMENTO ",
"avaliador1" :"ELIZANILDA RAMALHO DO REGO ",
"avaliador2" :"SILVANIA MARIA DE SOUZA GOMES NASCIMENTO "},
{"id" :55,
"hour" : "16:20",
"slot" :7,
"trabalhoId" :"55",
"aluno" :"EVELYN JAILANE DOS SANTOS BARBOSA ",
"orientador" :"SILVANIA MARIA DE SOUZA GOMES NASCIMENTO ",
"avaliador1" :"ELIZANILDA RAMALHO DO REGO ",
"avaliador2" :"NAYSA FLAVIA FERREIRA DO NASCIMENTO "},
{"id" :60,
"hour" : "16:40",
"slot" :8,
"trabalhoId" :"60",
"aluno" :"MAYKON DOUGLAS GOMES BARBOSA ",
"orientador" :"ELIZANILDA RAMALHO DO REGO ",
"avaliador1" :"NAYSA FLAVIA FERREIRA DO NASCIMENTO ",
"avaliador2" :"SILVANIA MARIA DE SOUZA GOMES NASCIMENTO "},
{"id" :61,
"hour" : "17:40",
"slot" :11,
"trabalhoId" :"61",
"aluno" :"NATALINE DA SILVA PONTES ",
"orientador" :"ELIZANILDA RAMALHO DO REGO ",
"avaliador1" :"NAYSA FLAVIA FERREIRA DO NASCIMENTO ",
"avaliador2" :"SILVANIA MARIA DE SOUZA GOMES NASCIMENTO "}]},
{"id": 13, "numPapers": 9, "presTime": 20, "dateTime": "18/10/2022 14:0", "numGaps": "0", "numExtraProfs": "0", "papers": [{"id" :155,
"hour" : "14:00",
"slot" :0,
"trabalhoId" :"155",
"aluno" :"PEDRO LUCAS FERREIRA DA SILVA ",
"orientador" :"CLAUDIO GERMANO DOS SANTOS OLIVEIRA ",
"avaliador1" :"MILENE FELIX DE ALMEIDA ",
"avaliador2" :"GABRIELA TAVARES DOS SANTOS "},
{"id" :156,
"hour" : "16:40",
"slot" :8,
"trabalhoId" :"156",
"aluno" :"LUCAS SOUZA SANTOS ",
"orientador" :"GUSTAVO CORREIA XAVIER ",
"avaliador1" :"CAMILA CRISTINA RODRIGUES SALGADO ",
"avaliador2" :"JOSE MANCINELLI LEDO DO NASCIMENTO "},
{"id" :157,
"hour" : "15:20",
"slot" :4,
"trabalhoId" :"157",
"aluno" :"VANESSA RANGEL INOCENCIO LOPES ",
"orientador" :"CAMILA CRISTINA RODRIGUES SALGADO ",
"avaliador1" :"GUSTAVO CORREIA XAVIER ",
"avaliador2" :"JOSE MANCINELLI LEDO DO NASCIMENTO "},
{"id" :158,
"hour" : "15:40",
"slot" :5,
"trabalhoId" :"158",
"aluno" :"GIRLIANY SANTOS DA SILVA ",
"orientador" :"CAMILA CRISTINA RODRIGUES SALGADO ",
"avaliador1" :"GUSTAVO CORREIA XAVIER ",
"avaliador2" :"JOSE MANCINELLI LEDO DO NASCIMENTO "},
{"id" :159,
"hour" : "14:40",
"slot" :2,
"trabalhoId" :"159",
"aluno" :"ANA CLAUDIA CARDOSO DA COSTA ",
"orientador" :"MILENE FELIX DE ALMEIDA ",
"avaliador1" :"CLAUDIO GERMANO DOS SANTOS OLIVEIRA ",
"avaliador2" :"GABRIELA TAVARES DOS SANTOS "},
{"id" :160,
"hour" : "14:20",
"slot" :1,
"trabalhoId" :"160",
"aluno" :"WEDJA OLIVEIRA LIMA ",
"orientador" :"GABRIELA TAVARES DOS SANTOS ",
"avaliador1" :"CLAUDIO GERMANO DOS SANTOS OLIVEIRA ",
"avaliador2" :"MILENE FELIX DE ALMEIDA "},
{"id" :161,
"hour" : "15:00",
"slot" :3,
"trabalhoId" :"161",
"aluno" :"DIELLE DA SILVA FIRMINO ",
"orientador" :"GABRIELA TAVARES DOS SANTOS ",
"avaliador1" :"GUSTAVO CORREIA XAVIER ",
"avaliador2" :"CAMILA CRISTINA RODRIGUES SALGADO "},
{"id" :162,
"hour" : "16:00",
"slot" :6,
"trabalhoId" :"162",
"aluno" :"ANKLEY DE LIRA BARBOSA ",
"orientador" :"JOSE MANCINELLI LEDO DO NASCIMENTO ",
"avaliador1" :"GUSTAVO CORREIA XAVIER ",
"avaliador2" :"CAMILA CRISTINA RODRIGUES SALGADO "},
{"id" :163,
"hour" : "16:20",
"slot" :7,
"trabalhoId" :"163",
"aluno" :"ROBERTA LAINY SOUZA SILVA ",
"orientador" :"JOSE MANCINELLI LEDO DO NASCIMENTO ",
"avaliador1" :"GUSTAVO CORREIA XAVIER ",
"avaliador2" :"CAMILA CRISTINA RODRIGUES SALGADO "}]},
{"id": 14, "numPapers": 12, "presTime": 20, "dateTime": "18/10/2022 14:0", "numGaps": "0", "numExtraProfs": "0", "papers": [{"id" :105,
"hour" : "15:00",
"slot" :3,
"trabalhoId" :"105",
"aluno" :"MARCOS VENYCIOS DE ALMEIDA SILVA ",
"orientador" :"EDILSON PAES SARAIVA ",
"avaliador1" :"MARCOS ELI BUZANSKAS ",
"avaliador2" :"PATRICIA EMILIA NAVES GIVISIEZ "},
{"id" :106,
"hour" : "15:40",
"slot" :5,
"trabalhoId" :"106",
"aluno" :"IZABEL MILENA PEREIRA CAVALCANTI ",
"orientador" :"EDILSON PAES SARAIVA ",
"avaliador1" :"MARCOS ELI BUZANSKAS ",
"avaliador2" :"PATRICIA EMILIA NAVES GIVISIEZ "},
{"id" :107,
"hour" : "16:00",
"slot" :6,
"trabalhoId" :"107",
"aluno" :"MARIA VANESSA DE ALMEIDA LIMA ",
"orientador" :"EDILSON PAES SARAIVA ",
"avaliador1" :"MARCOS ELI BUZANSKAS ",
"avaliador2" :"PATRICIA EMILIA NAVES GIVISIEZ "},
{"id" :108,
"hour" : "14:20",
"slot" :1,
"trabalhoId" :"108",
"aluno" :"HALYSON RUAN DOS SANTOS EPITACIO SILVA ",
"orientador" :"JACINARA HODY GURGEL MORAIS LEITE ",
"avaliador1" :"PATRICIA EMILIA NAVES GIVISIEZ ",
"avaliador2" :"ALINE MENDES RIBEIRO "},
{"id" :109,
"hour" : "15:20",
"slot" :4,
"trabalhoId" :"109",
"aluno" :"RENALIA SILVA MILITAO ",
"orientador" :"MARCOS ELI BUZANSKAS ",
"avaliador1" :"EDILSON PAES SARAIVA ",
"avaliador2" :"PATRICIA EMILIA NAVES GIVISIEZ "},
{"id" :116,
"hour" : "16:40",
"slot" :8,
"trabalhoId" :"116",
"aluno" :"JOHN YGOR SANTOS BEZERRA ",
"orientador" :"JULIANA SILVA DE OLIVEIRA ",
"avaliador1" :"EDILSON PAES SARAIVA ",
"avaliador2" :"PATRICIA EMILIA NAVES GIVISIEZ "},
{"id" :117,
"hour" : "17:00",
"slot" :9,
"trabalhoId" :"117",
"aluno" :"THACYLA BEATRIZ DUARTE CORREIA GOMES ",
"orientador" :"JULIANA SILVA DE OLIVEIRA ",
"avaliador1" :"PATRICIA EMILIA NAVES GIVISIEZ ",
"avaliador2" :"EDSON MAURO SANTOS "},
{"id" :123,
"hour" : "14:40",
"slot" :2,
"trabalhoId" :"123",
"aluno" :"ÁLVARO SMITH GOMES SANTANA ",
"orientador" :"PATRICIA EMILIA NAVES GIVISIEZ ",
"avaliador1" :"JACINARA HODY GURGEL MORAIS LEITE ",
"avaliador2" :"ALINE MENDES RIBEIRO "},
{"id" :124,
"hour" : "14:00",
"slot" :0,
"trabalhoId" :"124",
"aluno" :"ALBERTINO ANTÔNIO DOS SANTOS ",
"orientador" :"ALINE MENDES RIBEIRO ",
"avaliador1" :"JACINARA HODY GURGEL MORAIS LEITE ",
"avaliador2" :"PATRICIA EMILIA NAVES GIVISIEZ "},
{"id" :125,
"hour" : "17:20",
"slot" :10,
"trabalhoId" :"125",
"aluno" :"VANESSA MARIA RODRIGUES DE LIMA ",
"orientador" :"EDSON MAURO SANTOS ",
"avaliador1" :"JULIANA SILVA DE OLIVEIRA ",
"avaliador2" :"PATRICIA EMILIA NAVES GIVISIEZ "},
{"id" :126,
"hour" : "17:40",
"slot" :11,
"trabalhoId" :"126",
"aluno" :"ALDO HENRIQUE DE QUEIROZ ARAUJO ",
"orientador" :"EDSON MAURO SANTOS ",
"avaliador1" :"JULIANA SILVA DE OLIVEIRA ",
"avaliador2" :"PATRICIA EMILIA NAVES GIVISIEZ "},
{"id" :132,
"hour" : "16:20",
"slot" :7,
"trabalhoId" :"132",
"aluno" :"HUMBERTO DE ARAUJO BRITO FILHO ",
"orientador" :"PATRICIA EMILIA NAVES GIVISIEZ ",
"avaliador1" :"EDILSON PAES SARAIVA ",
"avaliador2" :"MARCOS ELI BUZANSKAS "}]},
{"id": 15, "numPapers": 9, "presTime": 20, "dateTime": "18/10/2022 14:0", "numGaps": "0", "numExtraProfs": "0", "papers": [{"id" :135,
"hour" : "14:00",
"slot" :0,
"trabalhoId" :"135",
"aluno" :"JAQUELINY PEREIRA DO MAIA ",
"orientador" :"LENYNEVES DUARTE ALVINO DE ARAUJO ",
"avaliador1" :"HELDER FARIAS PEREIRA DE ARAUJO ",
"avaliador2" :"JOSE DOMINGOS RIBEIRO NETO "},
{"id" :136,
"hour" : "15:00",
"slot" :3,
"trabalhoId" :"136",
"aluno" :"CAIO CEZAR GOUVEIA DA SILVA ",
"orientador" :"LENYNEVES DUARTE ALVINO DE ARAUJO ",
"avaliador1" :"HELDER FARIAS PEREIRA DE ARAUJO ",
"avaliador2" :"JOSE DOMINGOS RIBEIRO NETO "},
{"id" :137,
"hour" : "15:20",
"slot" :4,
"trabalhoId" :"137",
"aluno" :"NATALIA ARAUJO DE SOUSA ",
"orientador" :"HELDER FARIAS PEREIRA DE ARAUJO ",
"avaliador1" :"LENYNEVES DUARTE ALVINO DE ARAUJO ",
"avaliador2" :"JOSE DOMINGOS RIBEIRO NETO "},
{"id" :138,
"hour" : "16:40",
"slot" :8,
"trabalhoId" :"138",
"aluno" :"MARCOS FELIPE DE SOUSA OLIVEIRA ",
"orientador" :"HELDER FARIAS PEREIRA DE ARAUJO ",
"avaliador1" :"ROSEMBERG FERNANDES DE MENEZES ",
"avaliador2" :"VENIA CAMELO DE SOUZA "},
{"id" :139,
"hour" : "14:20",
"slot" :1,
"trabalhoId" :"139",
"aluno" :"CLARA FELÍCIA DINIZ BRANDÃO ",
"orientador" :"JOSE DOMINGOS RIBEIRO NETO ",
"avaliador1" :"LENYNEVES DUARTE ALVINO DE ARAUJO ",
"avaliador2" :"HELDER FARIAS PEREIRA DE ARAUJO "},
{"id" :140,
"hour" : "14:40",
"slot" :2,
"trabalhoId" :"140",
"aluno" :"JOAO PAULO ROCHA DE ARAUJO ",
"orientador" :"JOSE DOMINGOS RIBEIRO NETO ",
"avaliador1" :"LENYNEVES DUARTE ALVINO DE ARAUJO ",
"avaliador2" :"HELDER FARIAS PEREIRA DE ARAUJO "},
{"id" :141,
"hour" : "16:00",
"slot" :6,
"trabalhoId" :"141",
"aluno" :"JOAO VICTOR DA SILVA BARBOSA ",
"orientador" :"ROSEMBERG FERNANDES DE MENEZES ",
"avaliador1" :"HELDER FARIAS PEREIRA DE ARAUJO ",
"avaliador2" :"VENIA CAMELO DE SOUZA "},
{"id" :142,
"hour" : "15:40",
"slot" :5,
"trabalhoId" :"142",
"aluno" :"ELYAN FIGUEIREDO DA SILVA CABRAL ",
"orientador" :"VENIA CAMELO DE SOUZA ",
"avaliador1" :"HELDER FARIAS PEREIRA DE ARAUJO ",
"avaliador2" :"JOSE DOMINGOS RIBEIRO NETO "},
{"id" :143,
"hour" : "16:20",
"slot" :7,
"trabalhoId" :"143",
"aluno" :"VINÍCIUS ALVES MARTINS ",
"orientador" :"VENIA CAMELO DE SOUZA ",
"avaliador1" :"HELDER FARIAS PEREIRA DE ARAUJO ",
"avaliador2" :"ROSEMBERG FERNANDES DE MENEZES "}]}
]}
