{
"objectiveFunctionValue": 692547,
"numUsedSessions": 12,
"timeConstruction": 0.00110308,
"timeRVND": 94.6802,
"timePerturb": 0.0125927,
"timeChecker": 0.281136,
"timeProfs": 0.0687525,
"numSaltos": 0,
"numExtraProfs": 5,
"sessions": [
{"id": 0, "numPapers": 6, "presTime": 20, "dateTime": "18/10/2022 8:0", "numGaps": "0", "numExtraProfs": "0", "papers": [{"id" :47,
"hour" : "8:00",
"slot" :0,
"trabalhoId" :"47",
"aluno" :"YASMIN JULIAO DE OLIVEIRA ",
"orientador" :"LAURENIA SOUTO SALES ",
"avaliador1" :"SANDRA MARIA ARAUJO DIAS ",
"avaliador2" :"ERIVALDO PEREIRA DO NASCIMENTO "},
{"id" :48,
"hour" : "9:00",
"slot" :3,
"trabalhoId" :"48",
"aluno" :"MARIA ESTEFANE ANICETO DA SILVA ",
"orientador" :"LAURENIA SOUTO SALES ",
"avaliador1" :"SANDRA MARIA ARAUJO DIAS ",
"avaliador2" :"FRANCISCA JANETE DA SILVA ADELINO "},
{"id" :49,
"hour" : "9:20",
"slot" :4,
"trabalhoId" :"49",
"aluno" :"RUTH EDUARDO DE OLIVEIRA ",
"orientador" :"SANDRA MARIA ARAUJO DIAS ",
"avaliador1" :"LAURENIA SOUTO SALES ",
"avaliador2" :"FRANCISCA JANETE DA SILVA ADELINO "},
{"id" :51,
"hour" : "8:20",
"slot" :1,
"trabalhoId" :"51",
"aluno" :"MARIA RAQUEL DOS SANTOS FELIX ",
"orientador" :"ERIVALDO PEREIRA DO NASCIMENTO ",
"avaliador1" :"LAURENIA SOUTO SALES ",
"avaliador2" :"SANDRA MARIA ARAUJO DIAS "},
{"id" :52,
"hour" : "8:40",
"slot" :2,
"trabalhoId" :"52",
"aluno" :"ALLANA MARIA PEREIRA DOS SANTOS ",
"orientador" :"ERIVALDO PEREIRA DO NASCIMENTO ",
"avaliador1" :"LAURENIA SOUTO SALES ",
"avaliador2" :"SANDRA MARIA ARAUJO DIAS "},
{"id" :53,
"hour" : "9:40",
"slot" :5,
"trabalhoId" :"53",
"aluno" :"DANIELE LIMA DA SILVA ",
"orientador" :"FRANCISCA JANETE DA SILVA ADELINO ",
"avaliador1" :"LAURENIA SOUTO SALES ",
"avaliador2" :"SANDRA MARIA ARAUJO DIAS "}]},
{"id": 1, "numPapers": 3, "presTime": 20, "dateTime": "18/10/2022 8:0", "numGaps": "0", "numExtraProfs": "1", "papers": [{"id" :10,
"hour" : "8:40",
"slot" :2,
"trabalhoId" :"10",
"aluno" :"ALEXIA MARTINIANO DUTRA ",
"orientador" :"WILLIAME FARIAS RIBEIRO ",
"avaliador1" :"ROSEANE BATISTA FEITOSA NICOLAU ",
"avaliador2" :"JOSE VERANILDO LOPES DA COSTA JUNIOR "},
{"id" :42,
"hour" : "8:00",
"slot" :0,
"trabalhoId" :"42",
"aluno" :"GILMARA DE CASSIA DOS SANTOS ",
"orientador" :"ROSEANE BATISTA FEITOSA NICOLAU ",
"avaliador1" :"WILLIAME FARIAS RIBEIRO ",
"avaliador2" :"JOSE VERANILDO LOPES DA COSTA JUNIOR "},
{"id" :50,
"hour" : "8:20",
"slot" :1,
"trabalhoId" :"50",
"aluno" :"JAMILY DA SILVA FERREIRA ",
"orientador" :"ROSEANE BATISTA FEITOSA NICOLAU ",
"avaliador1" :"WILLIAME FARIAS RIBEIRO ",
"avaliador2" :"JOSE VERANILDO LOPES DA COSTA JUNIOR "}]},
{"id": 2, "numPapers": 3, "presTime": 20, "dateTime": "18/10/2022 8:0", "numGaps": "0", "numExtraProfs": "1", "papers": [{"id" :9,
"hour" : "8:40",
"slot" :2,
"trabalhoId" :"9",
"aluno" :"RICSON RONNY DE SOUZA ANDRADE ",
"orientador" :"LINCOLN ELOI DE ARAUJO ",
"avaliador1" :"RENATA MONTEIRO GARCIA ",
"avaliador2" :"MILENA DUTRA DA SILVA "},
{"id" :39,
"hour" : "8:00",
"slot" :0,
"trabalhoId" :"39",
"aluno" :"BARBARA FIALHO DE SOUSA NUNES ",
"orientador" :"RENATA MONTEIRO GARCIA ",
"avaliador1" :"LINCOLN ELOI DE ARAUJO ",
"avaliador2" :"MILENA DUTRA DA SILVA "},
{"id" :40,
"hour" : "8:20",
"slot" :1,
"trabalhoId" :"40",
"aluno" :"ALEXIA CAROLINA GONCALVES DA SILVA ",
"orientador" :"RENATA MONTEIRO GARCIA ",
"avaliador1" :"LINCOLN ELOI DE ARAUJO ",
"avaliador2" :"MILENA DUTRA DA SILVA "}]},
{"id": 3, "numPapers": 3, "presTime": 20, "dateTime": "18/10/2022 8:0", "numGaps": "0", "numExtraProfs": "0", "papers": [{"id" :11,
"hour" : "8:40",
"slot" :2,
"trabalhoId" :"11",
"aluno" :"BERNARDO AMERICO BATISTA TAVARES ",
"orientador" :"JOAO MARTINHO BRAGA DE MENDONCA ",
"avaliador1" :"FABIO MURA ",
"avaliador2" :"LOUISE BRASILEIRO QUIRINO BRITO "},
{"id" :12,
"hour" : "8:00",
"slot" :0,
"trabalhoId" :"12",
"aluno" :"ANDREY REGY PEREIRA MORAES ",
"orientador" :"FABIO MURA ",
"avaliador1" :"JOAO MARTINHO BRAGA DE MENDONCA ",
"avaliador2" :"LOUISE BRASILEIRO QUIRINO BRITO "},
{"id" :41,
"hour" : "8:20",
"slot" :1,
"trabalhoId" :"41",
"aluno" :"MARCELA BANDEIRA FERRAZ ",
"orientador" :"LOUISE BRASILEIRO QUIRINO BRITO ",
"avaliador1" :"JOAO MARTINHO BRAGA DE MENDONCA ",
"avaliador2" :"FABIO MURA "}]},
{"id": 4, "numPapers": 3, "presTime": 20, "dateTime": "18/10/2022 8:0", "numGaps": "0", "numExtraProfs": "1", "papers": [{"id" :3,
"hour" : "8:40",
"slot" :2,
"trabalhoId" :"3",
"aluno" :"ALERANDRO SOARES DA SILVA ",
"orientador" :"FREDERICO GUSTAVO RODRIGUES FRANCA ",
"avaliador1" :"NADJACLEIA VILAR ALMEIDA ",
"avaliador2" :"ELAINE FOLLY RAMOS "},
{"id" :4,
"hour" : "8:00",
"slot" :0,
"trabalhoId" :"4",
"aluno" :"DAVID LUIZ DO NASCIMENTO SANTOS ",
"orientador" :"NADJACLEIA VILAR ALMEIDA ",
"avaliador1" :"FREDERICO GUSTAVO RODRIGUES FRANCA ",
"avaliador2" :"ELAINE FOLLY RAMOS "},
{"id" :5,
"hour" : "8:20",
"slot" :1,
"trabalhoId" :"5",
"aluno" :"JESSYCA JANYNY DE OLIVEIRA SARAIVA MAIA ",
"orientador" :"NADJACLEIA VILAR ALMEIDA ",
"avaliador1" :"FREDERICO GUSTAVO RODRIGUES FRANCA ",
"avaliador2" :"ELAINE FOLLY RAMOS "}]},
{"id": 5, "numPapers": 3, "presTime": 20, "dateTime": "18/10/2022 8:0", "numGaps": "0", "numExtraProfs": "0", "papers": [{"id" :6,
"hour" : "8:40",
"slot" :2,
"trabalhoId" :"6",
"aluno" :"JONNAS LIMA COSTA ",
"orientador" :"CARLA SORAIA SOARES DE CASTRO ",
"avaliador1" :"RAQUEL VIGOLVINO LOPES ",
"avaliador2" :"JULIO AFONSO SA DE PINHO NETO "},
{"id" :7,
"hour" : "8:00",
"slot" :0,
"trabalhoId" :"7",
"aluno" :"DAYANNY SOARES DA SILVA ",
"orientador" :"RAQUEL VIGOLVINO LOPES ",
"avaliador1" :"CARLA SORAIA SOARES DE CASTRO ",
"avaliador2" :"JULIO AFONSO SA DE PINHO NETO "},
{"id" :32,
"hour" : "8:20",
"slot" :1,
"trabalhoId" :"32",
"aluno" :"THAISA SANDRIELI LIMA DA SILVA QUIRINO ",
"orientador" :"JULIO AFONSO SA DE PINHO NETO ",
"avaliador1" :"CARLA SORAIA SOARES DE CASTRO ",
"avaliador2" :"RAQUEL VIGOLVINO LOPES "}]},
{"id": 6, "numPapers": 9, "presTime": 20, "dateTime": "18/10/2022 14:0", "numGaps": "0", "numExtraProfs": "0", "papers": [{"id" :23,
"hour" : "14:00",
"slot" :0,
"trabalhoId" :"23",
"aluno" :"GABRYELLY MACIONILA COSTA DE ARAÚJO ",
"orientador" :"ANA MARIA MAGALHAES CORREIA ",
"avaliador1" :"ROSIELE FERNANDES PINTO ",
"avaliador2" :"MARCIA MARIA DE MEDEIROS TRAVASSOS SAEGER "},
{"id" :24,
"hour" : "15:20",
"slot" :4,
"trabalhoId" :"24",
"aluno" :"ALAN CARLOS FRANCO COSTA ",
"orientador" :"THALES BATISTA DE LIMA ",
"avaliador1" :"ANA MARIA MAGALHAES CORREIA ",
"avaliador2" :"ROSIELE FERNANDES PINTO "},
{"id" :25,
"hour" : "14:40",
"slot" :2,
"trabalhoId" :"25",
"aluno" :"ELIDA PESSOA VICENTE ",
"orientador" :"ROSIELE FERNANDES PINTO ",
"avaliador1" :"ANA MARIA MAGALHAES CORREIA ",
"avaliador2" :"MARCIA MARIA DE MEDEIROS TRAVASSOS SAEGER "},
{"id" :26,
"hour" : "15:40",
"slot" :5,
"trabalhoId" :"26",
"aluno" :"VERIDIANA SOARES DOS SANTOS ",
"orientador" :"ROSIELE FERNANDES PINTO ",
"avaliador1" :"THALES BATISTA DE LIMA ",
"avaliador2" :"JOSICARLA SOARES SANTIAGO "},
{"id" :27,
"hour" : "16:00",
"slot" :6,
"trabalhoId" :"27",
"aluno" :"ELYSSANDRA DA ROCHA GOMES ",
"orientador" :"MARIA ANGELUCE SOARES PERONICO BARBOTIN ",
"avaliador1" :"ROSIELE FERNANDES PINTO ",
"avaliador2" :"JOSICARLA SOARES SANTIAGO "},
{"id" :28,
"hour" : "16:40",
"slot" :8,
"trabalhoId" :"28",
"aluno" :"MYVIA FREITAS DA SILVA ",
"orientador" :"MARIA ANGELUCE SOARES PERONICO BARBOTIN ",
"avaliador1" :"ROSIELE FERNANDES PINTO ",
"avaliador2" :"JOSICARLA SOARES SANTIAGO "},
{"id" :29,
"hour" : "14:20",
"slot" :1,
"trabalhoId" :"29",
"aluno" :"CAIO MAURICIO GUIMARAES DE OLIVEIRA ",
"orientador" :"MARCIA MARIA DE MEDEIROS TRAVASSOS SAEGER ",
"avaliador1" :"ANA MARIA MAGALHAES CORREIA ",
"avaliador2" :"ROSIELE FERNANDES PINTO "},
{"id" :30,
"hour" : "15:00",
"slot" :3,
"trabalhoId" :"30",
"aluno" :"RAFAEL DOS SANTOS NUNES ",
"orientador" :"ANA MARIA MAGALHAES CORREIA ",
"avaliador1" :"THALES BATISTA DE LIMA ",
"avaliador2" :"ROSIELE FERNANDES PINTO "},
{"id" :31,
"hour" : "16:20",
"slot" :7,
"trabalhoId" :"31",
"aluno" :"DEBORA MARINHO ALVES ",
"orientador" :"JOSICARLA SOARES SANTIAGO ",
"avaliador1" :"ROSIELE FERNANDES PINTO ",
"avaliador2" :"MARIA ANGELUCE SOARES PERONICO BARBOTIN "}]},
{"id": 7, "numPapers": 6, "presTime": 20, "dateTime": "18/10/2022 14:0", "numGaps": "0", "numExtraProfs": "0", "papers": [{"id" :33,
"hour" : "14:00",
"slot" :0,
"trabalhoId" :"33",
"aluno" :"JONAS TERTULINO DA SILVA ",
"orientador" :"ANGELICA DE SOUZA GALDINO ACIOLY ",
"avaliador1" :"GUSTAVO DE FIGUEIREDO BRITO ",
"avaliador2" :"RENATO FONSECA LIVRAMENTO DA SILVA "},
{"id" :34,
"hour" : "14:20",
"slot" :1,
"trabalhoId" :"34",
"aluno" :"SILVANDO CARLOS CAVALCANTE JUNIOR ",
"orientador" :"GUSTAVO DE FIGUEIREDO BRITO ",
"avaliador1" :"ANGELICA DE SOUZA GALDINO ACIOLY ",
"avaliador2" :"RENATO FONSECA LIVRAMENTO DA SILVA "},
{"id" :35,
"hour" : "15:00",
"slot" :3,
"trabalhoId" :"35",
"aluno" :"LIVIA NICOLE DO NASCIMENTO FELIX ",
"orientador" :"LEANDRO LOPES PEREIRA ",
"avaliador1" :"RENATO FONSECA LIVRAMENTO DA SILVA ",
"avaliador2" :"WASHINGTON FERREIRA SILVA "},
{"id" :36,
"hour" : "14:40",
"slot" :2,
"trabalhoId" :"36",
"aluno" :"CAUAN GUARDA DE OLIVEIRA ",
"orientador" :"RENATO FONSECA LIVRAMENTO DA SILVA ",
"avaliador1" :"ANGELICA DE SOUZA GALDINO ACIOLY ",
"avaliador2" :"GUSTAVO DE FIGUEIREDO BRITO "},
{"id" :37,
"hour" : "15:20",
"slot" :4,
"trabalhoId" :"37",
"aluno" :"MAXWELL TAYLONYKARO SOUSA SANTOS ",
"orientador" :"RENATO FONSECA LIVRAMENTO DA SILVA ",
"avaliador1" :"LEANDRO LOPES PEREIRA ",
"avaliador2" :"WASHINGTON FERREIRA SILVA "},
{"id" :38,
"hour" : "15:40",
"slot" :5,
"trabalhoId" :"38",
"aluno" :"RODOLFO EMMANUEL DE BARROS SILVA ",
"orientador" :"WASHINGTON FERREIRA SILVA ",
"avaliador1" :"LEANDRO LOPES PEREIRA ",
"avaliador2" :"RENATO FONSECA LIVRAMENTO DA SILVA "}]},
{"id": 8, "numPapers": 3, "presTime": 20, "dateTime": "18/10/2022 14:0", "numGaps": "0", "numExtraProfs": "1", "papers": [{"id" :0,
"hour" : "14:00",
"slot" :0,
"trabalhoId" :"0",
"aluno" :"MARISTELA SANTOS DE LIMA ",
"orientador" :"ZELMA GLEBYA MACIEL QUIRINO ",
"avaliador1" :"MILENA DUTRA DA SILVA ",
"avaliador2" :"LINCOLN ELOI DE ARAUJO "},
{"id" :1,
"hour" : "14:20",
"slot" :1,
"trabalhoId" :"1",
"aluno" :"RAYANE DA SILVA CALIXTO ",
"orientador" :"ZELMA GLEBYA MACIEL QUIRINO ",
"avaliador1" :"MILENA DUTRA DA SILVA ",
"avaliador2" :"LINCOLN ELOI DE ARAUJO "},
{"id" :8,
"hour" : "14:40",
"slot" :2,
"trabalhoId" :"8",
"aluno" :"NATALIA JOSE DE SANTANA MORENO ",
"orientador" :"MILENA DUTRA DA SILVA ",
"avaliador1" :"ZELMA GLEBYA MACIEL QUIRINO ",
"avaliador2" :"LINCOLN ELOI DE ARAUJO "}]},
{"id": 9, "numPapers": 3, "presTime": 20, "dateTime": "18/10/2022 14:0", "numGaps": "0", "numExtraProfs": "1", "papers": [{"id" :2,
"hour" : "14:40",
"slot" :2,
"trabalhoId" :"2",
"aluno" :"MARCOS VINICIUS FERREIRA ",
"orientador" :"ELAINE FOLLY RAMOS ",
"avaliador1" :"AYLA DEBORA DANTAS DE SOUZA REBOUCAS ",
"avaliador2" :"NADJACLEIA VILAR ALMEIDA "},
{"id" :54,
"hour" : "14:00",
"slot" :0,
"trabalhoId" :"2",
"aluno" :"MARCOS VINICIUS FERREIRA ",
"orientador" :"AYLA DEBORA DANTAS DE SOUZA REBOUCAS ",
"avaliador1" :"ELAINE FOLLY RAMOS ",
"avaliador2" :"NADJACLEIA VILAR ALMEIDA "},
{"id" :55,
"hour" : "14:20",
"slot" :1,
"trabalhoId" :"54",
"aluno" :"SABRINA GONCALVES DE ALMEIDA ",
"orientador" :"AYLA DEBORA DANTAS DE SOUZA REBOUCAS ",
"avaliador1" :"ELAINE FOLLY RAMOS ",
"avaliador2" :"NADJACLEIA VILAR ALMEIDA "}]},
{"id": 10, "numPapers": 4, "presTime": 20, "dateTime": "18/10/2022 14:0", "numGaps": "0", "numExtraProfs": "0", "papers": [{"id" :43,
"hour" : "14:00",
"slot" :0,
"trabalhoId" :"43",
"aluno" :"VITORIA MARTINS DA SILVA ",
"orientador" :"JOSE VERANILDO LOPES DA COSTA JUNIOR ",
"avaliador1" :"MICHELLE BIANCA SANTOS DANTAS ",
"avaliador2" :"LUCIANE ALVES SANTOS "},
{"id" :44,
"hour" : "14:40",
"slot" :2,
"trabalhoId" :"44",
"aluno" :"EDJANE HENRIQUE DE OLIVEIRA SILVA ",
"orientador" :"MICHELLE BIANCA SANTOS DANTAS ",
"avaliador1" :"JOSE VERANILDO LOPES DA COSTA JUNIOR ",
"avaliador2" :"LUCIANE ALVES SANTOS "},
{"id" :45,
"hour" : "14:20",
"slot" :1,
"trabalhoId" :"45",
"aluno" :"ELLEN DINIZ SILVA ",
"orientador" :"LUCIANE ALVES SANTOS ",
"avaliador1" :"JOSE VERANILDO LOPES DA COSTA JUNIOR ",
"avaliador2" :"MICHELLE BIANCA SANTOS DANTAS "},
{"id" :46,
"hour" : "15:00",
"slot" :3,
"trabalhoId" :"46",
"aluno" :"MARIA JOSE XAVIER DA SILVA ",
"orientador" :"LUCIANE ALVES SANTOS ",
"avaliador1" :"JOSE VERANILDO LOPES DA COSTA JUNIOR ",
"avaliador2" :"MICHELLE BIANCA SANTOS DANTAS "}]},
{"id": 11, "numPapers": 10, "presTime": 20, "dateTime": "18/10/2022 14:0", "numGaps": "0", "numExtraProfs": "0", "papers": [{"id" :13,
"hour" : "14:00",
"slot" :0,
"trabalhoId" :"13",
"aluno" :"ALEXANDRO DA SILVA NUNES ",
"orientador" :"OSMAR HELIO ALVES ARAUJO ",
"avaliador1" :"ALINE CLEIDE BATISTA ",
"avaliador2" :"FRANCISCA TEREZINHA OLIVEIRA ALVES "},
{"id" :14,
"hour" : "14:20",
"slot" :1,
"trabalhoId" :"14",
"aluno" :"LUIZ MIGUEL AZEVEDO DA COSTA ",
"orientador" :"OSMAR HELIO ALVES ARAUJO ",
"avaliador1" :"ALINE CLEIDE BATISTA ",
"avaliador2" :"FRANCISCA TEREZINHA OLIVEIRA ALVES "},
{"id" :15,
"hour" : "15:00",
"slot" :3,
"trabalhoId" :"15",
"aluno" :"CAROLINE PEREIRA SILVA ",
"orientador" :"ALINE CLEIDE BATISTA ",
"avaliador1" :"FRANCYMARA ANTONINO NUNES DE ASSIS ",
"avaliador2" :"JOSE JASSUIPE DA SILVA MORAIS "},
{"id" :16,
"hour" : "15:20",
"slot" :4,
"trabalhoId" :"16",
"aluno" :"ESTEFANI MAXIMO DE AQUINO ",
"orientador" :"ALINE CLEIDE BATISTA ",
"avaliador1" :"FRANCYMARA ANTONINO NUNES DE ASSIS ",
"avaliador2" :"JOSE JASSUIPE DA SILVA MORAIS "},
{"id" :17,
"hour" : "14:40",
"slot" :2,
"trabalhoId" :"17",
"aluno" :"ROBERTA SILVA MAIA DE SOUZA ",
"orientador" :"FRANCISCA TEREZINHA OLIVEIRA ALVES ",
"avaliador1" :"OSMAR HELIO ALVES ARAUJO ",
"avaliador2" :"ALINE CLEIDE BATISTA "},
{"id" :18,
"hour" : "16:40",
"slot" :8,
"trabalhoId" :"18",
"aluno" :"MARIA LAYSA CONRADO DOS SANTOS ",
"orientador" :"FRANCYMARA ANTONINO NUNES DE ASSIS ",
"avaliador1" :"JOSE JASSUIPE DA SILVA MORAIS ",
"avaliador2" :"IVONALDO NERES LEITE "},
{"id" :19,
"hour" : "16:20",
"slot" :7,
"trabalhoId" :"19",
"aluno" :"IRIS BARBOSA MONTEIRO ",
"orientador" :"JOSE JASSUIPE DA SILVA MORAIS ",
"avaliador1" :"FRANCYMARA ANTONINO NUNES DE ASSIS ",
"avaliador2" :"IVONALDO NERES LEITE "},
{"id" :20,
"hour" : "17:00",
"slot" :9,
"trabalhoId" :"20",
"aluno" :"KARYNE MARIA LOPES DA SILVA OLIVEIRA ",
"orientador" :"JOSE JASSUIPE DA SILVA MORAIS ",
"avaliador1" :"FRANCYMARA ANTONINO NUNES DE ASSIS ",
"avaliador2" :"IVONALDO NERES LEITE "},
{"id" :21,
"hour" : "15:40",
"slot" :5,
"trabalhoId" :"21",
"aluno" :"JORDANIA NAIARA DOS SANTOS LIMA ",
"orientador" :"IVONALDO NERES LEITE ",
"avaliador1" :"FRANCYMARA ANTONINO NUNES DE ASSIS ",
"avaliador2" :"JOSE JASSUIPE DA SILVA MORAIS "},
{"id" :22,
"hour" : "16:00",
"slot" :6,
"trabalhoId" :"22",
"aluno" :"SUENIA TAVARES DA SILVA ",
"orientador" :"IVONALDO NERES LEITE ",
"avaliador1" :"FRANCYMARA ANTONINO NUNES DE ASSIS ",
"avaliador2" :"JOSE JASSUIPE DA SILVA MORAIS "}]}
]}
